{
"type": "FeatureCollection",
"name": "daily-needs",
"crs": { "type": "name", "properties": { "name": "urn:ogc:def:crs:OGC:1.3:CRS84" } },
"features": [
{ "type": "Feature", "properties": { "boro_cd": "410", "name": "South Ozone Park / Howard Beach", "food_10min_pct": 91.7, "proximity_mean": 81.6, "childcare_slots_per_100_u5": 27.2, "rank_food": 49, "rank_proximity": 52, "rank_childcare": 56 }, "geometry": { "type": "MultiPolygon", "coordinates": [ [ [ [ -73.857223309844741, 40.650278670038993 ], [ -73.860013228249997, 40.65397342586143 ], [ -73.860989173539124, 40.655209767105362 ], [ -73.860454631708663, 40.655067107366321 ], [ -73.859792427507358, 40.654476157377182 ], [ -73.858980029131672, 40.652675457834867 ], [ -73.857319415155132, 40.651237099008043 ], [ -73.85695870357813, 40.650587373975306 ], [ -73.857223309844741, 40.650278670038993 ] ] ], [ [ [ -73.830327253370641, 40.655132805803483 ], [ -73.830266018514919, 40.655428646784927 ], [ -73.829889198560181, 40.655522822584189 ], [ -73.829945564358383, 40.655424494353106 ], [ -73.830327253370641, 40.655132805803483 ] ] ], [ [ [ -73.801155385972294, 40.671799120844035 ], [ -73.801342867372895, 40.667773797342846 ], [ -73.80203207689965, 40.665248025332573 ], [ -73.806101631844342, 40.664828191400524 ], [ -73.807371798671653, 40.660672954147891 ], [ -73.807687825533819, 40.660448324861534 ], [ -73.811971138210041, 40.661295236811739 ], [ -73.811655742201978, 40.662607339599184 ], [ -73.811166087136627, 40.663177474102561 ], [ -73.812816163855132, 40.662724436132827 ], [ -73.814969224857151, 40.662472668737337 ], [ -73.823052105664601, 40.663553878135957 ], [ -73.825843937952683, 40.663388471568247 ], [ -73.829487160418353, 40.663824539974414 ], [ -73.832118468036086, 40.66503281894159 ], [ -73.832477682141416, 40.664968212812404 ], [ -73.828599424046971, 40.657196973016198 ], [ -73.82689623390857, 40.650349708987982 ], [ -73.829271963308912, 40.650046776049614 ], [ -73.82959697362601, 40.64982765808606 ], [ -73.830010398182836, 40.650328375160321 ], [ -73.830007674492705, 40.650903475057646 ], [ -73.830994418678927, 40.651769864547049 ], [ -73.831287744717073, 40.653478837926812 ], [ -73.831613147936949, 40.653748953236395 ], [ -73.829014175579744, 40.656107884452631 ], [ -73.829666776521449, 40.655599040016511 ], [ -73.830443280719223, 40.655519472444666 ], [ -73.830602459747737, 40.654806889777717 ], [ -73.831708144115467, 40.653931174297078 ], [ -73.832054451305424, 40.654046418067786 ], [ -73.832000528707468, 40.654440818965284 ], [ -73.832216985185823, 40.654460386293174 ], [ -73.831493301030093, 40.654979820539921 ], [ -73.831161008097538, 40.655919233234755 ], [ -73.830033014565558, 40.656567168336295 ], [ -73.829376034105891, 40.65650633571866 ], [ -73.828967787402959, 40.657205247920253 ], [ -73.829179197345795, 40.657799778544472 ], [ -73.830130287405169, 40.658402643218764 ], [ -73.829707068389183, 40.658502513864725 ], [ -73.829599869031583, 40.658656806412935 ], [ -73.830149501047586, 40.659808684957497 ], [ -73.829695200833967, 40.658655928691672 ], [ -73.830244270393919, 40.658349969348322 ], [ -73.82922393902868, 40.657706512384102 ], [ -73.829094348252028, 40.657334218663458 ], [ -73.829502651198467, 40.656647431983473 ], [ -73.830091725696803, 40.656736357448828 ], [ -73.831271125642147, 40.656003271624748 ], [ -73.831852384792825, 40.654885038267146 ], [ -73.832181860678972, 40.654894752457551 ], [ -73.832903095245968, 40.657483771623248 ], [ -73.831943945782569, 40.656171427253618 ], [ -73.832600363706064, 40.657826591627476 ], [ -73.831126644218344, 40.658318786441214 ], [ -73.833384394725442, 40.658051859208186 ], [ -73.831088852737111, 40.650053932813549 ], [ -73.835972234964927, 40.649348763416207 ], [ -73.838453067225075, 40.659361619701066 ], [ -73.83880690398891, 40.660941834977756 ], [ -73.838627242939054, 40.661081642785177 ], [ -73.838837057090643, 40.661121523880929 ], [ -73.838929251737909, 40.661270033852603 ], [ -73.838075556397442, 40.661587959823187 ], [ -73.838140814472823, 40.662069507593529 ], [ -73.838723543631147, 40.662407160984252 ], [ -73.839695965155514, 40.662238304105301 ], [ -73.839623957919926, 40.661996129195401 ], [ -73.839979499756197, 40.661904273862419 ], [ -73.836813345751565, 40.649249415002174 ], [ -73.837387788456255, 40.649118149970299 ], [ -73.836330747212955, 40.645321149279731 ], [ -73.838608961029095, 40.645347908312878 ], [ -73.840391854248622, 40.644887915032896 ], [ -73.845794840602267, 40.644101509257517 ], [ -73.849506990840624, 40.644133766181547 ], [ -73.852076284740562, 40.646176148091151 ], [ -73.852431996324796, 40.647159295230871 ], [ -73.851725873981323, 40.648912154569977 ], [ -73.851372021650775, 40.649179903598906 ], [ -73.850905524614106, 40.649168196000559 ], [ -73.850586656335423, 40.650337980995154 ], [ -73.850377083496539, 40.650274499875806 ], [ -73.850422610127211, 40.65047699482561 ], [ -73.849257268408238, 40.651031532551059 ], [ -73.849397664063218, 40.65143487895056 ], [ -73.849922533162911, 40.651657963603867 ], [ -73.85078499726184, 40.65153285190447 ], [ -73.852509496115843, 40.650551403671258 ], [ -73.854033294880495, 40.650660311571727 ], [ -73.855250811244446, 40.651270374878351 ], [ -73.855919329425674, 40.651309261690677 ], [ -73.856712889770009, 40.652801664517497 ], [ -73.857053883458008, 40.652966700015291 ], [ -73.857723317739683, 40.65272622907186 ], [ -73.85828132383817, 40.652994872152014 ], [ -73.859327359009427, 40.654940570395205 ], [ -73.861363819503907, 40.656414754165453 ], [ -73.861360383612606, 40.656594205207256 ], [ -73.860616693296876, 40.65646465720711 ], [ -73.860208395009536, 40.657010374949252 ], [ -73.8600677781954, 40.656779861049728 ], [ -73.859833635214883, 40.65697706322063 ], [ -73.860074997982252, 40.657048611080185 ], [ -73.859810276096781, 40.657322411493887 ], [ -73.859938972795405, 40.657720177150551 ], [ -73.859572048132534, 40.658035350054391 ], [ -73.859635586693742, 40.658457772056636 ], [ -73.860258478900846, 40.658629711739231 ], [ -73.860232363275543, 40.658897130560163 ], [ -73.860512086000256, 40.658497671946428 ], [ -73.860980775321977, 40.658381303388552 ], [ -73.860490004862442, 40.658994143594285 ], [ -73.860612073112208, 40.659326534605327 ], [ -73.861249433970372, 40.658720910074251 ], [ -73.861272803080439, 40.658265167684497 ], [ -73.860958920971598, 40.658060942996975 ], [ -73.859768395889063, 40.658281936345951 ], [ -73.860575516696173, 40.657836052160015 ], [ -73.860341647048685, 40.657247905698142 ], [ -73.860875976067149, 40.656908162045518 ], [ -73.861613711636181, 40.656996510252966 ], [ -73.861703012597175, 40.658024889566327 ], [ -73.862697782335388, 40.657618309011767 ], [ -73.863170833404041, 40.658276512949044 ], [ -73.860304945640536, 40.659634655304124 ], [ -73.8576153718558, 40.660118933153989 ], [ -73.858429507913058, 40.663453360931236 ], [ -73.855684612210354, 40.66386749287571 ], [ -73.857633231083639, 40.671656194038221 ], [ -73.860385198547277, 40.671251710989871 ], [ -73.86234580535023, 40.679164786147041 ], [ -73.853980147679863, 40.679683035466105 ], [ -73.810632983108903, 40.691947382576906 ], [ -73.807336218026904, 40.686125446990232 ], [ -73.803230276536027, 40.677681057005906 ], [ -73.801587166370211, 40.674115850157598 ], [ -73.801155385972294, 40.671799120844035 ] ] ] ] } },
{ "type": "Feature", "properties": { "boro_cd": "313", "name": "Coney Island / Brighton Beach", "food_10min_pct": 95.5, "proximity_mean": 91.5, "childcare_slots_per_100_u5": 48.5, "rank_food": 43, "rank_proximity": 40, "rank_childcare": 27 }, "geometry": { "type": "Polygon", "coordinates": [ [ [ -73.983721526152465, 40.59582107821727 ], [ -73.974192902003878, 40.590106189991232 ], [ -73.97433591765278, 40.587941518708028 ], [ -73.960516672384173, 40.589452911647776 ], [ -73.960047986674823, 40.583269872406788 ], [ -73.959109588742365, 40.582856675715604 ], [ -73.957031342462898, 40.583035332919955 ], [ -73.956457291257294, 40.582658850555369 ], [ -73.956041468004557, 40.582736254320174 ], [ -73.95591997720777, 40.582447832821941 ], [ -73.954940242384936, 40.581968905240892 ], [ -73.955071116580385, 40.581680175764404 ], [ -73.953651717053447, 40.575823980895713 ], [ -73.954285467870733, 40.575731337018738 ], [ -73.954133608034539, 40.574333267495362 ], [ -73.956208165951281, 40.574265470675336 ], [ -73.956345334545745, 40.573797578794625 ], [ -73.956567509059099, 40.574170778493148 ], [ -73.958651471390809, 40.574051523771374 ], [ -73.9589663415274, 40.573947268768649 ], [ -73.958987189725804, 40.573430655229544 ], [ -73.959096421945617, 40.573863820433445 ], [ -73.95982864911241, 40.573929309635872 ], [ -73.96720294103956, 40.573326317397637 ], [ -73.967426284745429, 40.572985108969419 ], [ -73.967531497537024, 40.573190732384816 ], [ -73.968185060985917, 40.573177868546352 ], [ -73.969451262023739, 40.57285728036338 ], [ -73.969246212155667, 40.572304075654728 ], [ -73.969755803368827, 40.572846924690538 ], [ -73.971329896263413, 40.572643810384236 ], [ -73.971183063557191, 40.571941899084372 ], [ -73.971607064523894, 40.572628223920034 ], [ -73.972934761627172, 40.572474602145483 ], [ -73.973345022298105, 40.572321214006315 ], [ -73.973249901151434, 40.571626686109191 ], [ -73.973448053256831, 40.572272106969542 ], [ -73.975285649670994, 40.572049832668704 ], [ -73.975405640942185, 40.571421040640715 ], [ -73.975679180292644, 40.571955984497507 ], [ -73.977133641452184, 40.57189708671779 ], [ -73.977663845881423, 40.57172938779928 ], [ -73.977670875238246, 40.571171020079262 ], [ -73.978075997982245, 40.571229570128864 ], [ -73.977715330724706, 40.571251914345012 ], [ -73.977807965189129, 40.571756200724806 ], [ -73.978454865111914, 40.571892204296603 ], [ -73.979846944694074, 40.571539319610324 ], [ -73.979425161582597, 40.571221023724156 ], [ -73.979771983267554, 40.571240146333629 ], [ -73.980208830970199, 40.571726205491196 ], [ -73.982040758525159, 40.571480370522657 ], [ -73.981571554234293, 40.571249988425002 ], [ -73.982026629187501, 40.57127615208929 ], [ -73.982177106910967, 40.571560578454694 ], [ -73.983080444965694, 40.571508531433558 ], [ -73.983672701532626, 40.571407057687566 ], [ -73.983404407376767, 40.570165544510964 ], [ -73.983043288837123, 40.570145860988141 ], [ -73.983391684366538, 40.570094684517066 ], [ -73.983360580392855, 40.569529993984332 ], [ -73.9834852186614, 40.570089015062948 ], [ -73.983839494892607, 40.570112467158111 ], [ -73.983488421466845, 40.570156030046689 ], [ -73.983757904486524, 40.571396227251107 ], [ -73.988037166785361, 40.570985108768866 ], [ -73.988620254814606, 40.570896051314342 ], [ -73.988577720388733, 40.570697909505114 ], [ -73.988721458488286, 40.570883692082809 ], [ -73.99026267527438, 40.570708340117427 ], [ -73.990773103239178, 40.570599422340592 ], [ -73.990792647669437, 40.570248648755708 ], [ -73.990863746848731, 40.57060201624256 ], [ -73.991193375236165, 40.570611874968399 ], [ -73.992728548970717, 40.570433788037612 ], [ -73.992980980721669, 40.570196773309348 ], [ -73.993157418867398, 40.570379789439016 ], [ -73.994937632299468, 40.570354674512579 ], [ -73.995187260857364, 40.570021877633309 ], [ -73.995293012032562, 40.570321283216586 ], [ -73.997194938258417, 40.570348649043993 ], [ -73.997369448826007, 40.57013730754305 ], [ -73.998467779001587, 40.570497396973181 ], [ -74.000778595392688, 40.570490998221402 ], [ -74.002011670539076, 40.570208758524295 ], [ -74.00208547639734, 40.5695859839851 ], [ -74.002487077377097, 40.571738388872625 ], [ -74.004799416216898, 40.572878854348431 ], [ -74.01115668729264, 40.574166761859004 ], [ -74.012015401911313, 40.574885052474421 ], [ -74.012321835206762, 40.575652682365245 ], [ -74.013023800622506, 40.577804369760024 ], [ -74.012817087120382, 40.578428736097422 ], [ -74.012135651521419, 40.579485900468306 ], [ -74.011173722974092, 40.580283978791122 ], [ -74.007453660081651, 40.581803522848084 ], [ -74.006047342358116, 40.58198365253341 ], [ -74.002943741578065, 40.581432835521198 ], [ -74.000559867638273, 40.581297429683154 ], [ -73.999641522800303, 40.581316558496255 ], [ -73.998182612196558, 40.581725363736894 ], [ -73.997764644336257, 40.581454330771187 ], [ -73.99771779495471, 40.58070677630618 ], [ -73.992154648092452, 40.579320625433041 ], [ -73.990362064665604, 40.579424580120666 ], [ -73.988990935563393, 40.578835099969019 ], [ -73.987390643884055, 40.579086983063867 ], [ -73.986695400629998, 40.579814907630229 ], [ -73.987021385777055, 40.580022764875466 ], [ -73.98588567394853, 40.581144424564954 ], [ -73.986045099162311, 40.581720685151787 ], [ -73.986945069281859, 40.581136421802235 ], [ -73.988035662126933, 40.579633780413616 ], [ -73.989955049217727, 40.580661669531572 ], [ -73.991742734170032, 40.581200162587656 ], [ -73.991825295758701, 40.581738520302906 ], [ -73.990262447143664, 40.584619148708093 ], [ -73.995396674527086, 40.582227790388423 ], [ -73.996055288205199, 40.582128903854326 ], [ -74.000179228594078, 40.583073950245186 ], [ -74.000436853580453, 40.584048969486687 ], [ -73.999339763099357, 40.584860814817382 ], [ -73.998085237760137, 40.585364721581676 ], [ -73.999705970995123, 40.585689819858736 ], [ -73.999565115703192, 40.586243920095846 ], [ -73.998145304490038, 40.586531693907332 ], [ -73.994173056383772, 40.588382857820953 ], [ -73.995660545122703, 40.587936207343994 ], [ -73.994079046217806, 40.588693441990721 ], [ -73.994215546083012, 40.588868530985543 ], [ -73.993308549669493, 40.589583898580621 ], [ -73.99153934444449, 40.590390903081484 ], [ -73.985200273048477, 40.596398126116632 ], [ -73.9850613649743, 40.59567091881955 ], [ -73.983721526152465, 40.59582107821727 ] ] ] } },
{ "type": "Feature", "properties": { "boro_cd": "105", "name": "Midtown", "food_10min_pct": 100.0, "proximity_mean": 100.0, "childcare_slots_per_100_u5": 42.8, "rank_food": 1, "rank_proximity": 1, "rank_childcare": 36 }, "geometry": { "type": "Polygon", "coordinates": [ [ [ -73.973014871761208, 40.764278879445392 ], [ -73.968186878036107, 40.762226821326081 ], [ -73.976985706622429, 40.750156959255797 ], [ -73.98022089903921, 40.751521979626844 ], [ -73.980673452491089, 40.750905101457576 ], [ -73.982956910212764, 40.747764353188551 ], [ -73.979723465031441, 40.746402875836047 ], [ -73.985232246112872, 40.738840230795148 ], [ -73.986471950447509, 40.739362821429879 ], [ -73.986649696771153, 40.739100911523046 ], [ -73.987035927210528, 40.739266378549537 ], [ -73.987301548028796, 40.738903026036539 ], [ -73.986853452693836, 40.738714751669733 ], [ -73.987606453266793, 40.737497824647861 ], [ -73.986534999358994, 40.737050010471194 ], [ -73.988779316840748, 40.733965399738672 ], [ -73.996839938604168, 40.737360889398381 ], [ -73.991418584946175, 40.744802682496349 ], [ -73.997099028543076, 40.747205102042422 ], [ -73.982110614670091, 40.767744476043831 ], [ -73.981491214928013, 40.767881198598594 ], [ -73.973014871761208, 40.764278879445392 ] ] ] } },
{ "type": "Feature", "properties": { "boro_cd": "110", "name": "Central Harlem", "food_10min_pct": 100.0, "proximity_mean": 100.0, "childcare_slots_per_100_u5": 36.3, "rank_food": 1, "rank_proximity": 1, "rank_childcare": 50 }, "geometry": { "type": "Polygon", "coordinates": [ [ [ -73.934452393973714, 40.835980960150074 ], [ -73.934915335786499, 40.835230821938985 ], [ -73.935167252946357, 40.832874992276082 ], [ -73.934423963390515, 40.827042893972312 ], [ -73.933800194730466, 40.818349758874142 ], [ -73.934873438349825, 40.816527847517804 ], [ -73.942753672281938, 40.805744012794804 ], [ -73.944355871109124, 40.806413587409523 ], [ -73.946200458350617, 40.803906522432534 ], [ -73.944599152962709, 40.803225047840435 ], [ -73.94923327082499, 40.796871999905584 ], [ -73.959646854231522, 40.801156423256643 ], [ -73.958248783298146, 40.803106486471307 ], [ -73.958256460477557, 40.805463947995207 ], [ -73.954966571724668, 40.810064554703935 ], [ -73.953575778103655, 40.809476697659839 ], [ -73.952101252153696, 40.811442853501688 ], [ -73.950350192752268, 40.813159389290284 ], [ -73.948839394871769, 40.815356826067472 ], [ -73.946078287404234, 40.821263215559853 ], [ -73.945160048958172, 40.820879043476488 ], [ -73.942923669125804, 40.823260587250637 ], [ -73.943842756808266, 40.823647801542592 ], [ -73.939718875529366, 40.829321771918515 ], [ -73.93962569930143, 40.830155837388126 ], [ -73.940141312100906, 40.830371988880906 ], [ -73.938948597889848, 40.832417336328518 ], [ -73.934798864101381, 40.836110116262368 ], [ -73.934452393973714, 40.835980960150074 ] ] ] } },
{ "type": "Feature", "properties": { "boro_cd": "303", "name": "Bedford-Stuyvesant", "food_10min_pct": 100.0, "proximity_mean": 98.4, "childcare_slots_per_100_u5": 47.2, "rank_food": 1, "rank_proximity": 9, "rank_childcare": 29 }, "geometry": { "type": "Polygon", "coordinates": [ [ [ -73.918046069584847, 40.687213247771098 ], [ -73.916301197954752, 40.678577112433757 ], [ -73.916464860322691, 40.676647040549277 ], [ -73.952063452586728, 40.678586330718566 ], [ -73.95829216807752, 40.679831133997581 ], [ -73.961898378242438, 40.698188332531686 ], [ -73.957019931894408, 40.698973914350006 ], [ -73.941930788822305, 40.700725234695987 ], [ -73.918046069584847, 40.687213247771098 ] ] ] } },
{ "type": "Feature", "properties": { "boro_cd": "501", "name": "St. George / Stapleton", "food_10min_pct": 76.4, "proximity_mean": 77.3, "childcare_slots_per_100_u5": 41.9, "rank_food": 55, "rank_proximity": 55, "rank_childcare": 39 }, "geometry": { "type": "MultiPolygon", "coordinates": [ [ [ [ -74.15945602438066, 40.641448332821639 ], [ -74.161112425220523, 40.641835453234812 ], [ -74.161534032428946, 40.64415628242125 ], [ -74.158097500088687, 40.643757567122897 ], [ -74.157557788559473, 40.643239865981144 ], [ -74.158587425681105, 40.642460384083662 ], [ -74.158810937454149, 40.641758635243093 ], [ -74.15945602438066, 40.641448332821639 ] ] ], [ [ [ -74.082212729149362, 40.648280162290241 ], [ -74.081422282037408, 40.648504725446998 ], [ -74.078995463332575, 40.648142554422634 ], [ -74.076506571528583, 40.646968818183538 ], [ -74.074452825636413, 40.645067488220846 ], [ -74.073958399764649, 40.645193205445715 ], [ -74.073591079192767, 40.644998928043186 ], [ -74.073856536847259, 40.645424816099819 ], [ -74.073338138569838, 40.645783116162434 ], [ -74.073690118064988, 40.645305724557595 ], [ -74.073238538107603, 40.644963863909993 ], [ -74.073025205072014, 40.645131238320317 ], [ -74.073055598817206, 40.644807917841106 ], [ -74.073425907475865, 40.645000568012811 ], [ -74.073121841835089, 40.644714799469156 ], [ -74.072798503414958, 40.644910123768952 ], [ -74.072587755538706, 40.644790863173839 ], [ -74.072698287990264, 40.644441273467528 ], [ -74.071687373767332, 40.645050328200782 ], [ -74.072309190467919, 40.64457775355492 ], [ -74.072018432132381, 40.644411932941026 ], [ -74.072291902818222, 40.644266047820622 ], [ -74.071860808708749, 40.644201761770333 ], [ -74.072000801554765, 40.643781132969764 ], [ -74.071649694085195, 40.643786885724808 ], [ -74.071416597165154, 40.643193109595934 ], [ -74.071131057209357, 40.643205263678475 ], [ -74.071502631474559, 40.64312930469567 ], [ -74.071648921989961, 40.64267993167983 ], [ -74.072184349690403, 40.642714093289278 ], [ -74.072109524446319, 40.642463216792947 ], [ -74.070374309905958, 40.642691403053334 ], [ -74.070329237153899, 40.642526128132488 ], [ -74.073238291835963, 40.642184736082555 ], [ -74.07314400585976, 40.641852973977727 ], [ -74.070246586986613, 40.642206974297054 ], [ -74.070193995592717, 40.642007503308079 ], [ -74.07308689819385, 40.6416368149698 ], [ -74.072890056096298, 40.640922672876236 ], [ -74.070018491487403, 40.641278132237666 ], [ -74.069983546538978, 40.641068942614389 ], [ -74.072850411949375, 40.640803688445217 ], [ -74.072776900111094, 40.640528963147524 ], [ -74.073077258377452, 40.640513311796489 ], [ -74.073090355787841, 40.638618999686045 ], [ -74.072379411293809, 40.63816272607427 ], [ -74.072606327975507, 40.638136308347207 ], [ -74.072572752126092, 40.637871909876104 ], [ -74.073483538017257, 40.637787357935807 ], [ -74.073373428880359, 40.636610725639599 ], [ -74.072094838075088, 40.636647277624775 ], [ -74.073358220455958, 40.636536094165336 ], [ -74.072907539676208, 40.633634367681211 ], [ -74.073328213164061, 40.632058442990513 ], [ -74.072984746123254, 40.630308978981645 ], [ -74.068021735439515, 40.628787585185663 ], [ -74.068130192479913, 40.628539046091689 ], [ -74.072911779365597, 40.629996379406677 ], [ -74.072295202826723, 40.627138427008276 ], [ -74.073526946472612, 40.62686319426868 ], [ -74.072705433772811, 40.62687414856304 ], [ -74.072255009557722, 40.624608750194156 ], [ -74.070027350615774, 40.621454063850862 ], [ -74.066493352963832, 40.618897601595371 ], [ -74.06596065271782, 40.619359015593936 ], [ -74.066409889532991, 40.618864467567271 ], [ -74.066199079548696, 40.618722481288955 ], [ -74.065445860694822, 40.619202628289479 ], [ -74.066682079829249, 40.618067495938725 ], [ -74.066415587151781, 40.617872498165745 ], [ -74.066049915359088, 40.618195410352911 ], [ -74.065698647441437, 40.617956415586775 ], [ -74.065465499527548, 40.618107070280963 ], [ -74.064961892804817, 40.617772399068002 ], [ -74.064257217515916, 40.618171687585736 ], [ -74.065099084072074, 40.617510956125656 ], [ -74.064436620050259, 40.617062414602749 ], [ -74.063908922403627, 40.617328825149229 ], [ -74.064327458580493, 40.616988503022334 ], [ -74.063761299831668, 40.616798750007455 ], [ -74.061439614572762, 40.61437802069976 ], [ -74.060336807919697, 40.611901879717266 ], [ -74.059854443285815, 40.61210295810573 ], [ -74.060197727955568, 40.612786375429557 ], [ -74.059999197775412, 40.612783899115911 ], [ -74.059769307381828, 40.612056647139525 ], [ -74.060272248099452, 40.611819639939391 ], [ -74.059430762503041, 40.611654374671311 ], [ -74.058901334215236, 40.611002286486482 ], [ -74.059085843086606, 40.610633676752101 ], [ -74.057163838789805, 40.608742783103871 ], [ -74.056771817030693, 40.60789953958529 ], [ -74.065170912507782, 40.604213508846485 ], [ -74.064048024434257, 40.602449302495678 ], [ -74.063505656601421, 40.602150054328064 ], [ -74.073999653081003, 40.605725567958338 ], [ -74.076567347353318, 40.606121664158287 ], [ -74.082809498634518, 40.606410979069935 ], [ -74.085427563142829, 40.607022390529238 ], [ -74.093056856199311, 40.610119935737508 ], [ -74.095558297685201, 40.610624778037113 ], [ -74.108901462239757, 40.610251584996341 ], [ -74.113597618283805, 40.611154448642822 ], [ -74.115474181367674, 40.611230180330232 ], [ -74.117427813668755, 40.610932735064559 ], [ -74.123506391973152, 40.609233602197314 ], [ -74.128748975064482, 40.608391741031916 ], [ -74.14287916735698, 40.607585438774542 ], [ -74.146281774310992, 40.607886273730955 ], [ -74.148396149821664, 40.608555443501565 ], [ -74.150186665170978, 40.609497811154583 ], [ -74.159105215382183, 40.616321565153449 ], [ -74.162347763294093, 40.618342156552096 ], [ -74.168080863396455, 40.620936256187221 ], [ -74.172362610238764, 40.621635798865171 ], [ -74.17459706258596, 40.622364011991863 ], [ -74.179119348519151, 40.626088238819243 ], [ -74.181902357135911, 40.627755807206398 ], [ -74.190334334268542, 40.631750310332166 ], [ -74.196141231020576, 40.634792758993704 ], [ -74.195307043564085, 40.635233895517324 ], [ -74.195200969000993, 40.635707944646462 ], [ -74.194494807744576, 40.636449521948094 ], [ -74.194518510916296, 40.637034291947977 ], [ -74.194786896824709, 40.637131511664393 ], [ -74.19462310145191, 40.637391183563871 ], [ -74.19358317694855, 40.637469116884837 ], [ -74.193719646220941, 40.637566814732885 ], [ -74.186524968976002, 40.643388662171638 ], [ -74.186232098096625, 40.643187396855467 ], [ -74.185908966678554, 40.643631439501938 ], [ -74.185114316148841, 40.643806238290203 ], [ -74.185247935972825, 40.643943526193482 ], [ -74.184835945808473, 40.644128266338917 ], [ -74.184113190644354, 40.643530083625961 ], [ -74.184370467738034, 40.64309957689013 ], [ -74.183650670640631, 40.642239641050821 ], [ -74.184026111921526, 40.643100409072481 ], [ -74.18384575936912, 40.643266156807563 ], [ -74.183242122792763, 40.642963677600612 ], [ -74.183667458720095, 40.644610485050272 ], [ -74.18288931621835, 40.644800282946228 ], [ -74.181184342439266, 40.644586159245073 ], [ -74.180872125132225, 40.644851429678539 ], [ -74.180481739536589, 40.644278924776657 ], [ -74.180040779492302, 40.644288140673886 ], [ -74.179965072740202, 40.645266982303077 ], [ -74.179729877520359, 40.644380702112088 ], [ -74.179331172494315, 40.644400511772702 ], [ -74.17925123340666, 40.645041876970446 ], [ -74.179074665838939, 40.644646507056706 ], [ -74.179035559285609, 40.643394787020881 ], [ -74.179404828020324, 40.643128966476596 ], [ -74.179587137214099, 40.641917683464236 ], [ -74.179187280674284, 40.642987539494086 ], [ -74.178256621460292, 40.642129227868359 ], [ -74.178341270119617, 40.642589475995962 ], [ -74.177812376087743, 40.642599844142275 ], [ -74.177686362998429, 40.64294859651973 ], [ -74.17721118570951, 40.643122778603285 ], [ -74.176704891511747, 40.64241691128418 ], [ -74.176357866175337, 40.642327220563061 ], [ -74.176687237912247, 40.642552138621362 ], [ -74.17666795538247, 40.643386844771818 ], [ -74.175602509544291, 40.6433112986726 ], [ -74.175684707425773, 40.644710284895297 ], [ -74.175466911571988, 40.64464652110248 ], [ -74.175296915450573, 40.645075076819104 ], [ -74.174365729436076, 40.645136258645614 ], [ -74.172941238916536, 40.644204522856036 ], [ -74.173001545856522, 40.64358540507979 ], [ -74.172361653865806, 40.643256267552033 ], [ -74.172721453051892, 40.64294849899678 ], [ -74.171963305659943, 40.64285813269349 ], [ -74.171508110997294, 40.643134442091011 ], [ -74.171335872818076, 40.642855765052168 ], [ -74.17186042582577, 40.64252292851905 ], [ -74.171478789894508, 40.641702509993763 ], [ -74.171587219237352, 40.641029593394656 ], [ -74.172023158523501, 40.640989215160481 ], [ -74.172938961754014, 40.640579552697595 ], [ -74.172979905820711, 40.640486067195859 ], [ -74.171569946854234, 40.641011532092932 ], [ -74.171373823505107, 40.642085015268243 ], [ -74.171050172398921, 40.642593819130148 ], [ -74.171192609512076, 40.641739626514145 ], [ -74.17028635441109, 40.64177530825603 ], [ -74.170078786510459, 40.642086160575644 ], [ -74.169152955691374, 40.641872859874539 ], [ -74.169064316288654, 40.642130016798752 ], [ -74.166533757928363, 40.641422637883828 ], [ -74.16609989896034, 40.642406587001382 ], [ -74.16631887292462, 40.64143667500511 ], [ -74.16580110755902, 40.641224511449678 ], [ -74.165443100823964, 40.642280546708733 ], [ -74.164941390413063, 40.642209000392043 ], [ -74.165190417582352, 40.640642305779558 ], [ -74.164734265368068, 40.640391467025019 ], [ -74.164414596492392, 40.641396785228821 ], [ -74.164596565975799, 40.640315745545159 ], [ -74.164168868136315, 40.639994110230496 ], [ -74.164001790014183, 40.641065860006968 ], [ -74.164047315166428, 40.639946658799708 ], [ -74.163849765862906, 40.639891509321046 ], [ -74.163454456819991, 40.639856560398421 ], [ -74.163245779326274, 40.64095741968837 ], [ -74.162805027894336, 40.64103818792244 ], [ -74.161675346942346, 40.640610784766956 ], [ -74.162284652520853, 40.638765652772506 ], [ -74.161818566122577, 40.63864627877782 ], [ -74.16144917826891, 40.639428337171083 ], [ -74.161660107069949, 40.638664993313448 ], [ -74.161240158149852, 40.638595011113779 ], [ -74.160904907705131, 40.639386141318809 ], [ -74.161081617589062, 40.638567768312711 ], [ -74.160348199931661, 40.638443726453659 ], [ -74.15986410465041, 40.639927823692965 ], [ -74.160224664531, 40.638339061337895 ], [ -74.159856977679013, 40.638729202219629 ], [ -74.159319540371584, 40.637810405243044 ], [ -74.159056223788937, 40.638039310320011 ], [ -74.15900957887429, 40.638822577909984 ], [ -74.158932991606648, 40.638264017819168 ], [ -74.157892629538807, 40.637965051231312 ], [ -74.157733525723486, 40.638879035165488 ], [ -74.157773659369099, 40.637957159746229 ], [ -74.15610276490888, 40.637939590886297 ], [ -74.156114882647387, 40.637530747164597 ], [ -74.155698620531524, 40.637517938904345 ], [ -74.155685157699125, 40.637787482407305 ], [ -74.154829324618561, 40.637723855418983 ], [ -74.154692638645258, 40.639193968114398 ], [ -74.154596701633267, 40.637343344069201 ], [ -74.152797035114034, 40.637132754852729 ], [ -74.152697004496673, 40.637641841724822 ], [ -74.152218068844775, 40.637692581717047 ], [ -74.152297861755031, 40.638274288263759 ], [ -74.152046392332664, 40.637667215315666 ], [ -74.151195450071782, 40.637730788536338 ], [ -74.151395176136504, 40.639396513057633 ], [ -74.151129650903698, 40.638500679571514 ], [ -74.150556388420839, 40.638559330667455 ], [ -74.149435764007904, 40.637402302101854 ], [ -74.149418817083401, 40.638291640547145 ], [ -74.149194181556879, 40.638668331372088 ], [ -74.148881755437699, 40.63870520797343 ], [ -74.148558150923179, 40.637437838030003 ], [ -74.148777920058848, 40.63887625112789 ], [ -74.146021731017186, 40.6390945497009 ], [ -74.145192794815415, 40.63937849765491 ], [ -74.14386163595745, 40.638887962514268 ], [ -74.143361030108352, 40.639709845181258 ], [ -74.142387951493262, 40.639641210830092 ], [ -74.142297669809651, 40.640305807093846 ], [ -74.141556229723534, 40.640366768817188 ], [ -74.141480474034495, 40.640092194295683 ], [ -74.140762536452783, 40.640589396911395 ], [ -74.137575748384819, 40.641001152371274 ], [ -74.137370017499791, 40.641295463489143 ], [ -74.134352695736311, 40.64188679740537 ], [ -74.13299172393485, 40.641416936664797 ], [ -74.132402835771245, 40.641704388984692 ], [ -74.131255811802575, 40.641596830763994 ], [ -74.131461997648174, 40.641310104075231 ], [ -74.13032503548034, 40.640778472307119 ], [ -74.130123249016762, 40.641016549894367 ], [ -74.130183700132093, 40.640723826083246 ], [ -74.129490576373669, 40.641354835196012 ], [ -74.129977402627247, 40.640729872855786 ], [ -74.129307131868515, 40.640337411211156 ], [ -74.128933012099012, 40.640413929488041 ], [ -74.128907290334524, 40.641194827586332 ], [ -74.128812018471294, 40.64022697750412 ], [ -74.1275267724088, 40.64015530471665 ], [ -74.127027360209993, 40.639319078487055 ], [ -74.127053622052642, 40.64024173763918 ], [ -74.126069828622931, 40.640254473190197 ], [ -74.126368086889812, 40.641332380487086 ], [ -74.125640268706022, 40.641418492082458 ], [ -74.126132765512324, 40.641264388028425 ], [ -74.125995424224513, 40.640231242628921 ], [ -74.124155784450096, 40.640134716640212 ], [ -74.12285630555246, 40.640820508346494 ], [ -74.12260363601618, 40.64059707390291 ], [ -74.122825654104048, 40.641293876017812 ], [ -74.121841469955697, 40.641405894774387 ], [ -74.121990838075391, 40.641554639499589 ], [ -74.121806610820684, 40.641412159075728 ], [ -74.12177911197513, 40.641592547117142 ], [ -74.121553436053802, 40.641611628324917 ], [ -74.121723753188704, 40.641428664444057 ], [ -74.121326171116507, 40.641606569229047 ], [ -74.121311948296693, 40.6414525313252 ], [ -74.121172462750636, 40.641669145070068 ], [ -74.121280747943644, 40.641432495987281 ], [ -74.12107727405116, 40.641607420086302 ], [ -74.121180395076976, 40.641383445379745 ], [ -74.12071317588692, 40.641045782191021 ], [ -74.119934800889112, 40.641197604384026 ], [ -74.119607167478677, 40.641380309354339 ], [ -74.119956998757672, 40.64220945342926 ], [ -74.119529861057558, 40.641469914322073 ], [ -74.119097204937219, 40.641473466523571 ], [ -74.119400295324553, 40.642379378532915 ], [ -74.119003482003976, 40.64146461501285 ], [ -74.118616352362736, 40.64153036502919 ], [ -74.118836246169423, 40.642541864060512 ], [ -74.118401850835497, 40.641529800543069 ], [ -74.117917286831357, 40.641825876952311 ], [ -74.117698503194191, 40.641543133286085 ], [ -74.117121006303975, 40.641667857046095 ], [ -74.117224082829608, 40.641844093080309 ], [ -74.116721876638877, 40.642031756096756 ], [ -74.117224700825432, 40.643027359962787 ], [ -74.11666607646228, 40.642106766334109 ], [ -74.116300000827451, 40.642202665102438 ], [ -74.116670413826895, 40.643189824893057 ], [ -74.1161420863572, 40.64221645415055 ], [ -74.11535082182931, 40.642470540158385 ], [ -74.113796660860103, 40.643609515808087 ], [ -74.11395094068483, 40.644136591675434 ], [ -74.112888065109672, 40.644532444637726 ], [ -74.113857093221583, 40.644076011667366 ], [ -74.113653709668966, 40.643687555923805 ], [ -74.113330231925431, 40.643723497083919 ], [ -74.111161294692565, 40.64509642318145 ], [ -74.111725299957982, 40.644659362228857 ], [ -74.109739325644838, 40.645463728184929 ], [ -74.104722215997626, 40.645563657399656 ], [ -74.104123563017453, 40.645740432200306 ], [ -74.100132191873058, 40.645064050450678 ], [ -74.098800668858075, 40.64504703431097 ], [ -74.098499816255071, 40.645370361953951 ], [ -74.096045552815809, 40.64537274744287 ], [ -74.092988281876458, 40.645972780752643 ], [ -74.085707543782121, 40.648880553370631 ], [ -74.084844032157164, 40.648891147339633 ], [ -74.082212729149362, 40.648280162290241 ] ] ] ] } },
{ "type": "Feature", "properties": { "boro_cd": "109", "name": "Manhattanville / Hamilton Heights", "food_10min_pct": 100.0, "proximity_mean": 100.0, "childcare_slots_per_100_u5": 54.8, "rank_food": 1, "rank_proximity": 1, "rank_childcare": 20 }, "geometry": { "type": "Polygon", "coordinates": [ [ [ -73.940141312100906, 40.830371988880906 ], [ -73.93962569930143, 40.830155837388126 ], [ -73.939718875529366, 40.829321771918515 ], [ -73.943842756808266, 40.823647801542592 ], [ -73.942923669125804, 40.823260587250637 ], [ -73.945160048958172, 40.820879043476488 ], [ -73.946078287404234, 40.821263215559853 ], [ -73.949214104390535, 40.814699770985058 ], [ -73.953575778103655, 40.809476697659839 ], [ -73.954966571724668, 40.810064554703935 ], [ -73.958227250392426, 40.805537497111409 ], [ -73.958248783298146, 40.803106486471307 ], [ -73.959646854231522, 40.801156423256643 ], [ -73.966701068903035, 40.804168476937299 ], [ -73.971107658523039, 40.805790139676894 ], [ -73.968557477712238, 40.809072893821195 ], [ -73.964140828882989, 40.815771657454093 ], [ -73.959998922293451, 40.820382944802475 ], [ -73.959814626745555, 40.820297874701573 ], [ -73.959130615806288, 40.821168953774922 ], [ -73.95942624349648, 40.821252381738141 ], [ -73.959146857151921, 40.821571328551151 ], [ -73.959089602400894, 40.821206247056111 ], [ -73.958818922339972, 40.821518524846923 ], [ -73.959000182898919, 40.822409728374524 ], [ -73.959229762134669, 40.822286910132497 ], [ -73.959909994443976, 40.822571119822179 ], [ -73.959603324602796, 40.822994686783495 ], [ -73.958926147183021, 40.822711755441532 ], [ -73.959049533317085, 40.822541335368406 ], [ -73.958527315242577, 40.821843756652321 ], [ -73.958200193540122, 40.822283136918294 ], [ -73.957939049091209, 40.822774353547466 ], [ -73.958143127692026, 40.8230207222716 ], [ -73.959555754938634, 40.823693797768954 ], [ -73.957258969771473, 40.827117309873273 ], [ -73.956948664204688, 40.827000553935164 ], [ -73.956317845103101, 40.827944215388762 ], [ -73.955039129783955, 40.827413431912056 ], [ -73.954541880621278, 40.827861476365712 ], [ -73.950284817407692, 40.834257285585245 ], [ -73.949574317809123, 40.834419361918719 ], [ -73.940141312100906, 40.830371988880906 ] ] ] } },
{ "type": "Feature", "properties": { "boro_cd": "310", "name": "Bay Ridge / Dyker Heights", "food_10min_pct": 96.3, "proximity_mean": 93.0, "childcare_slots_per_100_u5": 33.5, "rank_food": 42, "rank_proximity": 36, "rank_childcare": 52 }, "geometry": { "type": "Polygon", "coordinates": [ [ [ -74.032310843001014, 40.644039214480557 ], [ -74.026097891295706, 40.640270020325566 ], [ -74.025723770674631, 40.640630519108178 ], [ -74.023549391547306, 40.639320333692481 ], [ -74.02297009390854, 40.639934604478711 ], [ -74.021598107946573, 40.63908649537246 ], [ -74.021016100310874, 40.638189603184749 ], [ -74.019712937945883, 40.637231482913208 ], [ -74.009888354278218, 40.634310691040803 ], [ -73.997181752754358, 40.626710155836477 ], [ -74.01701910154739, 40.607654416971322 ], [ -74.015498550096368, 40.606841524277094 ], [ -74.019427608897502, 40.602871578348157 ], [ -74.021016629911301, 40.603555553159829 ], [ -74.030051465476845, 40.604759173812141 ], [ -74.032131595512922, 40.605901835761848 ], [ -74.03427280539475, 40.6077174787331 ], [ -74.034958308247639, 40.608659489120278 ], [ -74.036039777779152, 40.609295639002049 ], [ -74.036861235055795, 40.611127998095988 ], [ -74.039025021843457, 40.613158975948416 ], [ -74.040476120214862, 40.615625263161682 ], [ -74.041617407735686, 40.620562714043317 ], [ -74.041887663611107, 40.624418892939389 ], [ -74.041033119154179, 40.630282439689175 ], [ -74.03680662048852, 40.63898422154567 ], [ -74.038762979207561, 40.639588258980709 ], [ -74.038688046907339, 40.639738256029744 ], [ -74.036724843748829, 40.639141190206885 ], [ -74.035712761507298, 40.640640154046686 ], [ -74.036739866295676, 40.641476365458907 ], [ -74.036703078691119, 40.641685619371607 ], [ -74.034073292942608, 40.644313932964096 ], [ -74.032875072301152, 40.643583315387211 ], [ -74.032641289603021, 40.643787312941875 ], [ -74.032297113563786, 40.643581313015154 ], [ -74.03254173795645, 40.643825484352114 ], [ -74.032310843001014, 40.644039214480557 ] ] ] } },
{ "type": "Feature", "properties": { "boro_cd": "112", "name": "Washington Heights / Inwood", "food_10min_pct": 100.0, "proximity_mean": 97.4, "childcare_slots_per_100_u5": 80.7, "rank_food": 1, "rank_proximity": 17, "rank_childcare": 5 }, "geometry": { "type": "Polygon", "coordinates": [ [ [ -73.934452393973714, 40.835980960150074 ], [ -73.934798864101381, 40.836110116262368 ], [ -73.934962741106901, 40.83575993475003 ], [ -73.93848743202058, 40.832994503677412 ], [ -73.940141312100906, 40.830371988880906 ], [ -73.949415705568612, 40.834358589832966 ], [ -73.950212185600151, 40.834303119958513 ], [ -73.948560545205282, 40.839564885161877 ], [ -73.946124164217721, 40.843892496557302 ], [ -73.946171749838769, 40.845392891580794 ], [ -73.946517302006185, 40.845995183901344 ], [ -73.946350780499358, 40.846240331289458 ], [ -73.946824453426856, 40.847134261567405 ], [ -73.946635500126689, 40.848912425059879 ], [ -73.947043992783506, 40.850254745987982 ], [ -73.946515902161295, 40.850968339080687 ], [ -73.946275014967057, 40.850840977173171 ], [ -73.946117441051925, 40.851172582517322 ], [ -73.945652836264543, 40.851211097838814 ], [ -73.94466721178145, 40.851921226006915 ], [ -73.944325184824763, 40.851822576438785 ], [ -73.943479785456674, 40.852281882444686 ], [ -73.941869964266729, 40.853867739442975 ], [ -73.940293474971213, 40.856641770657781 ], [ -73.934016644266976, 40.8650355482918 ], [ -73.932663327214627, 40.86723706643717 ], [ -73.932839582050633, 40.867415276911572 ], [ -73.932597948528056, 40.867311349670572 ], [ -73.932425382153909, 40.867568247921241 ], [ -73.93226769826255, 40.868562318972558 ], [ -73.932492142986334, 40.868677519159867 ], [ -73.932650835128072, 40.868465033482053 ], [ -73.932523545600375, 40.868722078359099 ], [ -73.932254277491566, 40.86868339885568 ], [ -73.932567951698786, 40.86904439147402 ], [ -73.932189038260788, 40.869366976389266 ], [ -73.932468830699079, 40.869476099387157 ], [ -73.932353708072768, 40.869755255296766 ], [ -73.932359344660028, 40.869507363219547 ], [ -73.932133366030499, 40.869415975441193 ], [ -73.932053438477098, 40.869600750744546 ], [ -73.932206005318662, 40.870096445104608 ], [ -73.931913771368116, 40.871129493722918 ], [ -73.929179682559692, 40.875555548966553 ], [ -73.926481857184385, 40.877618203018038 ], [ -73.926192922555728, 40.877064419388461 ], [ -73.924742025212367, 40.877432390805403 ], [ -73.92329476733984, 40.877264434957411 ], [ -73.922376693157204, 40.876758934981915 ], [ -73.922675122531999, 40.874866475910785 ], [ -73.922475682299847, 40.874077001429569 ], [ -73.921875633842575, 40.873414635424929 ], [ -73.921117415779733, 40.873033455186409 ], [ -73.920292305727145, 40.873098416622753 ], [ -73.919793016724157, 40.87360651215802 ], [ -73.92080255630357, 40.874194058866863 ], [ -73.921181865089764, 40.875137840850826 ], [ -73.920806096440629, 40.875477492470303 ], [ -73.918875258972449, 40.874678996392788 ], [ -73.919274383180436, 40.8736518804022 ], [ -73.918499956621986, 40.873191715604008 ], [ -73.918597298663158, 40.873495497325266 ], [ -73.917577298847306, 40.874548678547391 ], [ -73.917871449175053, 40.873904995288825 ], [ -73.916435739321429, 40.874509698733526 ], [ -73.91522402146056, 40.874486621868279 ], [ -73.912610733085529, 40.873757316123239 ], [ -73.911515161233197, 40.873236629625467 ], [ -73.910648772777435, 40.872296248963394 ], [ -73.910426440485068, 40.871485438062223 ], [ -73.910853341975297, 40.869648607746775 ], [ -73.910955826655893, 40.869411177355445 ], [ -73.911463766127596, 40.869476601608511 ], [ -73.911030579502579, 40.869155402996149 ], [ -73.91114869895938, 40.868880215240566 ], [ -73.913918631332393, 40.864745584403785 ], [ -73.914923879278689, 40.864580378919314 ], [ -73.914411133926819, 40.864173626873175 ], [ -73.915085838543334, 40.864448143417484 ], [ -73.915899116458604, 40.864308037582674 ], [ -73.91519574800158, 40.863945224233483 ], [ -73.915386730511429, 40.863084384200874 ], [ -73.91729467741682, 40.861679418230814 ], [ -73.919502136609267, 40.858791133790646 ], [ -73.920478682731655, 40.859104092099024 ], [ -73.921270912963138, 40.860188042816894 ], [ -73.921590148482281, 40.860072800027055 ], [ -73.921866337837116, 40.859181339647392 ], [ -73.921306726743936, 40.858899312866015 ], [ -73.920914598577284, 40.858218967140424 ], [ -73.921143965890607, 40.857551224057808 ], [ -73.922376957423538, 40.856583569625037 ], [ -73.922344593741286, 40.85568233581504 ], [ -73.921698419046962, 40.856672301855149 ], [ -73.921518940590886, 40.856601170623357 ], [ -73.924440651399507, 40.852840472704585 ], [ -73.929718504775892, 40.84523177776137 ], [ -73.930894652014246, 40.842538340142085 ], [ -73.934452393973714, 40.835980960150074 ] ] ] } },
{ "type": "Feature", "properties": { "boro_cd": "208", "name": "Riverdale / Fieldston", "food_10min_pct": 82.3, "proximity_mean": 89.1, "childcare_slots_per_100_u5": 69.0, "rank_food": 53, "rank_proximity": 47, "rank_childcare": 11 }, "geometry": { "type": "Polygon", "coordinates": [ [ [ -73.896633338633151, 40.911417374846465 ], [ -73.896357860377307, 40.903200131584583 ], [ -73.897157171654328, 40.899371826677395 ], [ -73.896431707170763, 40.893655279926989 ], [ -73.899782521419539, 40.886529123508168 ], [ -73.887586126088365, 40.884255619663179 ], [ -73.887051426023376, 40.884349575846805 ], [ -73.887069627837747, 40.882476896066322 ], [ -73.888364876050034, 40.882267541862042 ], [ -73.889975375540757, 40.88023313142233 ], [ -73.891406963323305, 40.878969446246579 ], [ -73.897789622704778, 40.870856643398703 ], [ -73.899338511723897, 40.869228028104935 ], [ -73.899965756483851, 40.868017301510505 ], [ -73.902358047802338, 40.868696120953047 ], [ -73.903749758939639, 40.869595627140257 ], [ -73.904488604897111, 40.870578548547847 ], [ -73.90446901453096, 40.872415520678814 ], [ -73.905714253625078, 40.873138322101951 ], [ -73.908555795888006, 40.873775443923087 ], [ -73.909734872298628, 40.874638144067212 ], [ -73.910654392496312, 40.873975943060728 ], [ -73.911671462567796, 40.874487861554307 ], [ -73.91572006383268, 40.875709435915155 ], [ -73.917756693959191, 40.87566362786086 ], [ -73.919783812990019, 40.876421436609149 ], [ -73.922067236518856, 40.878572414803116 ], [ -73.922737882875282, 40.878905445428089 ], [ -73.923636952892238, 40.878815355932268 ], [ -73.923629739504136, 40.878963943243463 ], [ -73.924517958510364, 40.879058659562084 ], [ -73.924903274730823, 40.878888367853321 ], [ -73.923805256054976, 40.880324901636236 ], [ -73.9203928019909, 40.887648500227051 ], [ -73.91518455871676, 40.901584282862331 ], [ -73.915431729584284, 40.901812683688526 ], [ -73.915014495860447, 40.903081299106589 ], [ -73.914590392433155, 40.904119002196559 ], [ -73.914185435298819, 40.904140390968827 ], [ -73.912868578766094, 40.907535475893589 ], [ -73.913110222641222, 40.907845833944947 ], [ -73.912649321728779, 40.908070811955547 ], [ -73.911491907037444, 40.912233769312209 ], [ -73.9116547240221, 40.913417851896916 ], [ -73.910332567827282, 40.915532776502303 ], [ -73.902456639386926, 40.912958933425593 ], [ -73.896633338633151, 40.911417374846465 ] ] ] } },
{ "type": "Feature", "properties": { "boro_cd": "306", "name": "Park Slope / Carroll Gardens", "food_10min_pct": 100.0, "proximity_mean": 98.2, "childcare_slots_per_100_u5": 53.5, "rank_food": 1, "rank_proximity": 11, "rank_childcare": 23 }, "geometry": { "type": "Polygon", "coordinates": [ [ [ -74.001811219676597, 40.69223801288134 ], [ -74.001743621110407, 40.692406749705697 ], [ -74.001794319810244, 40.692184776789041 ], [ -74.000773057226169, 40.691895757326435 ], [ -74.000623035302084, 40.69204149066767 ], [ -73.992363670432482, 40.689690123777169 ], [ -73.993929296158711, 40.686452871649252 ], [ -73.989128407289883, 40.684589453073606 ], [ -73.988711560327573, 40.685224618479779 ], [ -73.986563033596227, 40.684388755639212 ], [ -73.986995200094242, 40.683765010320371 ], [ -73.984798052433433, 40.682909229030393 ], [ -73.984374107978155, 40.683542454872033 ], [ -73.982416381971333, 40.682780566098849 ], [ -73.982854360751702, 40.682148963461906 ], [ -73.980461554436673, 40.681222546757006 ], [ -73.978760224629198, 40.683765444483321 ], [ -73.976568722898676, 40.682827059043177 ], [ -73.973956016382971, 40.682269732387752 ], [ -73.974391441354811, 40.681046170246717 ], [ -73.973977575889265, 40.680983275968678 ], [ -73.974104487218241, 40.680649672444055 ], [ -73.975143167228509, 40.680871905306773 ], [ -73.971049191043321, 40.675237112802861 ], [ -73.971412332964917, 40.674600579517822 ], [ -73.971439194751852, 40.673704506970687 ], [ -73.970878944396432, 40.672713174847274 ], [ -73.970407344616845, 40.67264721942837 ], [ -73.971815946547764, 40.67062947530539 ], [ -73.979653534103292, 40.661243233731142 ], [ -73.980171611037164, 40.661154658478054 ], [ -73.996402811045229, 40.669008413751172 ], [ -73.996844904837758, 40.669031324771268 ], [ -73.998618879700572, 40.67183017256491 ], [ -74.000303378088788, 40.668716892497251 ], [ -74.001056641131797, 40.668945681717474 ], [ -74.001415271031618, 40.668359414347243 ], [ -74.002215068165384, 40.668578637441414 ], [ -74.002894838769436, 40.667348465949601 ], [ -74.003190752748409, 40.667263199815125 ], [ -74.005102273462612, 40.66797564772839 ], [ -74.005863661806799, 40.667993762585873 ], [ -74.006880409012268, 40.666024676938555 ], [ -74.004753886923282, 40.670721359447803 ], [ -74.005439265293518, 40.670921468238674 ], [ -74.007548216183835, 40.667051745733758 ], [ -74.00779653349619, 40.667159770777445 ], [ -74.007087242878072, 40.668591358033353 ], [ -74.00985411855622, 40.668523628335642 ], [ -74.011540175433268, 40.665085919756869 ], [ -74.015748728826537, 40.664568336291829 ], [ -74.016902673610815, 40.664846602841656 ], [ -74.017887191493898, 40.665850466285541 ], [ -74.018576050108763, 40.670392413870147 ], [ -74.01876336878675, 40.671075874494584 ], [ -74.019339468717774, 40.671624948422789 ], [ -74.017510370866944, 40.671034530984343 ], [ -74.016486655544966, 40.664930508953994 ], [ -74.016025517760056, 40.66486304878832 ], [ -74.015936985345505, 40.665470791721681 ], [ -74.012279678727921, 40.665732414159073 ], [ -74.010876640289752, 40.66860161576372 ], [ -74.010356836673097, 40.668642835388702 ], [ -74.010338459479357, 40.669078195448193 ], [ -74.01091024340414, 40.669190492369637 ], [ -74.010873439781875, 40.669710115558615 ], [ -74.011542880315631, 40.669784342750539 ], [ -74.011625275213561, 40.670581028276068 ], [ -74.014249269318753, 40.669728604737365 ], [ -74.011753505096905, 40.670657757075972 ], [ -74.012078317431289, 40.670933615032169 ], [ -74.012619634167791, 40.670841908940623 ], [ -74.014274072577223, 40.671379298679426 ], [ -74.015199805700703, 40.67075402766455 ], [ -74.013872737632454, 40.671880761760633 ], [ -74.014232894527822, 40.672130000513256 ], [ -74.015686254975151, 40.671038834929021 ], [ -74.012975877921889, 40.673327918721149 ], [ -74.013363782181443, 40.673591536934595 ], [ -74.015119186639623, 40.672156995969331 ], [ -74.016320999223069, 40.672908269563898 ], [ -74.014579467209487, 40.67441401707179 ], [ -74.014963921845762, 40.67467763029444 ], [ -74.018168392807951, 40.671939241103907 ], [ -74.018800947769193, 40.672250764848904 ], [ -74.017271384701274, 40.673608645805743 ], [ -74.017752470963671, 40.674047722892688 ], [ -74.018010773205361, 40.673913181052548 ], [ -74.017801872031981, 40.674095441412618 ], [ -74.018176182746657, 40.674464177539491 ], [ -74.017834475726872, 40.675258223014445 ], [ -74.018298026553339, 40.675459179181601 ], [ -74.018386927963249, 40.675096846521079 ], [ -74.018521633554471, 40.675268712587872 ], [ -74.018885117756199, 40.675087765168136 ], [ -74.018410313330804, 40.675519060985899 ], [ -74.018503921067293, 40.675837385971199 ], [ -74.018017534458565, 40.675884377557892 ], [ -74.017919687777621, 40.676514764887251 ], [ -74.019769256132349, 40.676613224917503 ], [ -74.019951978646716, 40.677103010450217 ], [ -74.019082573863258, 40.677139564047728 ], [ -74.01917743946899, 40.677826949007191 ], [ -74.018430406616062, 40.677908321362494 ], [ -74.01841103183169, 40.678407121781184 ], [ -74.019662003069371, 40.678385638959135 ], [ -74.018270261393695, 40.678554218459787 ], [ -74.01857882788785, 40.678983079472609 ], [ -74.019540115604784, 40.678968206289646 ], [ -74.019281281020255, 40.679648140595589 ], [ -74.0152008227914, 40.681979419930833 ], [ -74.015320598647591, 40.682110728780728 ], [ -74.012820003988665, 40.683622416497514 ], [ -74.012134816887908, 40.682905928025342 ], [ -74.014105496479758, 40.681712519375708 ], [ -74.01360863270277, 40.681221946728371 ], [ -74.01387398777986, 40.681009813319079 ], [ -74.013018354221003, 40.680412374014551 ], [ -74.009671085588792, 40.683268727715223 ], [ -74.010773123393761, 40.684358615541129 ], [ -74.011782722012114, 40.683759995499457 ], [ -74.012175966146444, 40.684095186131245 ], [ -74.008354465321744, 40.686400200250873 ], [ -74.008164145278826, 40.68617471716172 ], [ -74.007019886826583, 40.686526417696882 ], [ -74.005882241832268, 40.686195768391251 ], [ -74.005629863303952, 40.686784206043811 ], [ -74.007832937666791, 40.687385055162949 ], [ -74.007420121540918, 40.688206290436099 ], [ -74.005003733150744, 40.687605985401063 ], [ -74.004592705217661, 40.688215222986813 ], [ -74.00678438439806, 40.688826879958469 ], [ -74.006364612252668, 40.689669669139747 ], [ -74.003820388537093, 40.688929644699556 ], [ -74.003409215584952, 40.689613261160318 ], [ -74.005759006703443, 40.690236400016438 ], [ -74.005342096249095, 40.691091602978062 ], [ -74.001963219268376, 40.690136379460924 ], [ -74.001853045246165, 40.690387987244627 ], [ -74.0009615685494, 40.69012876835032 ], [ -74.000699058418746, 40.69061185841926 ], [ -74.004794152945522, 40.691761620374635 ], [ -74.004409412599784, 40.692528800892063 ], [ -74.001969385921043, 40.691843208820231 ], [ -74.001811219676597, 40.69223801288134 ] ] ] } },
{ "type": "Feature", "properties": { "boro_cd": "311", "name": "Bensonhurst / Bath Beach", "food_10min_pct": 100.0, "proximity_mean": 93.9, "childcare_slots_per_100_u5": 39.7, "rank_food": 1, "rank_proximity": 32, "rank_childcare": 46 }, "geometry": { "type": "Polygon", "coordinates": [ [ [ -73.972994339388961, 40.608814141802448 ], [ -73.972177428008649, 40.604194711537566 ], [ -73.9732398353256, 40.596978818056996 ], [ -73.9850613649743, 40.59567091881955 ], [ -73.985200273048477, 40.596398126116632 ], [ -73.99153934444449, 40.590390903081484 ], [ -73.993308549669493, 40.589583898580621 ], [ -73.994215546083012, 40.588868530985543 ], [ -73.997956397392883, 40.587269506365821 ], [ -73.994876776953689, 40.588771746675334 ], [ -73.995347376612173, 40.589331380440164 ], [ -74.00011449538404, 40.586951640902775 ], [ -74.000317343032677, 40.586453335023428 ], [ -74.000382071157219, 40.587133057349654 ], [ -73.99788311251038, 40.588343437922987 ], [ -73.998672933755614, 40.58919554943725 ], [ -73.999236903969589, 40.588935328269251 ], [ -73.999464468110745, 40.589233269380877 ], [ -73.998378348821106, 40.589770445088732 ], [ -73.99883618014573, 40.589625489542485 ], [ -73.998443870794929, 40.589860399177688 ], [ -73.998778005895858, 40.590314355844654 ], [ -73.998443259368685, 40.590240105494637 ], [ -73.997111685715367, 40.591277977443951 ], [ -73.997189827479261, 40.591606180953484 ], [ -73.998064382676844, 40.591209464731669 ], [ -73.997282697037861, 40.591714814868261 ], [ -73.997548510584025, 40.59191757867319 ], [ -73.999462712443645, 40.591103207127311 ], [ -73.999987350012674, 40.591172945676639 ], [ -74.000230752802125, 40.591478489775128 ], [ -73.99903131441657, 40.592312803447754 ], [ -73.999483048723746, 40.59296919989778 ], [ -73.998388310836191, 40.59353139160649 ], [ -74.00109596784155, 40.592518708999179 ], [ -74.002689940722505, 40.594953530958804 ], [ -74.003911708327109, 40.596277219457917 ], [ -74.009217239049107, 40.599844045152544 ], [ -74.012998870333746, 40.601559207546728 ], [ -74.016086485822271, 40.602334509117497 ], [ -74.018323472168518, 40.602417651130637 ], [ -74.019427608897502, 40.602871578348157 ], [ -74.015498550096368, 40.606841524277094 ], [ -74.01701910154739, 40.607654416971322 ], [ -73.997181752754358, 40.626710155836477 ], [ -73.994734856792604, 40.625614741106183 ], [ -73.974972645984579, 40.613668110171844 ], [ -73.974892957566354, 40.613186368916793 ], [ -73.973993194613755, 40.614029894242705 ], [ -73.972994339388961, 40.608814141802448 ] ] ] } },
{ "type": "Feature", "properties": { "boro_cd": "315", "name": "Sheepshead Bay / Manhattan Beach", "food_10min_pct": 94.3, "proximity_mean": 90.8, "childcare_slots_per_100_u5": 39.8, "rank_food": 47, "rank_proximity": 43, "rank_childcare": 45 }, "geometry": { "type": "Polygon", "coordinates": [ [ [ -73.918092564808362, 40.586570335004915 ], [ -73.919172042556525, 40.585955087874488 ], [ -73.919600047004877, 40.586164932971833 ], [ -73.920810916151609, 40.585984137139199 ], [ -73.920669808659596, 40.585773626519824 ], [ -73.920891458068454, 40.585903061803194 ], [ -73.920906038363867, 40.585590581533786 ], [ -73.921012182661045, 40.585753595858407 ], [ -73.921899551220207, 40.585693175673676 ], [ -73.922353373772992, 40.58602393656254 ], [ -73.924042621471116, 40.58589971834494 ], [ -73.924626653527028, 40.585633075955158 ], [ -73.925203615142479, 40.585806271155612 ], [ -73.927207741889035, 40.587722759186924 ], [ -73.92766228678137, 40.587470112715863 ], [ -73.927249376995803, 40.587749691781305 ], [ -73.927356809288938, 40.588022176276354 ], [ -73.927916257411098, 40.587548735889605 ], [ -73.92807906817859, 40.587702460523381 ], [ -73.927404522457394, 40.588206445197869 ], [ -73.927901757409899, 40.587953409280125 ], [ -73.928021852764232, 40.588068756351078 ], [ -73.927454677909935, 40.588299564074234 ], [ -73.927761436391137, 40.58866060975901 ], [ -73.92395294850094, 40.591139850525238 ], [ -73.924199633926605, 40.591364280188898 ], [ -73.924601299385643, 40.591199325003338 ], [ -73.928159051230963, 40.588825249590201 ], [ -73.928362712668061, 40.588969016092015 ], [ -73.928418858090325, 40.588934035098326 ], [ -73.928216169948584, 40.588783912904091 ], [ -73.928630614156361, 40.588572636420849 ], [ -73.928757615536753, 40.588674297005952 ], [ -73.928377459715165, 40.588981323616217 ], [ -73.928620264991991, 40.589120436296383 ], [ -73.928951029932321, 40.58890964240971 ], [ -73.928665938429035, 40.589143264066678 ], [ -73.929219640051883, 40.588813345444109 ], [ -73.928757034994192, 40.589152966925184 ], [ -73.930034274505516, 40.589425996500914 ], [ -73.93057705718256, 40.589890641203354 ], [ -73.930103259887659, 40.589606105071589 ], [ -73.930652138464353, 40.590290979492465 ], [ -73.930460136618791, 40.591001219021095 ], [ -73.930696416580517, 40.591018541400381 ], [ -73.930449601729251, 40.59107969192933 ], [ -73.930725787298258, 40.591089860265313 ], [ -73.930371977190262, 40.591211400876105 ], [ -73.930604443069583, 40.591186176221164 ], [ -73.930405416622065, 40.591730942143137 ], [ -73.930605806565879, 40.591541362508636 ], [ -73.930364436033003, 40.592480093513736 ], [ -73.930362215680617, 40.592311770609228 ], [ -73.93017616634198, 40.592406220970581 ], [ -73.93035364458575, 40.592554950294193 ], [ -73.930189706582809, 40.592454118288984 ], [ -73.930052445394054, 40.593000243520933 ], [ -73.929890669643143, 40.592870791870851 ], [ -73.929712820366021, 40.593120048248238 ], [ -73.930042384195886, 40.593060879318244 ], [ -73.929955919095732, 40.593308572326798 ], [ -73.929741473226542, 40.593143922445755 ], [ -73.929823173367964, 40.593372696101589 ], [ -73.930039223966688, 40.593348430883992 ], [ -73.929780817420578, 40.593436741471805 ], [ -73.929961165813737, 40.594005710816873 ], [ -73.930215194703152, 40.593972944184706 ], [ -73.930081594531387, 40.593595462871434 ], [ -73.930227562800411, 40.593930620897055 ], [ -73.930524886618713, 40.59388024070099 ], [ -73.9305467907066, 40.594199304588315 ], [ -73.930299344043902, 40.593938054510453 ], [ -73.930040119476942, 40.594104887330637 ], [ -73.930432461296121, 40.594402674950082 ], [ -73.930761228395639, 40.594381900520993 ], [ -73.930623056845604, 40.594204497660073 ], [ -73.930834464365361, 40.594413571304393 ], [ -73.930663035101119, 40.594463950932983 ], [ -73.930832065874512, 40.594430655669377 ], [ -73.930935161146081, 40.594459949861204 ], [ -73.931220559389089, 40.59418331726291 ], [ -73.930954634264012, 40.594465945206373 ], [ -73.931366848268098, 40.59452917209466 ], [ -73.931763873999628, 40.594284099265622 ], [ -73.931613137372153, 40.594503518414555 ], [ -73.931368063433723, 40.59454645078489 ], [ -73.930846267272827, 40.594451525297373 ], [ -73.930781313796189, 40.594498955276968 ], [ -73.932671473270133, 40.594911753816838 ], [ -73.932676539757495, 40.594236417967778 ], [ -73.931139560575659, 40.592008928747646 ], [ -73.931399979863883, 40.591804890562329 ], [ -73.931009893431593, 40.591931042481121 ], [ -73.931353009547365, 40.591791193962059 ], [ -73.931425654397458, 40.591604184147563 ], [ -73.931070404597605, 40.591728812269722 ], [ -73.9310760222574, 40.591597592768323 ], [ -73.931305416360374, 40.591360358668496 ], [ -73.9312459249482, 40.591636976996035 ], [ -73.93142252650108, 40.591588570390712 ], [ -73.931559394415672, 40.591292964573547 ], [ -73.931212948589547, 40.589531308119462 ], [ -73.930685680598131, 40.588821954226972 ], [ -73.930091382792213, 40.588988862379111 ], [ -73.93065021927525, 40.588669869770889 ], [ -73.930399675975096, 40.588465520415461 ], [ -73.929728463801865, 40.588613915829917 ], [ -73.930385452562675, 40.588441616079066 ], [ -73.929722326467328, 40.587560082903984 ], [ -73.931349178240652, 40.587328167229678 ], [ -73.93118073044306, 40.586798733713586 ], [ -73.928573939364682, 40.587061502371611 ], [ -73.928082329715892, 40.586697693937808 ], [ -73.928149693795191, 40.586178107763132 ], [ -73.927919337858484, 40.586135806046308 ], [ -73.928276724976172, 40.586106943570286 ], [ -73.92815700695617, 40.585864523066249 ], [ -73.927369557858881, 40.586006585316518 ], [ -73.927586418299001, 40.586254135332531 ], [ -73.927516219956132, 40.586398266715626 ], [ -73.927304338238812, 40.585865928420077 ], [ -73.925493543583087, 40.585019292003345 ], [ -73.926345420747197, 40.585276154753331 ], [ -73.925305275571802, 40.584641788591355 ], [ -73.92344966315008, 40.584817853965575 ], [ -73.92019563053438, 40.584634537367442 ], [ -73.917069826937279, 40.585736982111236 ], [ -73.915754047548404, 40.584423268116829 ], [ -73.918332245602642, 40.583901975136392 ], [ -73.921161624779288, 40.583709002407772 ], [ -73.929983417328515, 40.584233435272743 ], [ -73.929632480749021, 40.583398808625638 ], [ -73.930596672216041, 40.583196827782935 ], [ -73.930887705767077, 40.582940776203351 ], [ -73.930740694334773, 40.582758947695339 ], [ -73.931179512331212, 40.582715712356723 ], [ -73.931714220414165, 40.58281177884254 ], [ -73.931944312703948, 40.583108929425102 ], [ -73.931928111867563, 40.58286976893546 ], [ -73.932376957428261, 40.582918509978292 ], [ -73.932013799611013, 40.582925982247652 ], [ -73.93201839411536, 40.583111124618711 ], [ -73.932598770576462, 40.582919267412109 ], [ -73.934209714869667, 40.582979798893611 ], [ -73.935690716397673, 40.583275093189322 ], [ -73.93582439275778, 40.583021115552242 ], [ -73.935766572110879, 40.583277509849871 ], [ -73.936132335901291, 40.583314474538717 ], [ -73.936287231894042, 40.583000903558492 ], [ -73.936096686913601, 40.582948745833058 ], [ -73.936566070291477, 40.582957648786625 ], [ -73.936300312067644, 40.583002955675681 ], [ -73.936575924407833, 40.583240505590155 ], [ -73.93697427463762, 40.583230326411488 ], [ -73.936987678310373, 40.583016272673994 ], [ -73.936633074224588, 40.582972212406865 ], [ -73.937059216774713, 40.582977982320308 ], [ -73.93705290451031, 40.583084699478221 ], [ -73.93763269743296, 40.583096268284251 ], [ -73.937026755887246, 40.583125872599503 ], [ -73.937005584082655, 40.583016019471579 ], [ -73.937014810211892, 40.583233272364133 ], [ -73.937124597984507, 40.583346730164415 ], [ -73.938119176950934, 40.583340478995339 ], [ -73.938094206277697, 40.583116810717165 ], [ -73.938552762365077, 40.583337984991459 ], [ -73.938627557651174, 40.583067021797653 ], [ -73.939296403847479, 40.583167268735146 ], [ -73.939301530848908, 40.583333215054651 ], [ -73.939825388505696, 40.583331446250661 ], [ -73.939828839846243, 40.583170535692375 ], [ -73.939858515768037, 40.583331334095611 ], [ -73.940577458289084, 40.58332822557368 ], [ -73.940566089477258, 40.583087368810865 ], [ -73.94010903682927, 40.583075069184467 ], [ -73.940676578022746, 40.583065805567514 ], [ -73.940588728098888, 40.583206947959212 ], [ -73.940700195147542, 40.583327624732277 ], [ -73.940916454907381, 40.583302406531516 ], [ -73.940738406046307, 40.583075612817744 ], [ -73.941025179186852, 40.58307036190638 ], [ -73.940934220853563, 40.583302306436877 ], [ -73.941156996754884, 40.58329922746826 ], [ -73.941098445654887, 40.58309477669993 ], [ -73.941201557288863, 40.583090465205181 ], [ -73.94157408083575, 40.583607555939558 ], [ -73.942551335652951, 40.583514476171032 ], [ -73.942020333527509, 40.583110423782621 ], [ -73.942701677629813, 40.583508797614144 ], [ -73.943047096460049, 40.583492129464425 ], [ -73.942563161909774, 40.58312734751663 ], [ -73.943195061580255, 40.583489662633461 ], [ -73.943544675309241, 40.58347101436128 ], [ -73.943093347814624, 40.583134545214591 ], [ -73.943691530045712, 40.583467754266145 ], [ -73.944067641671055, 40.583472009110579 ], [ -73.943765116414596, 40.583144718831782 ], [ -73.944618286662362, 40.583496626087864 ], [ -73.944320598180781, 40.583159424877813 ], [ -73.945174777816149, 40.583521378244384 ], [ -73.944845129408733, 40.5831642348437 ], [ -73.945349925034748, 40.583529052110578 ], [ -73.94573014930431, 40.583544875061527 ], [ -73.945266701246254, 40.58318251856744 ], [ -73.946286346919138, 40.583568685205528 ], [ -73.945799412588912, 40.583194640230467 ], [ -73.946434290593501, 40.583563152592617 ], [ -73.946789450687788, 40.58355046761433 ], [ -73.946316036487133, 40.583206940713438 ], [ -73.946917962761049, 40.583546033249895 ], [ -73.947268327052683, 40.58353318207206 ], [ -73.94682202947196, 40.583191191871244 ], [ -73.947468678613191, 40.583528195362582 ], [ -73.953493220486806, 40.582988198261148 ], [ -73.953301359956768, 40.582002749633673 ], [ -73.949696724993998, 40.582319401066847 ], [ -73.942740625925154, 40.580995589559443 ], [ -73.932580065680369, 40.581264741203618 ], [ -73.931062883357043, 40.576163100220924 ], [ -73.931502567440589, 40.575660505126962 ], [ -73.934860928304303, 40.575527796668332 ], [ -73.934893564552397, 40.575221645997829 ], [ -73.93507861830436, 40.575509466010367 ], [ -73.93647107586591, 40.575860496356555 ], [ -73.936707525373293, 40.575418427200589 ], [ -73.936831162260461, 40.575560016843049 ], [ -73.942509078284274, 40.575373554531936 ], [ -73.94255712254062, 40.575564331273803 ], [ -73.944279114279453, 40.575800511721773 ], [ -73.944633191296063, 40.575691196747293 ], [ -73.944600540170953, 40.575235469449829 ], [ -73.944744416607719, 40.575513727940084 ], [ -73.945723520133271, 40.575559439737845 ], [ -73.946182375935336, 40.575298836196311 ], [ -73.945923902358388, 40.575115432309545 ], [ -73.9525777542962, 40.574204124010052 ], [ -73.953994234050811, 40.574266317041975 ], [ -73.954083334518174, 40.574073272183746 ], [ -73.954285467870733, 40.575731337018738 ], [ -73.953651717053447, 40.575823980895713 ], [ -73.955071116580385, 40.581680175764404 ], [ -73.954940242384936, 40.581968905240892 ], [ -73.95591997720777, 40.582447832821941 ], [ -73.956041468004557, 40.582736254320174 ], [ -73.956457291257294, 40.582658850555369 ], [ -73.957031342462898, 40.583035332919955 ], [ -73.959109588742365, 40.582856675715604 ], [ -73.960047986674823, 40.583269872406788 ], [ -73.960516672384173, 40.589452911647776 ], [ -73.97433591765278, 40.587941518708028 ], [ -73.974192902003878, 40.590106189991232 ], [ -73.983721526152465, 40.59582107821727 ], [ -73.9732398353256, 40.596978818056996 ], [ -73.972177428008649, 40.604194711537566 ], [ -73.972994339388961, 40.608814141802448 ], [ -73.951667768729095, 40.611313186000338 ], [ -73.950769380759141, 40.611590244767648 ], [ -73.949119702127703, 40.613053217667968 ], [ -73.944827709962937, 40.616046209109591 ], [ -73.944055609321509, 40.611992841734427 ], [ -73.937890508110328, 40.606587861063666 ], [ -73.938434935758409, 40.605973863058956 ], [ -73.934262667258807, 40.602230711367142 ], [ -73.933551171536052, 40.602687280825066 ], [ -73.928131396709531, 40.597777928146343 ], [ -73.929568583092987, 40.596820264920019 ], [ -73.918092564808362, 40.586570335004915 ] ] ] } },
{ "type": "Feature", "properties": { "boro_cd": "212", "name": "Williamsbridge / Baychester", "food_10min_pct": 89.8, "proximity_mean": 85.9, "childcare_slots_per_100_u5": 59.6, "rank_food": 51, "rank_proximity": 49, "rank_childcare": 17 }, "geometry": { "type": "Polygon", "coordinates": [ [ [ -73.79385527209071, 40.88364331133365 ], [ -73.794165557614292, 40.882993216348815 ], [ -73.805505767435832, 40.886092949181403 ], [ -73.807641395017185, 40.885953252900698 ], [ -73.811406452264876, 40.886635587813849 ], [ -73.814427621260961, 40.886771964675376 ], [ -73.816707785914147, 40.886480950542783 ], [ -73.824086809710195, 40.884509193264911 ], [ -73.826218211135625, 40.883717643561795 ], [ -73.830071706277195, 40.881747101179151 ], [ -73.832596397543071, 40.879660124876352 ], [ -73.834046665239029, 40.877579113262783 ], [ -73.834491420156937, 40.876066407300755 ], [ -73.834468922380083, 40.873409139489269 ], [ -73.833949793444333, 40.871329433577216 ], [ -73.832685248025967, 40.868550693047567 ], [ -73.830714236957476, 40.864810601932803 ], [ -73.828122989443273, 40.861182113388736 ], [ -73.828343474315048, 40.860892026172444 ], [ -73.829508926919758, 40.861841213949411 ], [ -73.830893297277839, 40.862212849093112 ], [ -73.83578436657686, 40.865016011497204 ], [ -73.84792614069238, 40.871342233078096 ], [ -73.853636387270086, 40.873300599209117 ], [ -73.855549091608651, 40.871813167563957 ], [ -73.85745013526693, 40.869532520523698 ], [ -73.870537385861923, 40.869674031412401 ], [ -73.870561925246577, 40.871510778453931 ], [ -73.875188501627022, 40.87157575630976 ], [ -73.872552509003285, 40.875175183326085 ], [ -73.870153185972583, 40.880350827058209 ], [ -73.870835678402344, 40.880454114279409 ], [ -73.87494589755579, 40.879947668792916 ], [ -73.87470255556498, 40.881553823556828 ], [ -73.878125752277896, 40.882153684974703 ], [ -73.87760676546273, 40.884523043619929 ], [ -73.877838570010653, 40.887094521176572 ], [ -73.88035939648428, 40.892552269421792 ], [ -73.880143953760864, 40.895061590280875 ], [ -73.880042131253049, 40.895222284587405 ], [ -73.877119741057896, 40.895468663643719 ], [ -73.876437430650157, 40.896870593459816 ], [ -73.875219796737809, 40.898147764887568 ], [ -73.869961536577421, 40.900833734958056 ], [ -73.868476856697043, 40.902072434259175 ], [ -73.86789798628736, 40.902940176905496 ], [ -73.859467787670013, 40.900517209267917 ], [ -73.859076923410441, 40.901007993100848 ], [ -73.859376964589117, 40.90156521766113 ], [ -73.859027040859814, 40.90144490975284 ], [ -73.85886401316337, 40.90171169504972 ], [ -73.859463898918776, 40.90193387763302 ], [ -73.859578830145026, 40.902440842772364 ], [ -73.859264324756325, 40.902669479895906 ], [ -73.858728248334472, 40.902288970570389 ], [ -73.8581600000485, 40.902305710202953 ], [ -73.857969323283641, 40.902850907687849 ], [ -73.857559676576415, 40.902917795958807 ], [ -73.857110905462179, 40.903649532696988 ], [ -73.856991574129779, 40.904584209566792 ], [ -73.857434576182484, 40.904841543700627 ], [ -73.857177660759547, 40.905286541661646 ], [ -73.85665436889019, 40.905055000280768 ], [ -73.856010233230222, 40.905305983626249 ], [ -73.856923981800676, 40.905974170111257 ], [ -73.856810136385263, 40.906155828326185 ], [ -73.855804637959466, 40.906264364126777 ], [ -73.855137921493281, 40.906866889142066 ], [ -73.85423776686882, 40.907032868254618 ], [ -73.853741035645172, 40.907787916734883 ], [ -73.853833609995874, 40.907974349819824 ], [ -73.854710782734045, 40.908006309942344 ], [ -73.854911096736288, 40.908354869834426 ], [ -73.854589405882422, 40.908939499298505 ], [ -73.852956184876717, 40.91035304418029 ], [ -73.852584747503968, 40.910310617064312 ], [ -73.852660358258518, 40.910015193660122 ], [ -73.852274516827308, 40.909854099644249 ], [ -73.851447539028044, 40.910449671202144 ], [ -73.851071161839386, 40.91037151971954 ], [ -73.853475223998302, 40.907530293526868 ], [ -73.850920592965878, 40.906616494488922 ], [ -73.850173175520951, 40.907507865651588 ], [ -73.847080329142415, 40.90615673303315 ], [ -73.844818869187677, 40.905529949673955 ], [ -73.844892649754783, 40.904190866797322 ], [ -73.841386893046661, 40.904172741534168 ], [ -73.840778589458139, 40.901627856692606 ], [ -73.839218294663524, 40.899418416692257 ], [ -73.839648128130037, 40.897330535340842 ], [ -73.838391991897339, 40.894067008049198 ], [ -73.838042772197014, 40.894142331387016 ], [ -73.835257905700033, 40.893391644055924 ], [ -73.822523776668817, 40.889428823916852 ], [ -73.822552901110399, 40.889806404648375 ], [ -73.823374431023993, 40.889921762435925 ], [ -73.823370039960821, 40.890967295878525 ], [ -73.822853350726845, 40.891206829096397 ], [ -73.818277381002858, 40.889847130528636 ], [ -73.79385527209071, 40.88364331133365 ] ] ] } },
{ "type": "Feature", "properties": { "boro_cd": "308", "name": "Crown Heights / Prospect Heights", "food_10min_pct": 100.0, "proximity_mean": 98.2, "childcare_slots_per_100_u5": 46.3, "rank_food": 1, "rank_proximity": 11, "rank_childcare": 32 }, "geometry": { "type": "Polygon", "coordinates": [ [ [ -73.95829216807752, 40.679831133997581 ], [ -73.952063452586728, 40.678586330718566 ], [ -73.921823610157915, 40.676938358473116 ], [ -73.922752572204359, 40.667097332962278 ], [ -73.928722045946046, 40.664495569685471 ], [ -73.928349671658964, 40.668647194690926 ], [ -73.955269636547627, 40.670124904854276 ], [ -73.962571230847274, 40.67162224488748 ], [ -73.967447736653199, 40.672972289183754 ], [ -73.968663061258255, 40.67306544507818 ], [ -73.968942064172751, 40.672887491270536 ], [ -73.968717331384056, 40.673926683599355 ], [ -73.969128150885894, 40.674899998529867 ], [ -73.970089425793589, 40.675502122886137 ], [ -73.97104919104342, 40.675237112802819 ], [ -73.975143167228509, 40.680871905306773 ], [ -73.974104487218341, 40.680649672444055 ], [ -73.973977575889307, 40.680983275968678 ], [ -73.974391441354811, 40.681046170246717 ], [ -73.973956016383141, 40.682269732387752 ], [ -73.967678283781993, 40.680955455311668 ], [ -73.967531966996461, 40.681768783617578 ], [ -73.95829216807752, 40.679831133997581 ] ] ] } },
{ "type": "Feature", "properties": { "boro_cd": "111", "name": "East Harlem", "food_10min_pct": 98.1, "proximity_mean": 98.2, "childcare_slots_per_100_u5": 42.3, "rank_food": 37, "rank_proximity": 11, "rank_childcare": 38 }, "geometry": { "type": "MultiPolygon", "coordinates": [ [ [ [ -73.92133752419339, 40.800852106999784 ], [ -73.920314655212294, 40.799375459290175 ], [ -73.916629852478025, 40.797858139437267 ], [ -73.915454709664189, 40.79706346603114 ], [ -73.914438272333143, 40.79566551786403 ], [ -73.91380428276814, 40.794511846456061 ], [ -73.913783853705937, 40.793836285482257 ], [ -73.915141344261741, 40.792012482492517 ], [ -73.916865405849521, 40.790362062961769 ], [ -73.917106223129494, 40.790468616736966 ], [ -73.918562997749859, 40.789695333826067 ], [ -73.918508769590929, 40.789425089769587 ], [ -73.922190980572978, 40.785510671573967 ], [ -73.922852032801529, 40.783555693417867 ], [ -73.924480522804245, 40.782320490645994 ], [ -73.925718086785338, 40.78217655794478 ], [ -73.927324225748634, 40.781090629324439 ], [ -73.928101189873388, 40.78092032004232 ], [ -73.931053528078351, 40.782396594069318 ], [ -73.935023451345117, 40.783006382028972 ], [ -73.936070646170023, 40.784217215620423 ], [ -73.935712659976971, 40.785680489492712 ], [ -73.9324014551364, 40.789720290672904 ], [ -73.930841787392808, 40.790991430001746 ], [ -73.929724007818621, 40.79136617884577 ], [ -73.928072735757141, 40.790823390780631 ], [ -73.926104101866983, 40.790731607117536 ], [ -73.926159422497761, 40.791715388994852 ], [ -73.926567663399737, 40.791858134781954 ], [ -73.925587298796202, 40.791820830907135 ], [ -73.926737988469228, 40.791928423294543 ], [ -73.926367425734867, 40.791661388837717 ], [ -73.926488030309613, 40.79102232430099 ], [ -73.927893287309956, 40.790978846178568 ], [ -73.927135637280799, 40.791929306603301 ], [ -73.927801414723973, 40.791997479262527 ], [ -73.92826720296209, 40.792328523445775 ], [ -73.928342911374372, 40.792918058074221 ], [ -73.926936147201815, 40.795497062171464 ], [ -73.927118069448113, 40.797203861235708 ], [ -73.927706941271225, 40.797298663379749 ], [ -73.927202997042144, 40.797386747799557 ], [ -73.927475886034955, 40.79812289966511 ], [ -73.926695726295037, 40.80014697765521 ], [ -73.927247707892818, 40.800392957369148 ], [ -73.927114642306421, 40.800563756229728 ], [ -73.926665654803941, 40.800182714035998 ], [ -73.92655241808427, 40.800604825595038 ], [ -73.926869086794596, 40.800783676799462 ], [ -73.927046402979087, 40.80065174303148 ], [ -73.926886060220028, 40.800840648369082 ], [ -73.926509548673039, 40.800657031524715 ], [ -73.925775518117462, 40.801730600996471 ], [ -73.925275210201249, 40.801998522743538 ], [ -73.922633785948975, 40.801868738141224 ], [ -73.921910922295723, 40.801502666253704 ], [ -73.92133752419339, 40.800852106999784 ] ] ], [ [ [ -73.933805898818704, 40.816512493247295 ], [ -73.93433864584739, 40.809562213831533 ], [ -73.933561193114812, 40.807600677386851 ], [ -73.93030876458775, 40.803786015368289 ], [ -73.929034902403103, 40.801080903852032 ], [ -73.929036401796253, 40.796762594101438 ], [ -73.929279367411709, 40.79585313952078 ], [ -73.930196643928966, 40.794593224352411 ], [ -73.933484896446487, 40.792774171332702 ], [ -73.935831067889083, 40.791094704870396 ], [ -73.937081043823028, 40.789366395710154 ], [ -73.936140733141229, 40.788949073410699 ], [ -73.936218598699057, 40.788800498077023 ], [ -73.937149654611048, 40.78916844905963 ], [ -73.938115700897271, 40.787184762756574 ], [ -73.939826196964603, 40.785256552415667 ], [ -73.942469704447717, 40.783896460947204 ], [ -73.94376005340628, 40.78282893171761 ], [ -73.955777359123232, 40.787913924471241 ], [ -73.944599152962709, 40.803225047840435 ], [ -73.946200458350617, 40.803906522432534 ], [ -73.944355871109124, 40.806413587409523 ], [ -73.942753672281938, 40.805744012794804 ], [ -73.934873438349825, 40.816527847517804 ], [ -73.933800194730466, 40.818349758874142 ], [ -73.933805898818704, 40.816512493247295 ] ] ] ] } },
{ "type": "Feature", "properties": { "boro_cd": "201", "name": "Mott Haven / Melrose", "food_10min_pct": 100.0, "proximity_mean": 95.7, "childcare_slots_per_100_u5": 58.6, "rank_food": 1, "rank_proximity": 27, "rank_childcare": 18 }, "geometry": { "type": "Polygon", "coordinates": [ [ [ -73.901292776271063, 40.820475442111771 ], [ -73.904465514767367, 40.812281959913847 ], [ -73.903417203736481, 40.811506882855817 ], [ -73.902193727534595, 40.80478869348719 ], [ -73.902973119450195, 40.803936771871172 ], [ -73.90373284515546, 40.803773296117406 ], [ -73.904529540957341, 40.803170235652061 ], [ -73.908073973217967, 40.799572819167956 ], [ -73.907793075595421, 40.799493489538143 ], [ -73.907682228008937, 40.799388313925455 ], [ -73.908102099681727, 40.799539646359968 ], [ -73.908026332767122, 40.799237872162301 ], [ -73.908421907680051, 40.799442092445126 ], [ -73.908303036082913, 40.798959135418251 ], [ -73.910892222653445, 40.797017795036496 ], [ -73.911688311750652, 40.796623769888448 ], [ -73.913722559735788, 40.796789438758857 ], [ -73.918890926637289, 40.798915894597158 ], [ -73.920240681588751, 40.799613687870483 ], [ -73.921327307785148, 40.801284591631592 ], [ -73.922927100657844, 40.802373294643054 ], [ -73.924227068412151, 40.802545010855724 ], [ -73.926657947884891, 40.80240980391487 ], [ -73.927627886588468, 40.802695665481757 ], [ -73.927282719436022, 40.803508264417232 ], [ -73.927645003525768, 40.803988632846284 ], [ -73.928340561855933, 40.804239890281558 ], [ -73.928726074898833, 40.804103624724895 ], [ -73.932527087859782, 40.808823281775517 ], [ -73.932594346472641, 40.810053557369535 ], [ -73.932863970833296, 40.810124436886106 ], [ -73.932874120019648, 40.810414043429155 ], [ -73.932565033020708, 40.810885975189855 ], [ -73.93234245530482, 40.814685684233361 ], [ -73.932389713250288, 40.819502847336935 ], [ -73.930099932003216, 40.819274350429673 ], [ -73.925184864635597, 40.818012668875113 ], [ -73.922652612397044, 40.820494315281259 ], [ -73.91756599443012, 40.823883672432629 ], [ -73.911816157567358, 40.822035022412642 ], [ -73.90990894138001, 40.822551107615006 ], [ -73.901292776271063, 40.820475442111771 ] ] ] } },
{ "type": "Feature", "properties": { "boro_cd": "407", "name": "Flushing / Bay Terrace", "food_10min_pct": 93.8, "proximity_mean": 83.3, "childcare_slots_per_100_u5": 41.6, "rank_food": 48, "rank_proximity": 51, "rank_childcare": 41 }, "geometry": { "type": "MultiPolygon", "coordinates": [ [ [ [ -73.852547502302144, 40.760069811743101 ], [ -73.852241585413978, 40.759921607984111 ], [ -73.852261036625436, 40.759895911308263 ], [ -73.852689172913685, 40.759928315663906 ], [ -73.852547502302144, 40.760069811743101 ] ] ], [ [ [ -73.852701078381912, 40.760128117819143 ], [ -73.852774833208628, 40.759964228175299 ], [ -73.852990793997662, 40.760191788293398 ], [ -73.852974088823572, 40.760217086700649 ], [ -73.852701078381912, 40.760128117819143 ] ] ], [ [ [ -73.83970053362421, 40.765289588436914 ], [ -73.840625628830765, 40.764023419892354 ], [ -73.841986815482628, 40.763634648253003 ], [ -73.842613121973372, 40.764682989692204 ], [ -73.840526354793781, 40.765387989700258 ], [ -73.83970053362421, 40.765289588436914 ] ] ], [ [ [ -73.83970053362421, 40.765289588436914 ], [ -73.839131892634114, 40.765991105568546 ], [ -73.839697725490808, 40.766392677045594 ], [ -73.839590726098152, 40.767110824719261 ], [ -73.839939221774742, 40.767064277147547 ], [ -73.840311703152935, 40.766294797898624 ], [ -73.843947483357894, 40.765494881485957 ], [ -73.844913328460123, 40.765528388178716 ], [ -73.846200240379517, 40.766196343166634 ], [ -73.84723067976141, 40.76631315809594 ], [ -73.847805751044248, 40.766772948171884 ], [ -73.84862313819373, 40.768113973771541 ], [ -73.848236301016158, 40.768235488189752 ], [ -73.848214841774436, 40.768519550218905 ], [ -73.848745436002318, 40.768711747527519 ], [ -73.848996563681226, 40.76914831400687 ], [ -73.848466167667453, 40.769726441306496 ], [ -73.848671528688399, 40.770761572902749 ], [ -73.84994241882967, 40.771927193260112 ], [ -73.850303974504683, 40.771938199589719 ], [ -73.850338088185239, 40.771743668538946 ], [ -73.851301083744758, 40.771806360797861 ], [ -73.851270376207154, 40.77198553474382 ], [ -73.849951625173034, 40.771958298877244 ], [ -73.850040655462507, 40.772224601057729 ], [ -73.848976198671892, 40.773561667957189 ], [ -73.849215299309179, 40.774654860430594 ], [ -73.848929886818539, 40.775557080129637 ], [ -73.849192404110482, 40.775790469530541 ], [ -73.848955593254217, 40.777961673731546 ], [ -73.849747414204728, 40.778414054006277 ], [ -73.849459955776837, 40.778656568066232 ], [ -73.849933532961757, 40.77876912338121 ], [ -73.84963968933036, 40.779483275176958 ], [ -73.851476060603346, 40.778964409228195 ], [ -73.851013396194119, 40.77912195667458 ], [ -73.85107946016636, 40.779297758185947 ], [ -73.85014017315828, 40.779390986925868 ], [ -73.849817200661278, 40.779630347551816 ], [ -73.8523526788141, 40.779480672330962 ], [ -73.852320862422175, 40.779169284704011 ], [ -73.85238832778397, 40.779528902387177 ], [ -73.849821022598732, 40.779651338801543 ], [ -73.849638666940152, 40.779993231692494 ], [ -73.851690280854228, 40.779867508478368 ], [ -73.851670991622399, 40.780035228878319 ], [ -73.84949381208321, 40.780065828114438 ], [ -73.849889320817937, 40.781089134798641 ], [ -73.85093646396534, 40.781119575156204 ], [ -73.849887280637475, 40.781121511317096 ], [ -73.849836600142652, 40.781599624916453 ], [ -73.849187094184614, 40.781641811549697 ], [ -73.849547742659908, 40.781841078342907 ], [ -73.849259542488909, 40.782271979174155 ], [ -73.8502808965778, 40.782459562009798 ], [ -73.853149930691771, 40.782323936276363 ], [ -73.853319338500427, 40.782034604068663 ], [ -73.855282427865887, 40.781975384350098 ], [ -73.855450628349288, 40.783143079138569 ], [ -73.856453787414225, 40.783350925658794 ], [ -73.856649510906081, 40.782892319276613 ], [ -73.856841290146662, 40.783371363485401 ], [ -73.858083181034232, 40.783724078339347 ], [ -73.857901655472133, 40.784490280853227 ], [ -73.858525201704239, 40.785213518780282 ], [ -73.85900171407458, 40.785186754731299 ], [ -73.85905644532366, 40.785431813060598 ], [ -73.859074761518897, 40.785237381813801 ], [ -73.859107322079552, 40.785462117799803 ], [ -73.859236105837098, 40.78530658875588 ], [ -73.859463280830298, 40.785494851996006 ], [ -73.859348601199542, 40.785027249942807 ], [ -73.859508334847618, 40.785534934449934 ], [ -73.85899048937371, 40.785491598933888 ], [ -73.859124612237125, 40.785850159663475 ], [ -73.858588405085484, 40.786148140154047 ], [ -73.858682833500737, 40.786531166475498 ], [ -73.85814354176253, 40.787044322442867 ], [ -73.856811337654847, 40.786672613697341 ], [ -73.855938938621676, 40.78768873422765 ], [ -73.853451844613403, 40.787826112299065 ], [ -73.852842301338669, 40.788211371740118 ], [ -73.854383647885768, 40.788320128763218 ], [ -73.854801947332049, 40.788619154726092 ], [ -73.854471940712301, 40.790258975319809 ], [ -73.852658306930451, 40.791106420610532 ], [ -73.853778549106949, 40.792421274007303 ], [ -73.853733515938259, 40.793935374588749 ], [ -73.852766271985104, 40.794389247326933 ], [ -73.852630982562403, 40.794944854244925 ], [ -73.851590771573427, 40.794086531078051 ], [ -73.84906160835088, 40.793362610298715 ], [ -73.848848947231133, 40.793501685658498 ], [ -73.849078147957215, 40.794145384480977 ], [ -73.84870999361334, 40.795416481290047 ], [ -73.846244206560286, 40.796163095437372 ], [ -73.845578027089104, 40.796020896193355 ], [ -73.844599150444395, 40.794911549875401 ], [ -73.84354668938991, 40.79491394401068 ], [ -73.843306323867907, 40.795500933991633 ], [ -73.842848653223967, 40.79521340167193 ], [ -73.843284971941898, 40.796174392685231 ], [ -73.842808752412196, 40.795418222413296 ], [ -73.842259593683309, 40.795584968937547 ], [ -73.842866752593594, 40.796922229072109 ], [ -73.84216747341128, 40.795612940163771 ], [ -73.84142122729105, 40.795146951457831 ], [ -73.84129943545976, 40.796219669330256 ], [ -73.840599822945052, 40.796806803713302 ], [ -73.840139303644492, 40.796879187836318 ], [ -73.84041517975831, 40.797678437258902 ], [ -73.839209483241063, 40.797844314354201 ], [ -73.838429158291703, 40.798375671153529 ], [ -73.83789967503715, 40.798508970684267 ], [ -73.839190047271828, 40.79777726644781 ], [ -73.840258608091276, 40.797588858432412 ], [ -73.839970995900487, 40.796905641892423 ], [ -73.839036768124004, 40.797052476578408 ], [ -73.838400830778397, 40.79675525880964 ], [ -73.837064988802581, 40.79385109842643 ], [ -73.836590786162759, 40.792082550551982 ], [ -73.83661598944191, 40.79176276700106 ], [ -73.837320854153845, 40.791392785681239 ], [ -73.837515666740273, 40.791012129599309 ], [ -73.837503588835787, 40.790461660725683 ], [ -73.836818149570334, 40.790469906359981 ], [ -73.837481914032367, 40.790434497921936 ], [ -73.837280491347741, 40.789009872422206 ], [ -73.837134329895122, 40.789564033014472 ], [ -73.835658081610731, 40.789572670981222 ], [ -73.835331502420757, 40.789212742717048 ], [ -73.834135665212855, 40.789066136551611 ], [ -73.833813167646994, 40.788522677991025 ], [ -73.832929371714101, 40.788518114203328 ], [ -73.832118132859975, 40.788772038418983 ], [ -73.831742556131132, 40.789234402537062 ], [ -73.831437671013887, 40.789178351488665 ], [ -73.831951184637262, 40.789414772132389 ], [ -73.832149145061081, 40.790043440063577 ], [ -73.831373533827801, 40.791368944662189 ], [ -73.830659721326541, 40.791650214548746 ], [ -73.829973271048075, 40.791563508349633 ], [ -73.82895035710122, 40.792014018810505 ], [ -73.82851893012122, 40.792494236175457 ], [ -73.82923174651863, 40.793002287679315 ], [ -73.828397430766572, 40.792552297545924 ], [ -73.827914137460468, 40.79289359289097 ], [ -73.827971719772776, 40.794794370410493 ], [ -73.828809629429514, 40.796183768401278 ], [ -73.829451577545385, 40.796658960557757 ], [ -73.829940609138518, 40.796083471790809 ], [ -73.83003294431451, 40.796135491225151 ], [ -73.829470724700641, 40.796667940095325 ], [ -73.829765856790047, 40.796832562978338 ], [ -73.830288470016356, 40.796242260677253 ], [ -73.830522275640774, 40.796394970407256 ], [ -73.829956640049318, 40.796912310682593 ], [ -73.82978477023461, 40.796871338826975 ], [ -73.829059667686366, 40.796462507655335 ], [ -73.827424228228452, 40.796748674971397 ], [ -73.826970915106486, 40.797128277689772 ], [ -73.827182138080502, 40.797609525673053 ], [ -73.826738561666872, 40.797796245453149 ], [ -73.826118219099598, 40.797271434465941 ], [ -73.825064966994432, 40.797375776568373 ], [ -73.823993565375858, 40.798009628273881 ], [ -73.824233187449593, 40.798695237390739 ], [ -73.823859483846974, 40.798154135104845 ], [ -73.823433234508016, 40.798406514408022 ], [ -73.823723482191724, 40.798899241360523 ], [ -73.823253710600937, 40.798469536168582 ], [ -73.823305524975808, 40.798962866120732 ], [ -73.823002629705698, 40.798642289724157 ], [ -73.82261101579185, 40.798893189314633 ], [ -73.822792706257516, 40.799339783225918 ], [ -73.822412270047366, 40.799088913753835 ], [ -73.822677878968491, 40.799486135236627 ], [ -73.822387547366276, 40.799112891573849 ], [ -73.821617891791718, 40.79999198769297 ], [ -73.820432459666279, 40.800627864421301 ], [ -73.820499199953048, 40.801011467819194 ], [ -73.820404549272325, 40.800639500292633 ], [ -73.81980523634644, 40.800801504342175 ], [ -73.819216180064018, 40.800593910906073 ], [ -73.817208138826643, 40.799207280155599 ], [ -73.816839308400191, 40.799105940491991 ], [ -73.816571090776037, 40.799413014079235 ], [ -73.816819157223165, 40.799100403591673 ], [ -73.816459323596746, 40.799345978865375 ], [ -73.816680716682257, 40.79906236552366 ], [ -73.816113633344315, 40.798608071798448 ], [ -73.815774167798011, 40.799023162557482 ], [ -73.816079351341742, 40.79857155875262 ], [ -73.813679076331837, 40.797545787911112 ], [ -73.813699637251176, 40.797079416167882 ], [ -73.81335317201021, 40.797668956460754 ], [ -73.813502974158965, 40.796944259208573 ], [ -73.813246496953411, 40.797211821100944 ], [ -73.812874489147163, 40.797177142464314 ], [ -73.812547989745227, 40.798047064962269 ], [ -73.812241844721001, 40.798125827928004 ], [ -73.811790027693888, 40.798026331252196 ], [ -73.811821618610196, 40.797458676831518 ], [ -73.811607813800038, 40.797372406880605 ], [ -73.806363314524134, 40.796393605940438 ], [ -73.806231350123682, 40.796817477583041 ], [ -73.806330767146576, 40.796392740436211 ], [ -73.805885813798142, 40.796474889536334 ], [ -73.805395732749716, 40.796170821513549 ], [ -73.80531711659242, 40.796506077353342 ], [ -73.805339444875642, 40.796163928288955 ], [ -73.804671737687897, 40.796167469164232 ], [ -73.804627820778165, 40.796365003117899 ], [ -73.804624410104879, 40.796142687506816 ], [ -73.804348259354001, 40.796214090992954 ], [ -73.804273536148898, 40.79664126132861 ], [ -73.804165356428626, 40.796229008777011 ], [ -73.804114977497335, 40.796680821298231 ], [ -73.804136447669705, 40.796234231177955 ], [ -73.803954753979383, 40.796649389018107 ], [ -73.803874004037596, 40.796314312686931 ], [ -73.803605899964779, 40.796632312001726 ], [ -73.803483462652324, 40.796471111963911 ], [ -73.803399573573628, 40.796914939728225 ], [ -73.803463764092186, 40.796474414310474 ], [ -73.803205498474654, 40.797076623643328 ], [ -73.803260669186031, 40.796706491506093 ], [ -73.80257934475047, 40.796295443136309 ], [ -73.801011262305892, 40.796522374589777 ], [ -73.800293816451074, 40.796254973006121 ], [ -73.800204380004431, 40.796270053945584 ], [ -73.800163024058861, 40.796448863833611 ], [ -73.800128615124933, 40.796446820337991 ], [ -73.800182353881127, 40.796266913697018 ], [ -73.799680679004126, 40.796174502706599 ], [ -73.799605482925116, 40.796332220605855 ], [ -73.797898326870666, 40.795559221419438 ], [ -73.79766994008861, 40.795993822381966 ], [ -73.797582954713462, 40.795967202154984 ], [ -73.797870149145581, 40.795552012644116 ], [ -73.796735676602381, 40.795208942918222 ], [ -73.796486903343478, 40.795645779441415 ], [ -73.79670587562353, 40.795197625449461 ], [ -73.796499316071873, 40.795118025277823 ], [ -73.794597773583817, 40.794937771136084 ], [ -73.794381791010338, 40.794792690641444 ], [ -73.794316550101456, 40.793582244049638 ], [ -73.79494377022742, 40.791750694240257 ], [ -73.793751264841035, 40.789061933339134 ], [ -73.793380335049847, 40.789578392620832 ], [ -73.793620072761712, 40.788996637247465 ], [ -73.792861567297251, 40.78878964721671 ], [ -73.792352911541428, 40.788906841810153 ], [ -73.790282023531958, 40.790316963400009 ], [ -73.785681013014056, 40.790340671660175 ], [ -73.7838384251435, 40.790640954671773 ], [ -73.782530806635194, 40.791276789432118 ], [ -73.78434153059591, 40.791749353795041 ], [ -73.781747087630961, 40.791133406644732 ], [ -73.78107845970213, 40.791677321779247 ], [ -73.780775031390149, 40.792990705340742 ], [ -73.780839490141375, 40.79327744067561 ], [ -73.781588815450121, 40.793463541012727 ], [ -73.781638642577931, 40.793309707768266 ], [ -73.781660115553791, 40.793482020313206 ], [ -73.780724350698307, 40.793333618824391 ], [ -73.780791820726463, 40.794035919864569 ], [ -73.781903854210327, 40.794901203894412 ], [ -73.783320433628376, 40.794787846267724 ], [ -73.783174068568513, 40.794984558047233 ], [ -73.782003261033822, 40.79497546250375 ], [ -73.781541500327435, 40.795659737320271 ], [ -73.779803050522261, 40.796205528434406 ], [ -73.77936246804822, 40.796685392535075 ], [ -73.778270663010957, 40.796725126234193 ], [ -73.776870504897417, 40.796445204193049 ], [ -73.776178859533672, 40.796096052860364 ], [ -73.774021088369878, 40.794043921042537 ], [ -73.773632481889138, 40.792749756215329 ], [ -73.772362961621866, 40.791538203627766 ], [ -73.772132928264682, 40.79017877433462 ], [ -73.77063124537591, 40.788462905534786 ], [ -73.77082315021427, 40.787982667060177 ], [ -73.771902056810049, 40.787386595494908 ], [ -73.774268360589588, 40.78675665865493 ], [ -73.774230114868473, 40.787065041676158 ], [ -73.775019226782987, 40.787394474384342 ], [ -73.77633728818715, 40.788487225753947 ], [ -73.774264666944234, 40.786651229145491 ], [ -73.774076382977782, 40.785917284019419 ], [ -73.770609744548551, 40.782079793940888 ], [ -73.775598853662004, 40.77932336612384 ], [ -73.775839583321556, 40.778612372614809 ], [ -73.792712593828711, 40.77378752736184 ], [ -73.792167893840258, 40.770976689467865 ], [ -73.793439911464532, 40.760764127961458 ], [ -73.792375179983793, 40.75307044825972 ], [ -73.794577269899946, 40.753563011339274 ], [ -73.794815313490304, 40.748422227217091 ], [ -73.794535073550705, 40.744507638214898 ], [ -73.79543059287569, 40.743264290405804 ], [ -73.797230849720776, 40.74169550663504 ], [ -73.797256707929819, 40.740213043295398 ], [ -73.796292972916092, 40.738552306431735 ], [ -73.796724978587505, 40.738416643124751 ], [ -73.796402187063649, 40.738282358191597 ], [ -73.7982205892731, 40.738174630695291 ], [ -73.814073820424952, 40.738780902079085 ], [ -73.815935942273839, 40.739127860871484 ], [ -73.825373876673737, 40.742232240499597 ], [ -73.824811784217587, 40.739630959899777 ], [ -73.82497439992072, 40.739440426253857 ], [ -73.825560793228959, 40.739454359571376 ], [ -73.825975804620967, 40.739000395214802 ], [ -73.827012224805117, 40.738569008548836 ], [ -73.827964550844783, 40.738503203950323 ], [ -73.828091525771654, 40.737083175775609 ], [ -73.829467519970081, 40.737024482753611 ], [ -73.83053551231437, 40.73752019476342 ], [ -73.8311345171537, 40.738561906976621 ], [ -73.830905965229974, 40.73913276389279 ], [ -73.830396175611341, 40.739161206280627 ], [ -73.830343865976729, 40.739477096931736 ], [ -73.831301172540392, 40.739561062186468 ], [ -73.831097092422155, 40.742739757355245 ], [ -73.831559422678595, 40.742784741880691 ], [ -73.831639755563998, 40.742399137242316 ], [ -73.835861318721328, 40.743227984538741 ], [ -73.835675539475801, 40.744850517560295 ], [ -73.834698112339666, 40.746888558526038 ], [ -73.835140099880007, 40.747157652507788 ], [ -73.834707081562328, 40.748631931770078 ], [ -73.835080493039783, 40.750153225254287 ], [ -73.837989211982958, 40.754515042478985 ], [ -73.840679999736679, 40.75358380666929 ], [ -73.840662690916062, 40.755208812718507 ], [ -73.839746278511484, 40.755921121043968 ], [ -73.839123299737508, 40.756828062271147 ], [ -73.843243814226909, 40.755336803768081 ], [ -73.845852357443562, 40.760455397693356 ], [ -73.843716577998009, 40.761739001439295 ], [ -73.842395698824348, 40.762214199018395 ], [ -73.841330368158225, 40.76230000091757 ], [ -73.839253657660805, 40.761908062372235 ], [ -73.840020034451314, 40.763672271360889 ], [ -73.83970053362421, 40.765289588436914 ] ] ] ] } },
{ "type": "Feature", "properties": { "boro_cd": "414", "name": "Rockaway / Broad Channel", "food_10min_pct": 80.0, "proximity_mean": 79.8, "childcare_slots_per_100_u5": 26.9, "rank_food": 54, "rank_proximity": 53, "rank_childcare": 57 }, "geometry": { "type": "MultiPolygon", "coordinates": [ [ [ [ -73.909716849259596, 40.565287425461364 ], [ -73.909748234711046, 40.565269511709097 ], [ -73.910023076421297, 40.564780209538625 ], [ -73.90977170677786, 40.565305405308216 ], [ -73.909716849259596, 40.565287425461364 ] ] ], [ [ [ -73.911925519097821, 40.565813862377382 ], [ -73.911858090293933, 40.564995438003443 ], [ -73.910798176830014, 40.565110996334283 ], [ -73.910174061307615, 40.564923401989233 ], [ -73.910688077205222, 40.563827534700501 ], [ -73.910264515020387, 40.562396451369814 ], [ -73.909206880463742, 40.560812073234224 ], [ -73.908353958139074, 40.560754480589722 ], [ -73.909506301108067, 40.560761978548086 ], [ -73.909282997928798, 40.556997241629475 ], [ -73.908797305577167, 40.554829508389133 ], [ -73.919481223437373, 40.550624815347653 ], [ -73.926419094626411, 40.548155780823137 ], [ -73.931186509953051, 40.557015831327597 ], [ -73.932222041603765, 40.557676341960338 ], [ -73.926157232754207, 40.561552609723265 ], [ -73.924214612366782, 40.562001318824592 ], [ -73.921078228813826, 40.562079852885027 ], [ -73.920368102804517, 40.562218832467806 ], [ -73.920259631070977, 40.562612293058265 ], [ -73.920331201426677, 40.562226054886722 ], [ -73.917660819000858, 40.562826149686629 ], [ -73.914553369612861, 40.56435343243399 ], [ -73.911883196629361, 40.564990405741483 ], [ -73.911954643661858, 40.565811322673007 ], [ -73.912161819591049, 40.565836252071335 ], [ -73.911736153400696, 40.565872653485904 ], [ -73.911925519097821, 40.565813862377382 ] ] ], [ [ [ -73.89050235300364, 40.568183235905956 ], [ -73.888790008463133, 40.567931334053632 ], [ -73.886546840023485, 40.568470978110227 ], [ -73.885368603267807, 40.566857011853969 ], [ -73.8945535646438, 40.564290625266509 ], [ -73.895447958184064, 40.566858506537123 ], [ -73.892610134455396, 40.56858724778948 ], [ -73.89050235300364, 40.568183235905956 ] ] ], [ [ [ -73.766691397713544, 40.614254654947651 ], [ -73.765164008292032, 40.613754202686792 ], [ -73.765059616791731, 40.612035230610616 ], [ -73.762299440904286, 40.61135920604611 ], [ -73.76172413788882, 40.611847242757868 ], [ -73.760236357569767, 40.610820864950469 ], [ -73.761782429606043, 40.609151670054658 ], [ -73.761550519058929, 40.609031365800995 ], [ -73.759984469750236, 40.61087937734434 ], [ -73.759491198333862, 40.610815795911037 ], [ -73.759720990391131, 40.610151597871265 ], [ -73.759196729320792, 40.610370385734029 ], [ -73.756560534031934, 40.610139425130015 ], [ -73.755870912856054, 40.610306797650772 ], [ -73.755606847261504, 40.610077365227085 ], [ -73.755874129121423, 40.610385185055002 ], [ -73.755563690841555, 40.610118427946482 ], [ -73.754995010854756, 40.610132208015088 ], [ -73.754732195725708, 40.610405241678613 ], [ -73.7534583619682, 40.610519862908937 ], [ -73.750087710767914, 40.611640553827371 ], [ -73.74821585882674, 40.612011077589649 ], [ -73.747993073172523, 40.612310157967983 ], [ -73.747614189291852, 40.611998010885038 ], [ -73.747215678850054, 40.612178839153465 ], [ -73.746855390245457, 40.61157409955721 ], [ -73.745761501786788, 40.611991654748905 ], [ -73.743108945737717, 40.607715996503977 ], [ -73.743397315221401, 40.607472171066789 ], [ -73.740291389761438, 40.604598232281184 ], [ -73.739207398031212, 40.604040143301383 ], [ -73.738403944536302, 40.603121135784882 ], [ -73.738356177022695, 40.597600478307349 ], [ -73.738719680768995, 40.596948817326606 ], [ -73.738574616179207, 40.597244631075341 ], [ -73.738626412546125, 40.597265914624991 ], [ -73.738787975036487, 40.596975355521614 ], [ -73.739380236601789, 40.597239072946728 ], [ -73.739927472148551, 40.597054949532584 ], [ -73.740117735787948, 40.596727747475434 ], [ -73.739798757236002, 40.59642860378937 ], [ -73.740097142626709, 40.59620864729191 ], [ -73.740391538349755, 40.596182195673336 ], [ -73.740360127495293, 40.596774995540294 ], [ -73.740643843108202, 40.597001198658461 ], [ -73.741830835239369, 40.596695551450253 ], [ -73.740520598182002, 40.596571856456592 ], [ -73.740547013623981, 40.596119685718143 ], [ -73.739927929850012, 40.596061587313535 ], [ -73.739579049975021, 40.596376337848874 ], [ -73.739496608736701, 40.597020371261834 ], [ -73.739883060073041, 40.596770974189724 ], [ -73.739747240228596, 40.596542604835292 ], [ -73.739909946901903, 40.596772744520479 ], [ -73.739796340289445, 40.596882675628116 ], [ -73.739508858672835, 40.597040044091763 ], [ -73.739398108248892, 40.597046325656422 ], [ -73.738946906941024, 40.59676316642711 ], [ -73.738383604011858, 40.597117408563932 ], [ -73.738412311000829, 40.595923504948466 ], [ -73.737989817809819, 40.594556043243671 ], [ -73.738487439719748, 40.594352262988451 ], [ -73.73877153079917, 40.594525207530616 ], [ -73.738777535149097, 40.594355008215459 ], [ -73.739001967782912, 40.594586232244644 ], [ -73.73958763297756, 40.594426525108716 ], [ -73.740628320641235, 40.59472165227227 ], [ -73.740901705961846, 40.594488249253402 ], [ -73.741318206253254, 40.594792592881326 ], [ -73.74169766300281, 40.594641744052986 ], [ -73.742226030970727, 40.594905883324458 ], [ -73.742387425848761, 40.594729256060354 ], [ -73.743349516032211, 40.594795148276468 ], [ -73.743484422822377, 40.594590516488168 ], [ -73.744624997931837, 40.594661774798055 ], [ -73.746655114647453, 40.594295694902286 ], [ -73.749125247575293, 40.593216367270564 ], [ -73.751693694956614, 40.591312251325988 ], [ -73.753447801778208, 40.590964129913239 ], [ -73.755954636230683, 40.590874198049988 ], [ -73.757891898618723, 40.591356988277866 ], [ -73.761343116783252, 40.591726633850591 ], [ -73.767969730065033, 40.590729482964562 ], [ -73.768727085251484, 40.590870068955759 ], [ -73.775925947777793, 40.59017858994811 ], [ -73.775836885952671, 40.590324598757867 ], [ -73.779184953561071, 40.5895931088955 ], [ -73.780430361018958, 40.589596621429237 ], [ -73.784533110484901, 40.588478055218062 ], [ -73.787683707157456, 40.587922937712214 ], [ -73.788784068731275, 40.587450288867437 ], [ -73.789414707935748, 40.587628147304258 ], [ -73.792007624644398, 40.587217464941993 ], [ -73.801829073230167, 40.585351826712632 ], [ -73.803257712432796, 40.584893212907076 ], [ -73.803721194060046, 40.585017937450353 ], [ -73.805842873413042, 40.584457517249568 ], [ -73.806791933467125, 40.584419899205812 ], [ -73.807991828951316, 40.584004409504104 ], [ -73.813524487275586, 40.583473149046903 ], [ -73.833869231721806, 40.577649897609149 ], [ -73.837784913049802, 40.575923683475608 ], [ -73.85720330672298, 40.569100500487885 ], [ -73.862552860291487, 40.566810012301005 ], [ -73.862868922773117, 40.566830571546511 ], [ -73.863169302794276, 40.567739272251899 ], [ -73.864309695511167, 40.567391616474026 ], [ -73.865342850882499, 40.568787534378636 ], [ -73.86446632933135, 40.569141785522653 ], [ -73.866683599621496, 40.572988329032128 ], [ -73.863611329523792, 40.573823057018764 ], [ -73.863347401344086, 40.574021231946894 ], [ -73.863992097390494, 40.575060722126004 ], [ -73.862883019568187, 40.576059761255713 ], [ -73.853055495851152, 40.581255267855198 ], [ -73.850443851491946, 40.582130243581545 ], [ -73.848610535383045, 40.582188142143821 ], [ -73.845205663448027, 40.581579857050627 ], [ -73.839353858990393, 40.581857262805634 ], [ -73.83895663981427, 40.582574258547218 ], [ -73.838553064512396, 40.58279171379683 ], [ -73.835840800974196, 40.582878939362317 ], [ -73.828524712613401, 40.584854219879958 ], [ -73.828036536404497, 40.586052886726947 ], [ -73.824813339071198, 40.587151322036163 ], [ -73.822936886315233, 40.587491649727667 ], [ -73.821459719917726, 40.586769924921406 ], [ -73.817415861474373, 40.588917014109882 ], [ -73.817638004506534, 40.589285798982758 ], [ -73.816741975823575, 40.589319169846078 ], [ -73.815248323750893, 40.589989056293007 ], [ -73.814700674617185, 40.590610589888314 ], [ -73.813632214108267, 40.590793631897938 ], [ -73.813256715664281, 40.591046302491129 ], [ -73.81358856612637, 40.591697685823711 ], [ -73.81323474432736, 40.591070739515239 ], [ -73.811703448363474, 40.591593746638118 ], [ -73.811494235858689, 40.592901326697003 ], [ -73.811334636231734, 40.591744623180034 ], [ -73.811007665851093, 40.591768297259932 ], [ -73.810817918745002, 40.592090269198799 ], [ -73.810950189527318, 40.592503059144732 ], [ -73.811385931520334, 40.592442318454708 ], [ -73.811407512271614, 40.592871257238869 ], [ -73.811072870210452, 40.593022330572261 ], [ -73.81137331289645, 40.592703054284385 ], [ -73.810749749133322, 40.59279211355274 ], [ -73.811373472555587, 40.592684499633272 ], [ -73.811358293157866, 40.59246258404513 ], [ -73.810939658946012, 40.592546847806844 ], [ -73.810805379044211, 40.592092095735303 ], [ -73.809899299133519, 40.592270953886683 ], [ -73.810039205845143, 40.593077910041771 ], [ -73.809731383937148, 40.592404186053493 ], [ -73.809807497165153, 40.592710409504924 ], [ -73.809709824363892, 40.592439608339632 ], [ -73.809486657448943, 40.592766035136719 ], [ -73.809611963788583, 40.593576984263869 ], [ -73.806028074598515, 40.592009309004695 ], [ -73.805749476435253, 40.590758009294767 ], [ -73.805823897731244, 40.591889325190124 ], [ -73.804339254031134, 40.591310757653716 ], [ -73.804165691030391, 40.591854709832958 ], [ -73.807818704742033, 40.593365437837576 ], [ -73.80797687598303, 40.594161415948356 ], [ -73.80711253952029, 40.59528407542448 ], [ -73.806041498073853, 40.595554555213724 ], [ -73.80485298477258, 40.595056336043505 ], [ -73.804114599546679, 40.594319170453566 ], [ -73.804125680152723, 40.59351380510337 ], [ -73.803809022312024, 40.592891163925557 ], [ -73.803031539993597, 40.592577189490221 ], [ -73.802438462903112, 40.59264006383529 ], [ -73.802509650872835, 40.593948128041703 ], [ -73.803135034407234, 40.593757943071388 ], [ -73.80318082190891, 40.593945378131153 ], [ -73.802513042829858, 40.593966851792544 ], [ -73.802568376010697, 40.594272266994366 ], [ -73.80324253171004, 40.594087239865608 ], [ -73.803287938930211, 40.5942821158919 ], [ -73.803240242957756, 40.594204054877338 ], [ -73.802604428509852, 40.594287751542609 ], [ -73.802345138456616, 40.59449597525709 ], [ -73.803185744044157, 40.594663002841791 ], [ -73.803440170414532, 40.594434209177038 ], [ -73.803196753649559, 40.594678199883418 ], [ -73.803377543038323, 40.594869040659212 ], [ -73.803655193133565, 40.594730642532831 ], [ -73.803724542673862, 40.594817111980085 ], [ -73.803651670807241, 40.594753142781762 ], [ -73.803384680362015, 40.594885260358851 ], [ -73.803200106231969, 40.594872846424295 ], [ -73.803390973279036, 40.595006512494294 ], [ -73.803214942512568, 40.595145648450746 ], [ -73.803908422647226, 40.595004813834983 ], [ -73.803314537292167, 40.595179561437099 ], [ -73.803684686957226, 40.595197790184002 ], [ -73.805111854799122, 40.597151047998295 ], [ -73.804702145685511, 40.597683110833074 ], [ -73.803933389224028, 40.597943498584101 ], [ -73.802979433257477, 40.598844304553161 ], [ -73.801670926801776, 40.598896309269627 ], [ -73.800948678628188, 40.599151664620059 ], [ -73.800915006239649, 40.599390761135936 ], [ -73.800776547076239, 40.599162360478509 ], [ -73.800473792277955, 40.599331559123904 ], [ -73.800451318614748, 40.599182568377913 ], [ -73.799128776423061, 40.59937335357057 ], [ -73.798430785894894, 40.599173714081246 ], [ -73.795546376211277, 40.599496762149258 ], [ -73.794572615505672, 40.599420737093993 ], [ -73.793309017363498, 40.599981183339608 ], [ -73.792331215481539, 40.599969281197737 ], [ -73.787855748817194, 40.603113344635503 ], [ -73.786503356486179, 40.603250206179169 ], [ -73.786168551248082, 40.60304744975214 ], [ -73.787162418553649, 40.60232643107247 ], [ -73.787929941928098, 40.600995302548675 ], [ -73.790299427808193, 40.599265118069496 ], [ -73.791135667464061, 40.59715071910022 ], [ -73.790875207150862, 40.595033726398817 ], [ -73.790420482307496, 40.594752695511012 ], [ -73.790570041960407, 40.594951800299924 ], [ -73.790806261416904, 40.596093395884459 ], [ -73.790594429740352, 40.596108384772961 ], [ -73.790538576665199, 40.594980784056226 ], [ -73.790152636488159, 40.594768202272967 ], [ -73.790424814722726, 40.596053932154064 ], [ -73.790178300013153, 40.596071319704606 ], [ -73.790131194916214, 40.594822874798645 ], [ -73.789739018898231, 40.594743668554763 ], [ -73.789999094390893, 40.596208943503463 ], [ -73.789698723608169, 40.59622803991153 ], [ -73.789673896758288, 40.59486047590034 ], [ -73.789120848484558, 40.595426262221757 ], [ -73.789068291215017, 40.598019927382829 ], [ -73.785971097662198, 40.600316491814887 ], [ -73.78579378813437, 40.600568928496024 ], [ -73.786143586986356, 40.600648618751883 ], [ -73.78578006551939, 40.600593261893223 ], [ -73.785642052732697, 40.600797194521022 ], [ -73.785983591177867, 40.600918237942103 ], [ -73.785632763732906, 40.600816383628654 ], [ -73.785393580870348, 40.60151802170865 ], [ -73.784482331703998, 40.601800098583119 ], [ -73.783505609053122, 40.602563438742926 ], [ -73.783128024059096, 40.603760992350679 ], [ -73.783947649711962, 40.60482442511703 ], [ -73.783666962924073, 40.605324436431886 ], [ -73.780408322678753, 40.608425974828194 ], [ -73.77856806939954, 40.609643663429175 ], [ -73.777278982748456, 40.609849113092075 ], [ -73.776265383300895, 40.609649038391872 ], [ -73.775351647457157, 40.609737406964491 ], [ -73.77422234411398, 40.608893231635442 ], [ -73.774222693634343, 40.608601128640466 ], [ -73.774814410089178, 40.608399563112528 ], [ -73.774217377533517, 40.607636638971606 ], [ -73.774602945990736, 40.607417648882709 ], [ -73.774848865464804, 40.608024833159853 ], [ -73.77523851986183, 40.608550943000438 ], [ -73.776007721528217, 40.609190754248331 ], [ -73.774945984842603, 40.608065420270826 ], [ -73.77459009469672, 40.607297656593005 ], [ -73.775187112613366, 40.60450025631868 ], [ -73.774687989646367, 40.604324648389387 ], [ -73.774913738996645, 40.604112513232572 ], [ -73.775376083168453, 40.604157308867983 ], [ -73.77588140582175, 40.603471681753618 ], [ -73.776053917610653, 40.602752894402428 ], [ -73.77560642181831, 40.603045836539941 ], [ -73.775688143627008, 40.602814740670716 ], [ -73.776479242549883, 40.602448176643584 ], [ -73.776489886889223, 40.602171725686674 ], [ -73.77780302365808, 40.600966552204277 ], [ -73.778368729187562, 40.600838780051973 ], [ -73.778075652154854, 40.600700774366828 ], [ -73.778180869783085, 40.60038554108597 ], [ -73.780109000851084, 40.600727429033945 ], [ -73.781906810073238, 40.599114165340325 ], [ -73.781936013570103, 40.598531144243488 ], [ -73.78132973998126, 40.597753037447099 ], [ -73.780183344259086, 40.597212570206025 ], [ -73.780168455731911, 40.596897627247039 ], [ -73.780057198917831, 40.596877499102838 ], [ -73.779670703337345, 40.597372167384123 ], [ -73.777421748107656, 40.598812404361546 ], [ -73.777198506293203, 40.599576959253213 ], [ -73.776001638509683, 40.601394323905019 ], [ -73.774972073537811, 40.601744487092112 ], [ -73.77474212725788, 40.600963425935319 ], [ -73.774481339647579, 40.600987703850926 ], [ -73.774742850219013, 40.600743783109607 ], [ -73.774119950968839, 40.599881381792756 ], [ -73.774223384576729, 40.599005218240663 ], [ -73.773744328390791, 40.598670153981665 ], [ -73.773585452616274, 40.598120473261659 ], [ -73.772485857574608, 40.597893837539615 ], [ -73.771679066700102, 40.597981577039747 ], [ -73.771128496298701, 40.598298728552201 ], [ -73.770372770584217, 40.598090092354582 ], [ -73.769477251093463, 40.59825776995266 ], [ -73.768122853763245, 40.597824359474949 ], [ -73.767935922888014, 40.598139706381716 ], [ -73.768265494831368, 40.598332444290868 ], [ -73.770336348164733, 40.598984223332941 ], [ -73.77093086474143, 40.598857599125239 ], [ -73.771160524363367, 40.599422452073952 ], [ -73.770839175286639, 40.601810916096433 ], [ -73.770185882740947, 40.602748823325278 ], [ -73.770420368137479, 40.602941983418972 ], [ -73.770161222225184, 40.603086523532333 ], [ -73.77056521407664, 40.604840409753649 ], [ -73.770009324534755, 40.60533671530753 ], [ -73.770012496480277, 40.607228792132041 ], [ -73.769783863598789, 40.607927039513143 ], [ -73.769224651742718, 40.608444694322671 ], [ -73.769000780349543, 40.609391552985024 ], [ -73.769818184543951, 40.610087875920918 ], [ -73.771251018796661, 40.610389836599403 ], [ -73.772234502345171, 40.611501676750471 ], [ -73.773403890789879, 40.611090448779258 ], [ -73.772962686865483, 40.610152762945908 ], [ -73.773767677531268, 40.611256222475646 ], [ -73.773944303278626, 40.612123739018983 ], [ -73.774171846797032, 40.611829669946516 ], [ -73.773385979713595, 40.613675066306406 ], [ -73.772967617891226, 40.613559360925855 ], [ -73.771741567027661, 40.613961049955009 ], [ -73.766691397713544, 40.614254654947651 ] ] ], [ [ [ -73.820173480178283, 40.615180619138897 ], [ -73.81749810970328, 40.61421413156436 ], [ -73.816526812443556, 40.614947009658735 ], [ -73.816547528190185, 40.61447013636306 ], [ -73.816233666846472, 40.614231046198803 ], [ -73.814718126278606, 40.614496088552109 ], [ -73.814440323452345, 40.61474903867088 ], [ -73.814080624329307, 40.614558409236452 ], [ -73.814682626764906, 40.613975157855236 ], [ -73.81485722289095, 40.61429922621501 ], [ -73.815495266375777, 40.614039815133367 ], [ -73.814795632553185, 40.613194029981479 ], [ -73.815036384946282, 40.612976213749612 ], [ -73.815469483170503, 40.613342929511212 ], [ -73.816156266324995, 40.612942115509966 ], [ -73.815403661898344, 40.610384802015673 ], [ -73.814502615667081, 40.611058473505608 ], [ -73.8152072079899, 40.60981673359354 ], [ -73.814770737924746, 40.608851028780379 ], [ -73.814865399222825, 40.608020598985902 ], [ -73.815061298787299, 40.607317030280093 ], [ -73.815741740638245, 40.60646524523569 ], [ -73.815460664832116, 40.606428137510157 ], [ -73.815528167222851, 40.606163069945246 ], [ -73.815525367236646, 40.606407380282185 ], [ -73.815959620025453, 40.606262483353639 ], [ -73.815888297784639, 40.605929034359384 ], [ -73.816425299230929, 40.60522412357404 ], [ -73.817391921066516, 40.605158123784406 ], [ -73.817253705933879, 40.60394032469204 ], [ -73.817720326386976, 40.602224999741196 ], [ -73.818311210543129, 40.601339712212599 ], [ -73.818490661207505, 40.599389559479363 ], [ -73.819281422017724, 40.597529610374195 ], [ -73.820384063433522, 40.596568761644278 ], [ -73.820672659918344, 40.595195706171175 ], [ -73.821200354290468, 40.594712294440804 ], [ -73.824135069059082, 40.594633056748201 ], [ -73.825477934981194, 40.595080657584454 ], [ -73.833217441063027, 40.594217587387604 ], [ -73.833735161308056, 40.594356098166415 ], [ -73.834721370810783, 40.595055509645896 ], [ -73.834846999317548, 40.595542999938736 ], [ -73.834200999773373, 40.596656999982834 ], [ -73.833489998983808, 40.59691600036534 ], [ -73.833360999299529, 40.597236000259372 ], [ -73.832393644536864, 40.597803353382531 ], [ -73.83154105940153, 40.597951026055227 ], [ -73.830628521790189, 40.597433425724411 ], [ -73.829483418231234, 40.598133942405362 ], [ -73.829097774223385, 40.597763455220843 ], [ -73.828061596754267, 40.597680402649026 ], [ -73.825979859765212, 40.59947206719297 ], [ -73.825567906846032, 40.598548148082784 ], [ -73.824654205972834, 40.598149246701858 ], [ -73.823958710582971, 40.598876896677417 ], [ -73.824522712764121, 40.598951263990749 ], [ -73.824770889924892, 40.598391843874325 ], [ -73.824526248585443, 40.599129027223498 ], [ -73.82407791355017, 40.598909203833195 ], [ -73.824165698886702, 40.599299379667258 ], [ -73.823766122812458, 40.600040070821052 ], [ -73.821944417597933, 40.599801155978646 ], [ -73.821469298336979, 40.599993722770449 ], [ -73.824436437623461, 40.600344983852381 ], [ -73.824452180089494, 40.600796962688648 ], [ -73.82353972095234, 40.601559448847361 ], [ -73.823615888150414, 40.602286492616436 ], [ -73.823067216378931, 40.60234199290521 ], [ -73.822944847404813, 40.602582909468026 ], [ -73.82290283003627, 40.604687268541603 ], [ -73.822467467024822, 40.605524982822878 ], [ -73.822904633776545, 40.60585127692719 ], [ -73.822360008762317, 40.606469260660262 ], [ -73.82126470342854, 40.607002850410659 ], [ -73.820032435635824, 40.608923656261048 ], [ -73.819617953621545, 40.610479041064487 ], [ -73.820434036150999, 40.612066787006327 ], [ -73.820822742559358, 40.612280992249595 ], [ -73.821284210528958, 40.611096928783709 ], [ -73.820487006215586, 40.61022437929374 ], [ -73.820858785058661, 40.609231058271391 ], [ -73.821614600891323, 40.608480319227915 ], [ -73.821862052413522, 40.60986921256864 ], [ -73.822330797811873, 40.61028770325489 ], [ -73.822892333485768, 40.610337022194237 ], [ -73.824004127894156, 40.611631768409886 ], [ -73.824103270901261, 40.612326097485777 ], [ -73.821416016413806, 40.615054763934808 ], [ -73.820173480178283, 40.615180619138897 ] ] ] ] } },
{ "type": "Feature", "properties": { "boro_cd": "211", "name": "Pelham Parkway / Morris Park", "food_10min_pct": 94.6, "proximity_mean": 91.4, "childcare_slots_per_100_u5": 59.9, "rank_food": 45, "rank_proximity": 41, "rank_childcare": 15 }, "geometry": { "type": "Polygon", "coordinates": [ [ [ -73.828343474315105, 40.860892026172444 ], [ -73.831114491554814, 40.857524329623082 ], [ -73.83458321716229, 40.854432336831564 ], [ -73.835519046747692, 40.85301957756139 ], [ -73.836142790020858, 40.851041758573501 ], [ -73.836711796906613, 40.846057369668038 ], [ -73.838390562250737, 40.84067681413439 ], [ -73.839367942506513, 40.840882973481982 ], [ -73.841240530036956, 40.840601454322034 ], [ -73.844910342553277, 40.845427460749107 ], [ -73.848063453279835, 40.843067998651357 ], [ -73.863472323790674, 40.841305932707421 ], [ -73.867248189556236, 40.840343804371216 ], [ -73.869207668822085, 40.839600046711993 ], [ -73.872772046585311, 40.839751282336202 ], [ -73.871846102910098, 40.843760777855984 ], [ -73.870962540747357, 40.844333660002405 ], [ -73.868892432746065, 40.848112322125921 ], [ -73.869562590143133, 40.848018713238709 ], [ -73.869523629517914, 40.848686977085407 ], [ -73.868250777406786, 40.850959586229557 ], [ -73.86990379512369, 40.855873021615352 ], [ -73.868188305587353, 40.858063834311025 ], [ -73.87088983832453, 40.857272817810795 ], [ -73.871082625127883, 40.857377040135376 ], [ -73.87040531728131, 40.863966949337474 ], [ -73.870537385861923, 40.869674031412401 ], [ -73.85745013526693, 40.869532520523698 ], [ -73.855549091608694, 40.871813167563957 ], [ -73.8536363872702, 40.873300599209117 ], [ -73.84792614069238, 40.871342233078096 ], [ -73.835784366576931, 40.865016011497204 ], [ -73.830893297277896, 40.862212849093069 ], [ -73.829508926919885, 40.861841213949383 ], [ -73.828343474315105, 40.860892026172444 ] ] ] } },
{ "type": "Feature", "properties": { "boro_cd": "301", "name": "Williamsburg / Greenpoint", "food_10min_pct": 100.0, "proximity_mean": 96.4, "childcare_slots_per_100_u5": 47.1, "rank_food": 1, "rank_proximity": 23, "rank_childcare": 30 }, "geometry": { "type": "Polygon", "coordinates": [ [ [ -73.924059097369934, 40.714111560147693 ], [ -73.922234664776212, 40.712855954363079 ], [ -73.921546016956839, 40.711043283534998 ], [ -73.920748530497576, 40.710533648958439 ], [ -73.926089300930116, 40.705679701162389 ], [ -73.933950929725441, 40.70267459269806 ], [ -73.941930788822305, 40.700725234695987 ], [ -73.957019931894408, 40.698973914350006 ], [ -73.962839637163427, 40.698038668340033 ], [ -73.962179780891447, 40.700220710604363 ], [ -73.967209620426217, 40.704255709153514 ], [ -73.968383314049149, 40.706829373393496 ], [ -73.969292964145396, 40.707093331095912 ], [ -73.969848648235597, 40.708003041185293 ], [ -73.969941966326289, 40.70930205335398 ], [ -73.96960541330354, 40.710270843874916 ], [ -73.970069351013024, 40.71045413549416 ], [ -73.969661864127858, 40.710499724137065 ], [ -73.969768775891268, 40.710788321475469 ], [ -73.969374299546033, 40.711020666063014 ], [ -73.969907730275779, 40.711268121838842 ], [ -73.96931038443995, 40.711107852881433 ], [ -73.96887248523575, 40.712578743436566 ], [ -73.968469733470428, 40.712824709346336 ], [ -73.968506726195244, 40.713105471889627 ], [ -73.968849248381176, 40.713212545960474 ], [ -73.966596902666154, 40.717967981390231 ], [ -73.967307415404449, 40.718313067184532 ], [ -73.967068676891586, 40.718439035791462 ], [ -73.966562418974959, 40.718015866806432 ], [ -73.965759965334769, 40.718689034779487 ], [ -73.966636007635969, 40.71913014271265 ], [ -73.966514536671966, 40.719430974744661 ], [ -73.966363638514196, 40.719050456048457 ], [ -73.965742670767526, 40.718706877777102 ], [ -73.965119504162246, 40.719226893997579 ], [ -73.965406281081741, 40.719701094216944 ], [ -73.965117368237145, 40.720316338856485 ], [ -73.965598233114008, 40.720744458402677 ], [ -73.964381908232212, 40.720139424660431 ], [ -73.964334753980552, 40.720386538911214 ], [ -73.965031000645212, 40.720790841371098 ], [ -73.964853041454887, 40.720952804859607 ], [ -73.964274624972703, 40.720575767594077 ], [ -73.964950597366638, 40.721424182107071 ], [ -73.96420193098578, 40.720653894257168 ], [ -73.96406591310317, 40.720799910962761 ], [ -73.964375042350952, 40.720992550768585 ], [ -73.964026174585257, 40.720880893068717 ], [ -73.962965664030165, 40.722034477123067 ], [ -73.962072718777975, 40.723880300905478 ], [ -73.962471951129046, 40.724174989273685 ], [ -73.962007447990146, 40.723991901607974 ], [ -73.961659842352873, 40.724860454463027 ], [ -73.962114615668355, 40.725148063399089 ], [ -73.961902396431299, 40.7253205008113 ], [ -73.961536793586944, 40.725108918852264 ], [ -73.961163663683891, 40.725264606333695 ], [ -73.958330782269101, 40.724411700766346 ], [ -73.957941834894967, 40.724649202700085 ], [ -73.957950962132387, 40.725036439168569 ], [ -73.958426118439235, 40.725400535832321 ], [ -73.960124971332434, 40.725319636637074 ], [ -73.960285449442111, 40.725948122413136 ], [ -73.96161518835936, 40.725865563074237 ], [ -73.961016881366604, 40.728704440101922 ], [ -73.961428436979332, 40.730946392610392 ], [ -73.962263404232957, 40.732915551623677 ], [ -73.962285202369273, 40.734047695876846 ], [ -73.959829311478416, 40.737060900633352 ], [ -73.956918200096553, 40.738888914788198 ], [ -73.954156278853176, 40.739106914853224 ], [ -73.950464582805196, 40.738309580795217 ], [ -73.946523528547857, 40.736926853958323 ], [ -73.94719983367159, 40.735355177611737 ], [ -73.947065329153872, 40.734401992819407 ], [ -73.946598067073523, 40.734442224347468 ], [ -73.946739080729657, 40.735282693841171 ], [ -73.946247482969198, 40.736166165227147 ], [ -73.945873105628905, 40.736101831258331 ], [ -73.945570484572173, 40.736612303910583 ], [ -73.944999088894875, 40.736436693712797 ], [ -73.945185071813185, 40.735479152677996 ], [ -73.944515421174003, 40.736284390892955 ], [ -73.942394435424291, 40.735425749947701 ], [ -73.941147467019519, 40.734152927537714 ], [ -73.941038432747817, 40.733488260203167 ], [ -73.940568689302509, 40.733058494257826 ], [ -73.939746077541542, 40.731065475472263 ], [ -73.937118745079488, 40.729189932065182 ], [ -73.934222067411767, 40.728390517370727 ], [ -73.932004204538146, 40.728145082893633 ], [ -73.929511177388719, 40.727569931176873 ], [ -73.927871724050263, 40.725854051197871 ], [ -73.927796501041314, 40.724925668713801 ], [ -73.925614705166225, 40.720061662212636 ], [ -73.924817989436988, 40.720265137475465 ], [ -73.924579480888937, 40.71916252333493 ], [ -73.924992044266062, 40.718384787761373 ], [ -73.928379301015013, 40.717578367290251 ], [ -73.928879651800159, 40.717720318623726 ], [ -73.929705399153278, 40.717049279389336 ], [ -73.929319997660826, 40.716112008832809 ], [ -73.929473569214608, 40.715721452621331 ], [ -73.932197531463345, 40.71497210749056 ], [ -73.932149986012107, 40.714687464730389 ], [ -73.931753571822696, 40.714741675505898 ], [ -73.931426041009345, 40.71438234308075 ], [ -73.931240670594903, 40.713724810884884 ], [ -73.931645273916658, 40.713342793758308 ], [ -73.932639052424648, 40.713052586169503 ], [ -73.932032629805093, 40.711590223074474 ], [ -73.933384846153032, 40.711233727745828 ], [ -73.933283493202978, 40.710978706955522 ], [ -73.931901019208595, 40.711338471428391 ], [ -73.930932275477375, 40.709165311254317 ], [ -73.930360945658407, 40.708717738032831 ], [ -73.930250388490322, 40.708927913422727 ], [ -73.931546137468658, 40.71185535175124 ], [ -73.930778947370527, 40.712160427955673 ], [ -73.93161032734892, 40.712038022680574 ], [ -73.931842494934315, 40.712627237990759 ], [ -73.930422943130722, 40.713172558671232 ], [ -73.931052319016658, 40.714610224426103 ], [ -73.930851901340304, 40.714902985592971 ], [ -73.928438818145935, 40.715530949575928 ], [ -73.928906012650174, 40.716618957312249 ], [ -73.92823253044881, 40.717106454253546 ], [ -73.924729061348941, 40.717944050687969 ], [ -73.924102800943444, 40.717667137202561 ], [ -73.923418614347241, 40.7170690157389 ], [ -73.923055000143336, 40.716342664793551 ], [ -73.924313299615747, 40.715847056576948 ], [ -73.924885535076001, 40.715267187652721 ], [ -73.92433589757124, 40.714122593466548 ], [ -73.924059097369934, 40.714111560147693 ] ] ] } },
{ "type": "Feature", "properties": { "boro_cd": "408", "name": "Hillcrest / Fresh Meadows", "food_10min_pct": 97.2, "proximity_mean": 90.9, "childcare_slots_per_100_u5": 44.8, "rank_food": 39, "rank_proximity": 42, "rank_childcare": 35 }, "geometry": { "type": "Polygon", "coordinates": [ [ [ -73.756703291674668, 40.726229432660588 ], [ -73.754091423331715, 40.724691906288079 ], [ -73.759500941502282, 40.721027372276986 ], [ -73.764469517235483, 40.718890392879295 ], [ -73.767332280868814, 40.717289796810775 ], [ -73.773571351684097, 40.715120095368889 ], [ -73.786160059249355, 40.712060071342769 ], [ -73.78784678413939, 40.711810833166538 ], [ -73.78843507108887, 40.711998937804651 ], [ -73.788581680199741, 40.712331847506171 ], [ -73.795616689618456, 40.709753079175201 ], [ -73.814439318654323, 40.704402150563674 ], [ -73.817097387564516, 40.704029801587893 ], [ -73.820262559892186, 40.709538073272412 ], [ -73.823838890614567, 40.712940878381794 ], [ -73.825523074935958, 40.715653882248283 ], [ -73.826110050915119, 40.71728481261809 ], [ -73.826305625243251, 40.720545126333249 ], [ -73.82769059064475, 40.722892949317277 ], [ -73.829051032177858, 40.724325708599999 ], [ -73.831717649084737, 40.726221681522624 ], [ -73.83286183222063, 40.727893443801207 ], [ -73.836127786102111, 40.734241312003384 ], [ -73.836744575190465, 40.738602570579289 ], [ -73.837679583555939, 40.741977252524897 ], [ -73.837683427414262, 40.743300339710743 ], [ -73.835915648757791, 40.743430893895322 ], [ -73.835861318721328, 40.743227984538741 ], [ -73.831639755563998, 40.742399137242316 ], [ -73.831559422678595, 40.742784741880691 ], [ -73.831097092422155, 40.742739757355245 ], [ -73.831301172540392, 40.739561062186468 ], [ -73.830343865976729, 40.739477096931736 ], [ -73.830396175611341, 40.739161206280627 ], [ -73.830905965229974, 40.73913276389279 ], [ -73.8311345171537, 40.738561906976621 ], [ -73.83053551231437, 40.73752019476342 ], [ -73.829467519970081, 40.737024482753611 ], [ -73.828091525771654, 40.737083175775609 ], [ -73.827964550844783, 40.738503203950323 ], [ -73.827012224805117, 40.738569008548836 ], [ -73.825975804620967, 40.739000395214802 ], [ -73.825560793228959, 40.739454359571376 ], [ -73.82497439992072, 40.739440426253857 ], [ -73.824811784217587, 40.739630959899777 ], [ -73.825373876673737, 40.742232240499597 ], [ -73.815935942273839, 40.739127860871484 ], [ -73.814073820424952, 40.738780902079085 ], [ -73.797292606201722, 40.73818542883815 ], [ -73.795337729222709, 40.738493672772961 ], [ -73.780366035437794, 40.74259166314679 ], [ -73.772414610026672, 40.74388484522219 ], [ -73.767729914253891, 40.745776226174193 ], [ -73.766878535967948, 40.744093579206464 ], [ -73.76556849810585, 40.743258155027412 ], [ -73.762486092772704, 40.736730981952419 ], [ -73.762733034679044, 40.735262162672385 ], [ -73.762495339433102, 40.734734559474568 ], [ -73.764712286380856, 40.734085699723906 ], [ -73.763699791701583, 40.73286411684802 ], [ -73.76564374465633, 40.732533126739185 ], [ -73.762342098391528, 40.729538290701484 ], [ -73.7578714145791, 40.72710685148661 ], [ -73.756703291674668, 40.726229432660588 ] ] ] } },
{ "type": "Feature", "properties": { "boro_cd": "304", "name": "Bushwick", "food_10min_pct": 96.6, "proximity_mean": 96.4, "childcare_slots_per_100_u5": 79.0, "rank_food": 41, "rank_proximity": 23, "rank_childcare": 7 }, "geometry": { "type": "Polygon", "coordinates": [ [ [ -73.896466250629089, 40.682336422475494 ], [ -73.896959138487134, 40.68069958191176 ], [ -73.897862999396978, 40.679875011118462 ], [ -73.900245377055157, 40.679422791011625 ], [ -73.902622623463955, 40.680664503418932 ], [ -73.90404639808888, 40.679220598019363 ], [ -73.941930788822305, 40.700725234695987 ], [ -73.933950929725441, 40.70267459269806 ], [ -73.926089300930116, 40.705679701162389 ], [ -73.921891846986938, 40.709396096710975 ], [ -73.911807100694361, 40.703434952026804 ], [ -73.912904041219591, 40.702361891296839 ], [ -73.91067882737353, 40.701045969566849 ], [ -73.911806821910744, 40.699946882523939 ], [ -73.904260184116893, 40.695700371443372 ], [ -73.905795970092086, 40.694127155513769 ], [ -73.901398406620402, 40.691589992037954 ], [ -73.90188776254891, 40.69107772007343 ], [ -73.900424651130905, 40.688183898877007 ], [ -73.901161550603931, 40.68787793535575 ], [ -73.896466250629089, 40.682336422475494 ] ] ] } },
{ "type": "Feature", "properties": { "boro_cd": "101", "name": "Financial District / Battery Park City", "food_10min_pct": 100.0, "proximity_mean": 96.8, "childcare_slots_per_100_u5": 78.6, "rank_food": 1, "rank_proximity": 20, "rank_childcare": 8 }, "geometry": { "type": "MultiPolygon", "coordinates": [ [ [ [ -74.043877616399442, 40.690187675874007 ], [ -74.043505960785666, 40.689687359636288 ], [ -74.042704284267671, 40.690155204644512 ], [ -74.042553720373391, 40.689962759792358 ], [ -74.043467523102976, 40.689636990606232 ], [ -74.043640786274452, 40.688766560072914 ], [ -74.044385217772472, 40.688516177900276 ], [ -74.046275390036328, 40.689327425394353 ], [ -74.046802848985749, 40.689953256266215 ], [ -74.047476515283705, 40.689611369998204 ], [ -74.047729627631, 40.689915318968794 ], [ -74.047431261235104, 40.689803890471076 ], [ -74.046892055005912, 40.690059098322827 ], [ -74.047200293662158, 40.690424815121347 ], [ -74.047170294893903, 40.690991328742676 ], [ -74.046147072086654, 40.691122646033364 ], [ -74.043877616399442, 40.690187675874007 ] ] ], [ [ [ -74.001993177127289, 40.692328683412143 ], [ -74.001798398920954, 40.692270016010376 ], [ -74.001811219676668, 40.692238012881276 ], [ -74.002160955060049, 40.692238140867552 ], [ -74.001993177127289, 40.692328683412143 ] ] ], [ [ [ -74.016747560960695, 40.693343368217768 ], [ -74.015403591416472, 40.69306649730931 ], [ -74.015389197682438, 40.693298134665689 ], [ -74.015174822026239, 40.693256680335658 ], [ -74.015259510356472, 40.693036814232052 ], [ -74.015128782943279, 40.693243795834583 ], [ -74.01494315033483, 40.693141021930984 ], [ -74.015156121595027, 40.6930155153944 ], [ -74.01422123084896, 40.692822905841659 ], [ -74.01343563361452, 40.692115442031671 ], [ -74.012502586751779, 40.69230358046314 ], [ -74.012297314925547, 40.692568254835273 ], [ -74.011849200385498, 40.69251819775063 ], [ -74.011903097225627, 40.692090583508033 ], [ -74.01246140165135, 40.692212624918625 ], [ -74.013335053032819, 40.692012099552755 ], [ -74.012608568593947, 40.691364104127338 ], [ -74.012034176165756, 40.691503076685848 ], [ -74.012597531525671, 40.691334335544703 ], [ -74.01252783209975, 40.691146337338139 ], [ -74.011825753549729, 40.691064816216326 ], [ -74.012195000900846, 40.691028847569001 ], [ -74.011980567612483, 40.69060640727195 ], [ -74.012231311468994, 40.690461330775271 ], [ -74.012306883044914, 40.689280182937743 ], [ -74.013169264027525, 40.688154770700763 ], [ -74.014880979750231, 40.687254570991286 ], [ -74.016047305395347, 40.687338006800502 ], [ -74.017049866092165, 40.686875987416606 ], [ -74.016646640847569, 40.686416347233504 ], [ -74.015143910880184, 40.686437034043102 ], [ -74.016673515299928, 40.68630516855368 ], [ -74.0171209910106, 40.68684333713415 ], [ -74.020543672930813, 40.685272067926114 ], [ -74.020206867105159, 40.684833832574654 ], [ -74.019398423919284, 40.685087404047373 ], [ -74.020952550102962, 40.684384431647388 ], [ -74.020278198464908, 40.684809135174653 ], [ -74.020612672358112, 40.68524039019821 ], [ -74.022240788985187, 40.684518407599469 ], [ -74.022118543834125, 40.684351950801634 ], [ -74.02259359581042, 40.684359695950135 ], [ -74.022132501868654, 40.683767671882848 ], [ -74.023055747495945, 40.682916945445314 ], [ -74.022368235576721, 40.683779916794151 ], [ -74.022758990299593, 40.684284448332448 ], [ -74.024215372696759, 40.683944243464531 ], [ -74.025671837582124, 40.684236456205234 ], [ -74.026576409431129, 40.685241663540864 ], [ -74.026425772432034, 40.686175339829781 ], [ -74.020205274342771, 40.69203392385441 ], [ -74.019733081963466, 40.693114107487055 ], [ -74.016747560960695, 40.693343368217768 ] ] ], [ [ [ -74.040371348011647, 40.700122643061079 ], [ -74.038853976999363, 40.699625895293217 ], [ -74.03838791382293, 40.698642183421249 ], [ -74.039216499859521, 40.698571475606251 ], [ -74.039567138909618, 40.698774104324784 ], [ -74.039932721329862, 40.698544422793837 ], [ -74.040255550832754, 40.698804823307512 ], [ -74.039793394041141, 40.698956229999375 ], [ -74.04043303435445, 40.699399877628053 ], [ -74.040747136310287, 40.700160926312179 ], [ -74.040371348011647, 40.700122643061079 ] ] ], [ [ [ -74.011143533598599, 40.725814475973898 ], [ -74.010812382607256, 40.725789802555951 ], [ -73.999312417001448, 40.717550241777566 ], [ -74.000789551861686, 40.715290968401597 ], [ -74.000527349426932, 40.715170059365484 ], [ -74.000454630659604, 40.71436504759906 ], [ -74.000221058441909, 40.714250626889488 ], [ -74.000633831959476, 40.713081178568643 ], [ -74.000893543915623, 40.713029950787984 ], [ -74.00086402815117, 40.711619549709546 ], [ -74.000509860972343, 40.710984269448446 ], [ -74.001471402320803, 40.709746554323438 ], [ -73.999194511748954, 40.707947376854257 ], [ -74.001186852628294, 40.706859825771936 ], [ -74.000982766917332, 40.706416712993132 ], [ -74.001406666919536, 40.706179388020821 ], [ -74.000592402093503, 40.705410078911122 ], [ -74.001454374188469, 40.704873303432237 ], [ -74.002061425638075, 40.705417005138344 ], [ -74.002569650594666, 40.705523579523671 ], [ -74.001970703979467, 40.704737867984811 ], [ -74.002430710758645, 40.70467785800453 ], [ -74.003323072707872, 40.705628595220261 ], [ -74.003833275322592, 40.705303243026584 ], [ -74.002628964078284, 40.70422295278162 ], [ -74.002866897814997, 40.704075225511744 ], [ -74.00405666439265, 40.70514736343911 ], [ -74.006595919138704, 40.703685901949449 ], [ -74.005304125960791, 40.702559865633226 ], [ -74.005494278050989, 40.702431381453152 ], [ -74.006785021910474, 40.703568127402896 ], [ -74.009290726006057, 40.701930071319573 ], [ -74.008699643135671, 40.701139867542402 ], [ -74.007755491506444, 40.701548002174576 ], [ -74.007591362042206, 40.701328081048302 ], [ -74.008536115107745, 40.700919695745242 ], [ -74.008349275591002, 40.700669348388409 ], [ -74.008620361638691, 40.700552163713446 ], [ -74.009584830176053, 40.701837385563415 ], [ -74.011180883035408, 40.701451392253873 ], [ -74.010799593110079, 40.700207213007161 ], [ -74.011150335568388, 40.700898400101131 ], [ -74.0113340941042, 40.700568353682463 ], [ -74.011729268174761, 40.700770118059872 ], [ -74.011631479186491, 40.700458218248308 ], [ -74.011853785495887, 40.700738921450345 ], [ -74.012086682146929, 40.700681308739355 ], [ -74.011961961169177, 40.70003754559562 ], [ -74.012391600322843, 40.70062052809417 ], [ -74.012613820873668, 40.700108265811259 ], [ -74.013107478473714, 40.700507452180823 ], [ -74.013113038263043, 40.699774165382834 ], [ -74.013273494830855, 40.700496870227944 ], [ -74.013485608327386, 40.700478222908615 ], [ -74.013532850181022, 40.700108161423429 ], [ -74.013674793147942, 40.70012582145101 ], [ -74.013558269594867, 40.700939870830716 ], [ -74.013951527565112, 40.700990982460141 ], [ -74.014220631954942, 40.700111491365902 ], [ -74.014289207411338, 40.700644144765221 ], [ -74.014671199920073, 40.700210401197282 ], [ -74.014323843630265, 40.70066130462989 ], [ -74.014643232349115, 40.700817304325291 ], [ -74.015068182693042, 40.700318257555146 ], [ -74.015098322701263, 40.700334265523615 ], [ -74.014673656284884, 40.700834609028583 ], [ -74.015021136616795, 40.700992504013577 ], [ -74.015142318121008, 40.700842892354444 ], [ -74.015793517111518, 40.701346905807675 ], [ -74.017145080626591, 40.702705349976377 ], [ -74.017668813072731, 40.703591313467847 ], [ -74.017878393406392, 40.70353850803739 ], [ -74.017570356400185, 40.704183880986712 ], [ -74.017794545202918, 40.704234897598958 ], [ -74.01775054986868, 40.704054882893665 ], [ -74.017817586979461, 40.703937922496728 ], [ -74.017844411067244, 40.704242039938087 ], [ -74.018447046709881, 40.704162354962051 ], [ -74.018658864980452, 40.704428779290247 ], [ -74.017480904833008, 40.704667260858024 ], [ -74.018113029058853, 40.704553602333931 ], [ -74.018887479479972, 40.704729142804425 ], [ -74.019342546244744, 40.706093672527274 ], [ -74.019122759634115, 40.706975814337596 ], [ -74.018630583727145, 40.707139715772051 ], [ -74.01884889814508, 40.7069703123504 ], [ -74.018535132696698, 40.706918322014239 ], [ -74.018190292596472, 40.70782162611011 ], [ -74.018855009119676, 40.708047534447573 ], [ -74.017770142545046, 40.712834574789291 ], [ -74.017800378883933, 40.712345124158723 ], [ -74.01662424425291, 40.712157318995501 ], [ -74.01632006627581, 40.713407982478444 ], [ -74.017579525089928, 40.713595490383817 ], [ -74.017724962192958, 40.713070181622882 ], [ -74.016710186058233, 40.718624176058164 ], [ -74.013213227191926, 40.718315719895941 ], [ -74.013068054923181, 40.718922193825669 ], [ -74.012908927640183, 40.719734851706612 ], [ -74.013455056331821, 40.719801707426384 ], [ -74.013413765128718, 40.720019482014379 ], [ -74.016378482914817, 40.720376608831053 ], [ -74.016305733428368, 40.720727020038304 ], [ -74.012999806790788, 40.720333090750231 ], [ -74.012897302708694, 40.72086804597599 ], [ -74.015694719732863, 40.721206424875447 ], [ -74.015622457819475, 40.721543453673902 ], [ -74.013160666732858, 40.721253963194769 ], [ -74.013116633119964, 40.721473734530917 ], [ -74.013635236404951, 40.721516561134571 ], [ -74.013615583350045, 40.721586182559591 ], [ -74.012538758072623, 40.721503176576554 ], [ -74.011653265699422, 40.725871761851565 ], [ -74.015163241184226, 40.726319711937002 ], [ -74.015170840197996, 40.726579390657839 ], [ -74.011581939976836, 40.726171034832234 ], [ -74.011143533598599, 40.725814475973898 ] ] ] ] } },
{ "type": "Feature", "properties": { "boro_cd": "403", "name": "Jackson Heights / North Corona", "food_10min_pct": 95.4, "proximity_mean": 94.3, "childcare_slots_per_100_u5": 38.2, "rank_food": 44, "rank_proximity": 31, "rank_childcare": 48 }, "geometry": { "type": "Polygon", "coordinates": [ [ [ -73.862720214136274, 40.766670642291601 ], [ -73.859413394640924, 40.762483265842874 ], [ -73.858920563787109, 40.76240640118619 ], [ -73.858922981165264, 40.762122346018316 ], [ -73.858645104879528, 40.7625143959092 ], [ -73.858887226601666, 40.762133609397956 ], [ -73.85869110268213, 40.762221191003611 ], [ -73.858843715062534, 40.762058766779326 ], [ -73.858619152817667, 40.761935597501655 ], [ -73.857654735501328, 40.763079823350466 ], [ -73.858500812553686, 40.763376433082676 ], [ -73.858343193089794, 40.763562560958157 ], [ -73.857638965358063, 40.763099449136554 ], [ -73.856963560059071, 40.764074427864109 ], [ -73.856674822962489, 40.763930188325531 ], [ -73.857582854707061, 40.763072900626746 ], [ -73.856586753886646, 40.762722840616973 ], [ -73.856782368973938, 40.762508277405956 ], [ -73.857604241032888, 40.763053281789986 ], [ -73.858176310043262, 40.762396294725804 ], [ -73.856627729414726, 40.761629062393403 ], [ -73.858194330664332, 40.762374107983923 ], [ -73.858585262182416, 40.761917009098838 ], [ -73.857121335345155, 40.761188903872949 ], [ -73.855302660296815, 40.760649584752429 ], [ -73.854782737595968, 40.759848300268587 ], [ -73.853440252213844, 40.759168437240675 ], [ -73.852663394334471, 40.758397738787117 ], [ -73.851865987978314, 40.756655992204223 ], [ -73.85216144692167, 40.75338199471981 ], [ -73.851897463268045, 40.75275285966746 ], [ -73.861117076624396, 40.750024228366549 ], [ -73.894446887503463, 40.746535270813006 ], [ -73.897421969837396, 40.75154161821601 ], [ -73.897293784799814, 40.752141155890847 ], [ -73.898068317933593, 40.753853361227115 ], [ -73.897923512633, 40.754240002678266 ], [ -73.898374171084882, 40.754374822500566 ], [ -73.899120914440843, 40.755306291324175 ], [ -73.899866429605623, 40.75738507256326 ], [ -73.899410351850577, 40.758808839025704 ], [ -73.896411384034636, 40.763150083270439 ], [ -73.89506657695074, 40.764331328290488 ], [ -73.894323720214643, 40.766146471735595 ], [ -73.89349605945462, 40.765950930000955 ], [ -73.891444897473136, 40.766074654134513 ], [ -73.891835357963473, 40.766227080049546 ], [ -73.890290345895352, 40.766345197795744 ], [ -73.886719460335001, 40.767091312866185 ], [ -73.88340538017512, 40.768258831348071 ], [ -73.877874781148719, 40.771058300251951 ], [ -73.876016565187243, 40.771551044050405 ], [ -73.873886533135064, 40.77176030749537 ], [ -73.871433573419822, 40.771576467221507 ], [ -73.869437197639769, 40.770924482030232 ], [ -73.866068759549748, 40.768796182155363 ], [ -73.863218052585594, 40.766250816417553 ], [ -73.862720214136274, 40.766670642291601 ] ] ] } },
{ "type": "Feature", "properties": { "boro_cd": "316", "name": "Brownsville", "food_10min_pct": 100.0, "proximity_mean": 97.5, "childcare_slots_per_100_u5": 32.8, "rank_food": 1, "rank_proximity": 16, "rank_childcare": 53 }, "geometry": { "type": "Polygon", "coordinates": [ [ [ -73.90404639808888, 40.679220598019363 ], [ -73.903490500370751, 40.67889804853494 ], [ -73.903474223424965, 40.675506683277909 ], [ -73.899217608281702, 40.659111404192771 ], [ -73.899565589760869, 40.658956575610866 ], [ -73.900117158572527, 40.656754643748258 ], [ -73.901045460337755, 40.655570598610154 ], [ -73.907552095735056, 40.651185925730907 ], [ -73.924390993847524, 40.666381423278004 ], [ -73.922752572204359, 40.667097332962278 ], [ -73.921823610157915, 40.676938358473116 ], [ -73.916464860322691, 40.676647040549277 ], [ -73.916301197954752, 40.678577112433757 ], [ -73.918046069584847, 40.687213247771098 ], [ -73.90404639808888, 40.679220598019363 ] ] ] } },
{ "type": "Feature", "properties": { "boro_cd": "404", "name": "Elmhurst / Corona", "food_10min_pct": 100.0, "proximity_mean": 97.2, "childcare_slots_per_100_u5": 29.7, "rank_food": 1, "rank_proximity": 18, "rank_childcare": 55 }, "geometry": { "type": "Polygon", "coordinates": [ [ [ -73.847508202780645, 40.739007807039364 ], [ -73.851303526722035, 40.737511727542795 ], [ -73.856285677110392, 40.736426042003089 ], [ -73.864470863112643, 40.734007274428095 ], [ -73.876283023605708, 40.730313093919108 ], [ -73.879693540885981, 40.729010158916218 ], [ -73.8855933098002, 40.728274439975195 ], [ -73.888383171634317, 40.735758382308852 ], [ -73.891270179532583, 40.741428248789788 ], [ -73.894446887503463, 40.746535270813006 ], [ -73.861117076624396, 40.750024228366549 ], [ -73.851897463268045, 40.75275285966746 ], [ -73.850498914622861, 40.750120698758465 ], [ -73.854425752536613, 40.748851726884702 ], [ -73.850115566364181, 40.740723562798564 ], [ -73.847801646866003, 40.740049676963224 ], [ -73.847508202780645, 40.739007807039364 ] ] ] } },
{ "type": "Feature", "properties": { "boro_cd": "411", "name": "Bayside / Little Neck", "food_10min_pct": 86.7, "proximity_mean": 77.8, "childcare_slots_per_100_u5": 46.3, "rank_food": 52, "rank_proximity": 54, "rank_childcare": 32 }, "geometry": { "type": "MultiPolygon", "coordinates": [ [ [ [ -73.744613760709569, 40.778947376109642 ], [ -73.744292897114377, 40.778747261922149 ], [ -73.74454629709696, 40.778854650647361 ], [ -73.744812356044278, 40.778556897597092 ], [ -73.745060311496374, 40.779142943443951 ], [ -73.744613760709569, 40.778947376109642 ] ] ], [ [ [ -73.74672457084246, 40.780306525798416 ], [ -73.745592242741282, 40.779580679269827 ], [ -73.746820655550721, 40.779374310157934 ], [ -73.747244807130855, 40.780076344709649 ], [ -73.74672457084246, 40.780306525798416 ] ] ], [ [ [ -73.748731086381795, 40.780956438898897 ], [ -73.748249110188794, 40.780764779712641 ], [ -73.748144524055149, 40.780240380301294 ], [ -73.747357910625482, 40.779383308064503 ], [ -73.747778929114872, 40.779114997508486 ], [ -73.747165582288872, 40.778856333347342 ], [ -73.746793751375321, 40.779034851583766 ], [ -73.745641296237793, 40.777828848700452 ], [ -73.745348003048662, 40.777153449562483 ], [ -73.745687699098212, 40.778152983986224 ], [ -73.74611030250216, 40.778455075037321 ], [ -73.746009964245374, 40.778876572896763 ], [ -73.745290684154767, 40.778864264277459 ], [ -73.745076771839578, 40.778249081351362 ], [ -73.744617294982163, 40.777919266815736 ], [ -73.745239859226572, 40.777402429776039 ], [ -73.74524624200906, 40.776962855464291 ], [ -73.745017274040862, 40.776597812463507 ], [ -73.745075120500104, 40.777452100644553 ], [ -73.744665213793553, 40.777683495380195 ], [ -73.74471768193915, 40.777487047521397 ], [ -73.744431016293589, 40.777456153522401 ], [ -73.744415918141414, 40.778123246439151 ], [ -73.744084430347314, 40.778255459126143 ], [ -73.744334498205703, 40.778431374020229 ], [ -73.744040914572238, 40.778590104782531 ], [ -73.74007973971888, 40.776208795396492 ], [ -73.73937598887052, 40.776013669167462 ], [ -73.721533247457671, 40.764823189587915 ], [ -73.720975884342835, 40.764760159289011 ], [ -73.713518281059919, 40.759837730830981 ], [ -73.716854404449265, 40.759525514019877 ], [ -73.718319718187516, 40.759082075675551 ], [ -73.719982969884953, 40.758160821513144 ], [ -73.721110014829279, 40.757111525815915 ], [ -73.723266734112798, 40.753947599497167 ], [ -73.726414721371512, 40.751915877812927 ], [ -73.727378891401585, 40.751029567399911 ], [ -73.728253810495048, 40.749693728645795 ], [ -73.729145938101567, 40.747273799812902 ], [ -73.730628018362623, 40.745364158239589 ], [ -73.732269180563506, 40.743818962745543 ], [ -73.734369658431703, 40.742351598559807 ], [ -73.739012103523933, 40.739746479175338 ], [ -73.742947857899608, 40.735456551529012 ], [ -73.75048295649863, 40.729221294394058 ], [ -73.753179469959662, 40.72760893136698 ], [ -73.756636580464487, 40.726246410793273 ], [ -73.762342098391528, 40.729538290701484 ], [ -73.765643744656373, 40.732533126739185 ], [ -73.763699791701654, 40.73286411684802 ], [ -73.764712286380856, 40.734085699723906 ], [ -73.762495339433201, 40.734734559474546 ], [ -73.762733034679158, 40.735262162672385 ], [ -73.762486092772761, 40.736730981952419 ], [ -73.765568498105907, 40.743258155027412 ], [ -73.766878535967948, 40.744093579206428 ], [ -73.76772991425382, 40.745776226174193 ], [ -73.772414610026615, 40.743884845222127 ], [ -73.780366035437737, 40.74259166314679 ], [ -73.795337729222808, 40.738493672772961 ], [ -73.796402187063649, 40.738282358191597 ], [ -73.796724978587605, 40.738416643124708 ], [ -73.796292972916092, 40.738552306431693 ], [ -73.797223730028136, 40.740098034720702 ], [ -73.797230849720819, 40.74169550663504 ], [ -73.795212577097217, 40.743495568791204 ], [ -73.794491170500208, 40.744737748430701 ], [ -73.794815313490417, 40.748422227217027 ], [ -73.794577269900003, 40.753563011339274 ], [ -73.792375179983836, 40.75307044825972 ], [ -73.793439911464603, 40.760764127961458 ], [ -73.792167893840372, 40.770976689467865 ], [ -73.792712593828753, 40.77378752736184 ], [ -73.775839583321712, 40.778612372614752 ], [ -73.775598853662004, 40.779323366123805 ], [ -73.770609744548594, 40.782079793940838 ], [ -73.768200554600284, 40.779444179191159 ], [ -73.767161936875922, 40.779782875660828 ], [ -73.767023923465075, 40.78008623415851 ], [ -73.76677570373937, 40.779812458698515 ], [ -73.768161730515814, 40.779396821242202 ], [ -73.767091134847348, 40.776844841109359 ], [ -73.765727969039276, 40.77460332809224 ], [ -73.764176331146984, 40.772829989940298 ], [ -73.758935120936954, 40.768334328516069 ], [ -73.758642643580785, 40.767357170035638 ], [ -73.757870305672284, 40.76694642794974 ], [ -73.757390208038743, 40.767166672358599 ], [ -73.756410842897509, 40.766514222767761 ], [ -73.756500719376447, 40.766344505520763 ], [ -73.755473104397922, 40.766365580416682 ], [ -73.753770364645334, 40.765304631483133 ], [ -73.753409947264316, 40.764692659656703 ], [ -73.752192615365232, 40.76383041851529 ], [ -73.751074322525596, 40.761763671336425 ], [ -73.748612250725614, 40.760927803076157 ], [ -73.747535134750564, 40.759857196187511 ], [ -73.746559818679501, 40.759339147688635 ], [ -73.746289044913752, 40.759059244817735 ], [ -73.74642482955997, 40.758209665279963 ], [ -73.746277005395797, 40.757796784906091 ], [ -73.746110086166269, 40.757678544075958 ], [ -73.745775822206113, 40.757848636632339 ], [ -73.744635990572093, 40.756891175867288 ], [ -73.744601370070214, 40.756546021685836 ], [ -73.744581952449622, 40.756922659798953 ], [ -73.744866183386591, 40.757204304879153 ], [ -73.745759849542097, 40.75791351710884 ], [ -73.746046681746108, 40.757809942869464 ], [ -73.746311967054908, 40.758054814022955 ], [ -73.746162243719084, 40.759024799277128 ], [ -73.746553780988265, 40.759450174036012 ], [ -73.747494241533062, 40.759976687354914 ], [ -73.748541460286987, 40.761386184587472 ], [ -73.748872549615896, 40.76166805363254 ], [ -73.74922202176387, 40.761579747083005 ], [ -73.749173944625724, 40.76137774432555 ], [ -73.750040421305769, 40.761576082739808 ], [ -73.751231002801077, 40.762522495140004 ], [ -73.751695234557104, 40.763651827368918 ], [ -73.753045710900068, 40.764817227435309 ], [ -73.755072108490467, 40.767533106787546 ], [ -73.754859158295034, 40.768404252456037 ], [ -73.754393882691616, 40.768753463251407 ], [ -73.754713916878643, 40.768795143897698 ], [ -73.75470593716679, 40.769741522946852 ], [ -73.755332794591894, 40.770998154653441 ], [ -73.755534987288954, 40.77098552649457 ], [ -73.755342162560837, 40.771022152743996 ], [ -73.755573326493149, 40.771529125922882 ], [ -73.754380747575411, 40.772041271642358 ], [ -73.753570009061349, 40.772694616129506 ], [ -73.753366919994946, 40.77320784726102 ], [ -73.754241499993853, 40.775266830365389 ], [ -73.755185753943266, 40.776498070830392 ], [ -73.754858006597374, 40.776896399516609 ], [ -73.754813228934353, 40.777619032305772 ], [ -73.755517816045355, 40.777584144522706 ], [ -73.755517375817988, 40.777704048364356 ], [ -73.754708372266066, 40.777717812200848 ], [ -73.754026240095413, 40.779603879394877 ], [ -73.753008125497217, 40.780866075188676 ], [ -73.752998392964344, 40.781289489522294 ], [ -73.751839762844469, 40.782338278630824 ], [ -73.750620905818508, 40.782603121302181 ], [ -73.748731086381795, 40.780956438898897 ] ] ] ] } },
{ "type": "Feature", "properties": { "boro_cd": "203", "name": "Morrisania / Crotona", "food_10min_pct": 100.0, "proximity_mean": 92.1, "childcare_slots_per_100_u5": 80.9, "rank_food": 1, "rank_proximity": 38, "rank_childcare": 4 }, "geometry": { "type": "Polygon", "coordinates": [ [ [ -73.880720815141913, 40.837521265022488 ], [ -73.882010636070234, 40.835340644710598 ], [ -73.884270601357613, 40.83259636065727 ], [ -73.88512412844338, 40.831161082577111 ], [ -73.885794262957702, 40.827823575514259 ], [ -73.887895109014224, 40.826743185296735 ], [ -73.892932261011438, 40.82678703602997 ], [ -73.897569587585906, 40.829423000831099 ], [ -73.901292776271063, 40.820475442111771 ], [ -73.90990894138001, 40.822551107615006 ], [ -73.911816157567358, 40.822035022412642 ], [ -73.91756599443012, 40.823883672432629 ], [ -73.916087828579009, 40.824837851831496 ], [ -73.91661368442395, 40.824992308507589 ], [ -73.912169825782627, 40.827902221485793 ], [ -73.902688100501834, 40.844581472285505 ], [ -73.900939994923448, 40.844384983177612 ], [ -73.90151151995714, 40.843367968965545 ], [ -73.900333303501185, 40.84298938001632 ], [ -73.899637495566139, 40.84423382553156 ], [ -73.894819426275276, 40.843683770968994 ], [ -73.895378361806536, 40.84293877945931 ], [ -73.88941724869116, 40.839422733882962 ], [ -73.88869040830879, 40.839158026468183 ], [ -73.888137521593379, 40.839862002384926 ], [ -73.886598023451214, 40.839279050108672 ], [ -73.886109787803463, 40.840470994635076 ], [ -73.880720815141913, 40.837521265022488 ] ] ] } },
{ "type": "Feature", "properties": { "boro_cd": "104", "name": "Chelsea / Hell's Kitchen", "food_10min_pct": 100.0, "proximity_mean": 97.8, "childcare_slots_per_100_u5": 75.0, "rank_food": 1, "rank_proximity": 15, "rank_childcare": 9 }, "geometry": { "type": "Polygon", "coordinates": [ [ [ -73.993936942483188, 40.773179510967097 ], [ -73.984763692632441, 40.769226400704092 ], [ -73.984314913071373, 40.769848183213576 ], [ -73.982092712433854, 40.768892298929934 ], [ -73.982043416681194, 40.768408210815458 ], [ -73.981587227053993, 40.768341684459784 ], [ -73.981430200846205, 40.76803991985313 ], [ -73.981672698323507, 40.76775011636326 ], [ -73.982110614670091, 40.767744476043831 ], [ -73.997099028543076, 40.747205102042422 ], [ -73.991418584946175, 40.744802682496349 ], [ -73.996839938604168, 40.737360889398381 ], [ -74.009153451694246, 40.742496187556263 ], [ -74.009091568461926, 40.742886149072561 ], [ -74.009620153489124, 40.742951248389929 ], [ -74.009568434117654, 40.743257784726552 ], [ -74.012148131835929, 40.743559301547712 ], [ -74.01202085006399, 40.74393977020901 ], [ -74.009512017673671, 40.743676093760456 ], [ -74.009438008708642, 40.743971255473234 ], [ -74.008900329628418, 40.743917927096184 ], [ -74.008729863594212, 40.744881537829833 ], [ -74.009612279244138, 40.744997903150697 ], [ -74.009558329297491, 40.745288825298864 ], [ -74.00991660813456, 40.745327255007247 ], [ -74.009872110854801, 40.744916502125946 ], [ -74.010167905353924, 40.744942329709772 ], [ -74.009973950219205, 40.745323135109423 ], [ -74.010469200118678, 40.745386766029164 ], [ -74.010419372093892, 40.744976824171232 ], [ -74.010764197806921, 40.745005032020956 ], [ -74.010531065377037, 40.745382050389651 ], [ -74.011103598048848, 40.745447670244126 ], [ -74.011044591508309, 40.745046212402194 ], [ -74.011387699741817, 40.745073112682796 ], [ -74.011154191769094, 40.745446378084111 ], [ -74.011739585528147, 40.745519918190389 ], [ -74.011836428724166, 40.745125963678902 ], [ -74.011782758280901, 40.745601572255588 ], [ -74.011678855055962, 40.745979461816098 ], [ -74.009463898559716, 40.74575014365962 ], [ -74.009363627342296, 40.746335601977407 ], [ -74.011591234340216, 40.746601505476171 ], [ -74.01148373087554, 40.746990588765449 ], [ -74.009243146586755, 40.746762790753891 ], [ -74.009137362599262, 40.747359762803171 ], [ -74.011406739355195, 40.747630550068223 ], [ -74.011303529937507, 40.748014571909053 ], [ -74.009058479013433, 40.747785645333011 ], [ -74.008946065023224, 40.748411893168885 ], [ -74.011215618134159, 40.748677992243728 ], [ -74.011108911829851, 40.749049875919781 ], [ -74.009948179380302, 40.748931988005872 ], [ -74.009561747473583, 40.749969975199491 ], [ -74.00925340917918, 40.749985205722105 ], [ -74.009104532157252, 40.750371069730498 ], [ -74.010677375326139, 40.751022674477092 ], [ -74.010564634764393, 40.751321462101487 ], [ -74.009000982594557, 40.750648183782758 ], [ -74.008532569250235, 40.7518836093045 ], [ -74.009340892452798, 40.752355609545731 ], [ -74.008478955727995, 40.752018571920075 ], [ -74.008426364472257, 40.752157850239463 ], [ -74.009990558197501, 40.752816187149286 ], [ -74.009970587970216, 40.752933564153338 ], [ -74.008792100908465, 40.752352138379692 ], [ -74.008687922195719, 40.752493998628573 ], [ -74.008353528388426, 40.752350739342504 ], [ -74.007744048302143, 40.754336801931899 ], [ -74.004803925601848, 40.757809843164871 ], [ -74.005278947978908, 40.758028554928437 ], [ -74.005031051366402, 40.758357016473312 ], [ -74.007003589040153, 40.759231870341232 ], [ -74.006506876401829, 40.75989203231736 ], [ -74.00450483093914, 40.759084996552872 ], [ -74.004206291253908, 40.759501707688571 ], [ -74.003806578350066, 40.759510731466193 ], [ -74.004318894250758, 40.759910685763607 ], [ -74.00366891453541, 40.759705969576743 ], [ -74.003572510400758, 40.759846558973329 ], [ -74.00392854933564, 40.7600030197206 ], [ -74.003133389914012, 40.761078345096472 ], [ -74.00278691552613, 40.760928969703485 ], [ -74.002335281300574, 40.761543727001808 ], [ -74.004556415609215, 40.762524265025235 ], [ -74.004399762035177, 40.762671359098988 ], [ -74.002200820732696, 40.761728432226619 ], [ -74.00153309066981, 40.762644598127771 ], [ -74.003757350376944, 40.763582241640755 ], [ -74.003612147941752, 40.763777043909911 ], [ -74.001386036986005, 40.762850095002058 ], [ -74.000973080220163, 40.763420271725842 ], [ -74.003149769889944, 40.764332888687399 ], [ -74.002948095157222, 40.764616835931527 ], [ -74.003146529667987, 40.764736281383868 ], [ -73.999927123677281, 40.7634065284795 ], [ -73.999622634581868, 40.763559081210644 ], [ -73.999150980879079, 40.764205259582873 ], [ -74.002288023714812, 40.765561543795414 ], [ -74.002024543303349, 40.765893266570565 ], [ -73.998884731749882, 40.764569377048673 ], [ -73.998688706945629, 40.765208570450021 ], [ -73.998270903083494, 40.76555223341343 ], [ -74.001573353852677, 40.766977192210888 ], [ -74.001314696360041, 40.767251120050119 ], [ -73.998066759053543, 40.76587188113588 ], [ -73.997378084479678, 40.766823385877146 ], [ -74.000649505304182, 40.768245236105741 ], [ -74.00038586489076, 40.768504195932053 ], [ -73.997155889492134, 40.767128696172968 ], [ -73.996457154050404, 40.768098815795817 ], [ -73.999735902478534, 40.769506177331699 ], [ -73.999472537340239, 40.76976421547193 ], [ -73.997071760393112, 40.768732643577032 ], [ -73.996571264395769, 40.769424568274005 ], [ -73.999026828329022, 40.770463272982241 ], [ -73.998762069143154, 40.770825056709377 ], [ -73.996313270220853, 40.769798836336591 ], [ -73.995424744363021, 40.771031615168127 ], [ -73.996001757490518, 40.771307465330729 ], [ -73.995899901009366, 40.771450298582288 ], [ -73.995305663653568, 40.77119600490969 ], [ -73.994925821206365, 40.771516042405686 ], [ -73.997073281693147, 40.7725428689021 ], [ -73.996872914491405, 40.772817481228778 ], [ -73.994774079308229, 40.77192954753037 ], [ -73.994445012933838, 40.772377126588495 ], [ -73.996229720019358, 40.773128975045509 ], [ -73.996120879946673, 40.773275391093193 ], [ -73.994163284563058, 40.772487191021455 ], [ -73.993831082030923, 40.772931787850823 ], [ -73.996240651898802, 40.773789791397853 ], [ -73.996179459973789, 40.773986954351692 ], [ -73.993936942483188, 40.773179510967097 ] ] ] } },
{ "type": "Feature", "properties": { "boro_cd": "107", "name": "Upper West Side", "food_10min_pct": 100.0, "proximity_mean": 100.0, "childcare_slots_per_100_u5": 48.4, "rank_food": 1, "rank_proximity": 1, "rank_childcare": 28 }, "geometry": { "type": "Polygon", "coordinates": [ [ [ -73.959646854231522, 40.801156423256643 ], [ -73.958172971038749, 40.800582540954977 ], [ -73.981679436393961, 40.768390130936332 ], [ -73.982043416681194, 40.768408210815458 ], [ -73.982092712433854, 40.768892298929934 ], [ -73.984314913071373, 40.769848183213576 ], [ -73.984763692632441, 40.769226400704092 ], [ -73.993936942483188, 40.773179510967097 ], [ -73.992622663865419, 40.774974056037138 ], [ -73.992267089035408, 40.775116033858723 ], [ -73.992059084937097, 40.775497598695026 ], [ -73.992386042960334, 40.775557179922252 ], [ -73.990927174149689, 40.777566878763153 ], [ -73.990396160036511, 40.777585065679233 ], [ -73.98886861740003, 40.779692922911593 ], [ -73.991551059227447, 40.779574820934954 ], [ -73.991419825859637, 40.779755280287254 ], [ -73.988886144116961, 40.779878898532914 ], [ -73.988919261468425, 40.780226094343881 ], [ -73.988076449145055, 40.781650935001792 ], [ -73.985465811970272, 40.785360700575623 ], [ -73.986172704965455, 40.786068452258895 ], [ -73.98711901394266, 40.785210318501711 ], [ -73.986128422485891, 40.786239001331325 ], [ -73.985429321269422, 40.78541394218481 ], [ -73.985081137732053, 40.785921935110629 ], [ -73.985765660297517, 40.78619627485881 ], [ -73.98501696406484, 40.786014237698396 ], [ -73.98465507883023, 40.786534741808161 ], [ -73.98594956155668, 40.786487113464133 ], [ -73.984619428584097, 40.786586016350029 ], [ -73.971107658523039, 40.805790139676894 ], [ -73.966701068903035, 40.804168476937299 ], [ -73.959646854231522, 40.801156423256643 ] ] ] } },
{ "type": "Feature", "properties": { "boro_cd": "309", "name": "South Crown Heights / Lefferts Gardens", "food_10min_pct": 100.0, "proximity_mean": 96.7, "childcare_slots_per_100_u5": 60.0, "rank_food": 1, "rank_proximity": 22, "rank_childcare": 14 }, "geometry": { "type": "Polygon", "coordinates": [ [ [ -73.928722045946046, 40.664495569685471 ], [ -73.931602186727858, 40.663230444400781 ], [ -73.930903549322721, 40.656610355984334 ], [ -73.959696658630605, 40.654839214726401 ], [ -73.959861031791249, 40.655634788937157 ], [ -73.961880864397983, 40.654881192052407 ], [ -73.963081454444477, 40.662196726707059 ], [ -73.962249738351389, 40.663198678195151 ], [ -73.960955954536274, 40.663285054834418 ], [ -73.962571230847274, 40.67162224488748 ], [ -73.955269636547627, 40.670124904854276 ], [ -73.928349671658964, 40.668647194690926 ], [ -73.928722045946046, 40.664495569685471 ] ] ] } },
{ "type": "Feature", "properties": { "boro_cd": "317", "name": "East Flatbush / Farragut", "food_10min_pct": 100.0, "proximity_mean": 90.6, "childcare_slots_per_100_u5": 53.9, "rank_food": 1, "rank_proximity": 44, "rank_childcare": 21 }, "geometry": { "type": "Polygon", "coordinates": [ [ [ -73.907552095735056, 40.651185925730907 ], [ -73.915930862438344, 40.645774695238146 ], [ -73.924632044503042, 40.638990092606676 ], [ -73.936104116256232, 40.632958954027529 ], [ -73.939027723156187, 40.631769119204257 ], [ -73.941671569329458, 40.631208790601931 ], [ -73.945510955219518, 40.630791482901493 ], [ -73.945867735931699, 40.634117548159992 ], [ -73.947773303943535, 40.633998156194906 ], [ -73.948264996568852, 40.638607189706995 ], [ -73.953941725358945, 40.638494724942063 ], [ -73.954730247704163, 40.644772578361852 ], [ -73.955651962408524, 40.646630410144752 ], [ -73.956300351227114, 40.655048281831348 ], [ -73.930903549322721, 40.656610355984334 ], [ -73.931602186727858, 40.663230444400781 ], [ -73.924390993847524, 40.666381423278004 ], [ -73.907552095735056, 40.651185925730907 ] ] ] } },
{ "type": "Feature", "properties": { "boro_cd": "402", "name": "Sunnyside / Woodside", "food_10min_pct": 98.8, "proximity_mean": 92.8, "childcare_slots_per_100_u5": 41.7, "rank_food": 36, "rank_proximity": 37, "rank_childcare": 40 }, "geometry": { "type": "Polygon", "coordinates": [ [ [ -73.897923512633, 40.754240002678266 ], [ -73.898068317933593, 40.753853361227115 ], [ -73.897293784799814, 40.752141155890847 ], [ -73.897421969837396, 40.75154161821601 ], [ -73.891270179532583, 40.741428248789788 ], [ -73.88770199270428, 40.734291322758779 ], [ -73.889103189824539, 40.734592396462602 ], [ -73.892784056660759, 40.734495962249099 ], [ -73.894924217083727, 40.735007721680972 ], [ -73.898307996827228, 40.735194184325849 ], [ -73.900097389902086, 40.734818505802515 ], [ -73.900662504997499, 40.734422597622732 ], [ -73.905180579197719, 40.728956576973928 ], [ -73.907167052444493, 40.727388653787465 ], [ -73.912571877438523, 40.723239634950062 ], [ -73.916554679466969, 40.722005506480109 ], [ -73.920531983343906, 40.722940342392562 ], [ -73.920275383407372, 40.723660785536083 ], [ -73.922286202808891, 40.724181286435019 ], [ -73.924192179911543, 40.724275741693596 ], [ -73.924903161651827, 40.724506575671612 ], [ -73.926556639123973, 40.725669065287406 ], [ -73.928556760854406, 40.727844828185745 ], [ -73.92923485876166, 40.728260165761228 ], [ -73.934531763756894, 40.729104806535155 ], [ -73.936445639671277, 40.729672145598755 ], [ -73.938044785071682, 40.730509967846238 ], [ -73.939110545748164, 40.73137980652573 ], [ -73.940165386409561, 40.733486374344878 ], [ -73.9400670932704, 40.733762152980297 ], [ -73.941624726364736, 40.735841442338369 ], [ -73.945939329014763, 40.737503112713846 ], [ -73.942578858121976, 40.738816020268693 ], [ -73.942803842676184, 40.738861546958987 ], [ -73.942556128052928, 40.739020865746824 ], [ -73.941461734631673, 40.739248583627308 ], [ -73.940508888057252, 40.740113941753279 ], [ -73.940361592850465, 40.74033534565838 ], [ -73.940561449690833, 40.74041832293436 ], [ -73.93910874138092, 40.74261703567943 ], [ -73.938669917531954, 40.742534082025117 ], [ -73.938587869767858, 40.742930882687659 ], [ -73.940019229756658, 40.743208272210893 ], [ -73.940148585212242, 40.742832441460223 ], [ -73.939653015213779, 40.742731087095819 ], [ -73.941188166962064, 40.740290217792129 ], [ -73.942706089921117, 40.73911506297884 ], [ -73.945482365901171, 40.738207031293932 ], [ -73.947150871811758, 40.737900123344907 ], [ -73.951380714518407, 40.739336477295211 ], [ -73.953798788086814, 40.739819865774727 ], [ -73.957414707660007, 40.739556582011744 ], [ -73.960725803736807, 40.738080170179323 ], [ -73.962165056193115, 40.738272538259146 ], [ -73.962608198169079, 40.738795539056952 ], [ -73.962209165578841, 40.740006174995884 ], [ -73.961790482630903, 40.740013130417012 ], [ -73.961246979454714, 40.740423596612757 ], [ -73.961937500864323, 40.740794878816111 ], [ -73.961803974230179, 40.741097673472183 ], [ -73.961218628520129, 40.741107860130334 ], [ -73.961073925679983, 40.741694504752282 ], [ -73.961364865830703, 40.741837197902015 ], [ -73.961108145014336, 40.741828025405496 ], [ -73.961552531689563, 40.741993261407337 ], [ -73.961190297890226, 40.742644855259861 ], [ -73.960542520406264, 40.743466393971666 ], [ -73.959774707978141, 40.743504683700635 ], [ -73.959705983608117, 40.743858650061355 ], [ -73.960568568584947, 40.744029666083016 ], [ -73.959632250239622, 40.7439346319143 ], [ -73.959391066095804, 40.744283324241451 ], [ -73.95972855228645, 40.74427211561958 ], [ -73.960155255176915, 40.744368782605747 ], [ -73.960126009623863, 40.744443936991644 ], [ -73.959233689456852, 40.744310043026665 ], [ -73.958775370044805, 40.744555599863595 ], [ -73.959442409408524, 40.744604220612331 ], [ -73.958879199433355, 40.744624331454844 ], [ -73.958758548348015, 40.744945005253022 ], [ -73.95963675133882, 40.745203169738502 ], [ -73.958493893031189, 40.744987864916411 ], [ -73.959337868447079, 40.745507606896076 ], [ -73.959059356079464, 40.745753368346541 ], [ -73.958502274593215, 40.745764974218005 ], [ -73.959143716929347, 40.746000603678645 ], [ -73.957518893210093, 40.748303619592456 ], [ -73.957839539420505, 40.748338003375409 ], [ -73.957688318434194, 40.748535026871835 ], [ -73.95749344070785, 40.748336464763291 ], [ -73.957040973429244, 40.748920350874222 ], [ -73.954853942680359, 40.748040794641142 ], [ -73.953183824928601, 40.747734811961138 ], [ -73.953053755714009, 40.748087487229469 ], [ -73.95478387869808, 40.748427687773386 ], [ -73.956321625096663, 40.749081553932456 ], [ -73.956011603027108, 40.749373994226893 ], [ -73.956221990206913, 40.749517303030586 ], [ -73.956000650946166, 40.749383703209347 ], [ -73.955760391409385, 40.749596659530376 ], [ -73.956201368672424, 40.749685632821588 ], [ -73.955464369364051, 40.749674213082812 ], [ -73.955349285144493, 40.750013856904111 ], [ -73.955066525601694, 40.749632730375588 ], [ -73.95451584573388, 40.75058669897691 ], [ -73.954498580975937, 40.75122583574057 ], [ -73.950807638183477, 40.755263680114496 ], [ -73.949112951994735, 40.754523620324299 ], [ -73.948779548612492, 40.754890418701088 ], [ -73.937429736356549, 40.749751093780603 ], [ -73.937396537821513, 40.748916439963487 ], [ -73.936863556689445, 40.748421263647678 ], [ -73.933939394171531, 40.750269645776747 ], [ -73.931519120665612, 40.751152455671161 ], [ -73.924633695362473, 40.751643345662075 ], [ -73.922550430677518, 40.751576479635304 ], [ -73.921612080252757, 40.751371552124382 ], [ -73.92101480198528, 40.750972609970241 ], [ -73.920539000844101, 40.749750827852317 ], [ -73.91525600931422, 40.750845626448481 ], [ -73.913143391788608, 40.750967052175454 ], [ -73.90984318646106, 40.75163867983072 ], [ -73.910674748310299, 40.752995076324481 ], [ -73.897923512633, 40.754240002678266 ] ] ] } },
{ "type": "Feature", "properties": { "boro_cd": "401", "name": "Astoria", "food_10min_pct": 98.0, "proximity_mean": 93.8, "childcare_slots_per_100_u5": 35.4, "rank_food": 38, "rank_proximity": 34, "rank_childcare": 51 }, "geometry": { "type": "MultiPolygon", "coordinates": [ [ [ [ -73.906473146101007, 40.790181175208275 ], [ -73.902063278867573, 40.789494405997978 ], [ -73.900326297438212, 40.789007662825895 ], [ -73.896939935625639, 40.786624668969885 ], [ -73.896512049136149, 40.786068659026199 ], [ -73.896352513223363, 40.786179310203451 ], [ -73.896502548339797, 40.786057467844252 ], [ -73.896043766681316, 40.785799987480637 ], [ -73.896140150898177, 40.785607167288475 ], [ -73.895980013227856, 40.785711675769122 ], [ -73.895929629755258, 40.785648944314012 ], [ -73.896126326325913, 40.785593168809022 ], [ -73.895829143770598, 40.785221527383669 ], [ -73.898761626615041, 40.782748945882091 ], [ -73.901145775521115, 40.782711106090765 ], [ -73.902178153160023, 40.781780561863656 ], [ -73.902579296723488, 40.780289120835754 ], [ -73.902343038826771, 40.780187244804765 ], [ -73.902183037066592, 40.78035936664967 ], [ -73.902035657901166, 40.781203101963087 ], [ -73.901291276189269, 40.781858419270527 ], [ -73.900349607803392, 40.78216441002759 ], [ -73.898654378440384, 40.781995420320968 ], [ -73.894377779341369, 40.78424320348438 ], [ -73.896063777384313, 40.783157201805366 ], [ -73.894774290535366, 40.782253592494421 ], [ -73.895421979716659, 40.781717771016446 ], [ -73.895357505675136, 40.7816576571336 ], [ -73.89460091774589, 40.782253158981511 ], [ -73.895344478422942, 40.78158556631147 ], [ -73.894164690907942, 40.782472046706637 ], [ -73.893060906920638, 40.781848289707327 ], [ -73.892307502036459, 40.782466041573905 ], [ -73.892749178764149, 40.782965706684919 ], [ -73.891654591237256, 40.782194781530855 ], [ -73.892241910973681, 40.782410799563863 ], [ -73.893009861801929, 40.781798023562374 ], [ -73.892278645975964, 40.781300322182965 ], [ -73.892111488546817, 40.781395179209248 ], [ -73.892217927786461, 40.781205323876719 ], [ -73.891671037329914, 40.780854854274025 ], [ -73.891591641684158, 40.780581120818795 ], [ -73.892540181455516, 40.779551834271636 ], [ -73.891668597029238, 40.779492538907483 ], [ -73.891195897044014, 40.778563287887266 ], [ -73.892522598608892, 40.777404628989267 ], [ -73.892253657034573, 40.777204523029084 ], [ -73.892860400756589, 40.777159074851113 ], [ -73.89423247497794, 40.778153613229904 ], [ -73.89656477551955, 40.77624702432567 ], [ -73.893242367510624, 40.773943019148497 ], [ -73.889430389970798, 40.773004242754418 ], [ -73.888744439829864, 40.768918179253212 ], [ -73.888217777783936, 40.768589987898928 ], [ -73.887706618200198, 40.766838598051706 ], [ -73.891835357963473, 40.766227080049546 ], [ -73.891444897473136, 40.766074654134513 ], [ -73.89349605945462, 40.765950930000955 ], [ -73.894323720214643, 40.766146471735595 ], [ -73.89506657695074, 40.764331328290488 ], [ -73.896411384034636, 40.763150083270439 ], [ -73.899795600927689, 40.757970327647371 ], [ -73.899726504389818, 40.756541866817237 ], [ -73.89925857125111, 40.755535074509602 ], [ -73.898408064172315, 40.75440594265153 ], [ -73.897923512633, 40.754240002678266 ], [ -73.910674748310299, 40.752995076324481 ], [ -73.90984318646106, 40.75163867983072 ], [ -73.913143391788608, 40.750967052175454 ], [ -73.91525600931422, 40.750845626448481 ], [ -73.920539000844101, 40.749750827852317 ], [ -73.92101480198528, 40.750972609970241 ], [ -73.921612080252757, 40.751371552124382 ], [ -73.922550430677518, 40.751576479635304 ], [ -73.924633695362473, 40.751643345662075 ], [ -73.931519120665612, 40.751152455671161 ], [ -73.933939394171531, 40.750269645776747 ], [ -73.936863556689445, 40.748421263647678 ], [ -73.937396537821513, 40.748916439963487 ], [ -73.937429736356549, 40.749751093780603 ], [ -73.948779548612492, 40.754890418701088 ], [ -73.949112951994735, 40.754523620324299 ], [ -73.950807638183477, 40.755263680114496 ], [ -73.94350281966635, 40.764499040743665 ], [ -73.94131174941451, 40.766918004769792 ], [ -73.939835593491225, 40.767988005939472 ], [ -73.93936587223844, 40.768159701879746 ], [ -73.938955024533072, 40.76795818671981 ], [ -73.938197307547568, 40.768699744356844 ], [ -73.937887684263998, 40.768557553432302 ], [ -73.937958228951345, 40.768784934017994 ], [ -73.937471091168675, 40.768951558589229 ], [ -73.936814606547287, 40.768903947478591 ], [ -73.936403817361636, 40.769474884517088 ], [ -73.935740214326245, 40.769367229866724 ], [ -73.934895338945566, 40.770041862889691 ], [ -73.934694990670323, 40.770425338022733 ], [ -73.935147154025998, 40.770541956058587 ], [ -73.935008138722253, 40.771162394866707 ], [ -73.934527301094406, 40.771176775103541 ], [ -73.934435257431772, 40.771462362333601 ], [ -73.935548446696075, 40.771953686825093 ], [ -73.935566217513568, 40.771629116391807 ], [ -73.935851952947488, 40.771716001992843 ], [ -73.935589228193095, 40.771965973676807 ], [ -73.937466385370769, 40.772531495125392 ], [ -73.93781335903401, 40.773562894647739 ], [ -73.937654830247027, 40.77508568538348 ], [ -73.936089196991006, 40.777184322077218 ], [ -73.93474353011284, 40.7780763353772 ], [ -73.932722104539664, 40.778034767118129 ], [ -73.931788343051551, 40.777870607105001 ], [ -73.931049642989962, 40.777441896809627 ], [ -73.930628565541653, 40.776590902749753 ], [ -73.929880585001399, 40.776221631399437 ], [ -73.928605150233494, 40.776592675101163 ], [ -73.926318334039038, 40.77824177518513 ], [ -73.924873445478667, 40.778625604509656 ], [ -73.922956526901956, 40.780441007619807 ], [ -73.922099654994398, 40.780851874637115 ], [ -73.919090346745449, 40.783367646004145 ], [ -73.918188629391892, 40.783932966113852 ], [ -73.917171186464316, 40.784193484371599 ], [ -73.916832770164234, 40.785191392487569 ], [ -73.915751728945622, 40.786107578578275 ], [ -73.915260139360356, 40.786192217144261 ], [ -73.915587101397662, 40.786429631166037 ], [ -73.912599859114906, 40.789376329634067 ], [ -73.9124081093413, 40.789274303445254 ], [ -73.912667482946034, 40.789003975043954 ], [ -73.911837777361015, 40.789680884458512 ], [ -73.910942975003579, 40.789755043253997 ], [ -73.910904870988048, 40.790040684460465 ], [ -73.909858629257783, 40.790945493782061 ], [ -73.906473146101007, 40.790181175208275 ] ] ], [ [ [ -73.88885148496334, 40.798706328958936 ], [ -73.888213488512804, 40.798665304638732 ], [ -73.888233533136486, 40.79824288428609 ], [ -73.887559675806529, 40.798368732437261 ], [ -73.886651085245902, 40.798038196700077 ], [ -73.883716023646357, 40.79568983925958 ], [ -73.883661752616192, 40.795968291282357 ], [ -73.883203943037458, 40.795544997462414 ], [ -73.882096336874682, 40.795159861043182 ], [ -73.879757458211671, 40.794883683670868 ], [ -73.877975232167842, 40.794359790094575 ], [ -73.875830754856594, 40.793150117287418 ], [ -73.874852679056886, 40.792260723907035 ], [ -73.872218789710629, 40.791036861766635 ], [ -73.871211541435031, 40.790036121737323 ], [ -73.870785739514403, 40.78799646524579 ], [ -73.871630653733618, 40.786797905843265 ], [ -73.872809199499883, 40.785903109099415 ], [ -73.873427632867191, 40.78576182995954 ], [ -73.876291295562908, 40.785848464207298 ], [ -73.878306800576496, 40.78535662050863 ], [ -73.885374422111198, 40.786669126296125 ], [ -73.887701263725319, 40.786872274573426 ], [ -73.889052124432794, 40.787372559755681 ], [ -73.890301354990171, 40.789876726832318 ], [ -73.890799999098334, 40.790207576198696 ], [ -73.891605871154539, 40.79016070045077 ], [ -73.892181829849392, 40.790394269609159 ], [ -73.89282283610936, 40.792817081951618 ], [ -73.89179289686578, 40.796775245758838 ], [ -73.890731390283321, 40.797660899806715 ], [ -73.890874216789967, 40.797829748226526 ], [ -73.890621482665409, 40.797748923448729 ], [ -73.890795051270658, 40.798021837353211 ], [ -73.890607858242561, 40.797767507137927 ], [ -73.890169163686309, 40.79796465843274 ], [ -73.889212838980995, 40.797801204104289 ], [ -73.888352480982803, 40.798139359198544 ], [ -73.888512853716051, 40.798590541019827 ], [ -73.88885148496334, 40.798706328958936 ] ] ] ] } },
{ "type": "Feature", "properties": { "boro_cd": "207", "name": "Kingsbridge Heights / Bedford Park", "food_10min_pct": 100.0, "proximity_mean": 97.1, "childcare_slots_per_100_u5": 90.5, "rank_food": 1, "rank_proximity": 19, "rank_childcare": 1 }, "geometry": { "type": "Polygon", "coordinates": [ [ [ -73.87518850162698, 40.871575756309689 ], [ -73.876943519588721, 40.869954681571592 ], [ -73.88801469388342, 40.863888949098772 ], [ -73.889272736549998, 40.862916399710755 ], [ -73.890674516936471, 40.861320072680861 ], [ -73.891771887992022, 40.861871716750279 ], [ -73.892851691552963, 40.861832193495971 ], [ -73.896938996851361, 40.862442929751232 ], [ -73.899436708404068, 40.862116912065716 ], [ -73.901079670177253, 40.86275638342314 ], [ -73.903908166694364, 40.858367585816119 ], [ -73.90777484290885, 40.859609519622246 ], [ -73.909667478309132, 40.857484948653337 ], [ -73.910721043226687, 40.85870623223429 ], [ -73.914036078876592, 40.859941953329539 ], [ -73.914674807120008, 40.85971240616233 ], [ -73.915762132109379, 40.860644637293113 ], [ -73.913414621936553, 40.863367493700885 ], [ -73.912762719954614, 40.863029174157752 ], [ -73.912272789769773, 40.863632148996857 ], [ -73.912797621289414, 40.863898875433016 ], [ -73.912526045168065, 40.863795223837947 ], [ -73.912676340203845, 40.864021111602597 ], [ -73.910442827419558, 40.866527868348236 ], [ -73.909496643785218, 40.868831156641072 ], [ -73.908649431113759, 40.871385783802943 ], [ -73.909511363280188, 40.872977383598624 ], [ -73.910654392496312, 40.873975943060728 ], [ -73.910269710887178, 40.874271814544322 ], [ -73.909734872298628, 40.874638144067212 ], [ -73.908555795888006, 40.873775443923087 ], [ -73.905714253625078, 40.873138322101951 ], [ -73.904677282084094, 40.872619878995984 ], [ -73.904440073250186, 40.872330328251842 ], [ -73.904488604897111, 40.870578548547847 ], [ -73.903749758939639, 40.869595627140257 ], [ -73.902358047802338, 40.868696120953047 ], [ -73.899965756483851, 40.868017301510505 ], [ -73.899338511723897, 40.869228028104935 ], [ -73.897789622704778, 40.870856643398703 ], [ -73.891406963323305, 40.878969446246579 ], [ -73.889975375540757, 40.88023313142233 ], [ -73.888364876050034, 40.882267541862042 ], [ -73.887069627837747, 40.882476896066322 ], [ -73.887051426023376, 40.884349575846805 ], [ -73.884216964431815, 40.883197728058647 ], [ -73.882748332946548, 40.883397386801192 ], [ -73.881244225415543, 40.88270963300576 ], [ -73.878149446345162, 40.886873807364935 ], [ -73.878001248811785, 40.887447195726615 ], [ -73.87760676546273, 40.884523043619929 ], [ -73.878125752277896, 40.882153684974647 ], [ -73.87470255556498, 40.881553823556828 ], [ -73.874945897555904, 40.879947668792916 ], [ -73.870835678402528, 40.88045411427936 ], [ -73.870153185972654, 40.880350827058166 ], [ -73.872552509003341, 40.875175183326085 ], [ -73.87518850162698, 40.871575756309689 ] ] ] } },
{ "type": "Feature", "properties": { "boro_cd": "202", "name": "Hunts Point / Longwood", "food_10min_pct": 100.0, "proximity_mean": 95.9, "childcare_slots_per_100_u5": 50.9, "rank_food": 1, "rank_proximity": 26, "rank_childcare": 25 }, "geometry": { "type": "MultiPolygon", "coordinates": [ [ [ [ -73.896808832237738, 40.795808445159992 ], [ -73.896938729987923, 40.795635872853772 ], [ -73.897968397837417, 40.7956448391622 ], [ -73.899194342499811, 40.796502456018395 ], [ -73.89788253240107, 40.797116532649802 ], [ -73.897131497956423, 40.796798077728489 ], [ -73.89678526341234, 40.796329166487297 ], [ -73.896808832237738, 40.795808445159992 ] ] ], [ [ [ -73.898330362704797, 40.802412821442786 ], [ -73.896466688345711, 40.800790470891513 ], [ -73.898640387149186, 40.799101165124092 ], [ -73.900210049930706, 40.799264156398721 ], [ -73.899787388009216, 40.799509553872156 ], [ -73.899715638174442, 40.800798808502961 ], [ -73.900037358157419, 40.800908742050368 ], [ -73.899489194236708, 40.80090111592974 ], [ -73.899387485710506, 40.801935665070467 ], [ -73.898330362704797, 40.802412821442786 ] ] ], [ [ [ -73.893854541866489, 40.827340036745802 ], [ -73.892932261011438, 40.82678703602997 ], [ -73.887895109014224, 40.826743185296735 ], [ -73.885026388461014, 40.828187157744424 ], [ -73.883784141345714, 40.828274292462552 ], [ -73.884387052875681, 40.826817283532364 ], [ -73.884644507004893, 40.823814273701764 ], [ -73.882447795529799, 40.81926832200913 ], [ -73.878062832621268, 40.816182632444253 ], [ -73.876634599637086, 40.815711508099341 ], [ -73.876731855068172, 40.815386496486781 ], [ -73.872394379000909, 40.813974335606027 ], [ -73.872036875399345, 40.813685513372853 ], [ -73.87095753684099, 40.812146180609652 ], [ -73.870568069279329, 40.812087317622606 ], [ -73.870553421916341, 40.811243380723099 ], [ -73.868112191400797, 40.806751832832028 ], [ -73.868463469591447, 40.805936548939222 ], [ -73.871745093739193, 40.801547366116331 ], [ -73.873550965725059, 40.800853302772012 ], [ -73.874677163140589, 40.800979422864366 ], [ -73.874730604526988, 40.801256637628782 ], [ -73.87526517037324, 40.801398152548643 ], [ -73.875857885813303, 40.801455987586579 ], [ -73.875929980716066, 40.801084223091316 ], [ -73.878142188199234, 40.801319290306637 ], [ -73.87796880375376, 40.801711115128327 ], [ -73.878234649218001, 40.802646805768383 ], [ -73.879213484076857, 40.80279532683528 ], [ -73.883695424224769, 40.802162123603068 ], [ -73.883964625196128, 40.801965148862394 ], [ -73.883690369965407, 40.801945255805308 ], [ -73.883723266659231, 40.801862843941215 ], [ -73.885051723367084, 40.80213090679819 ], [ -73.887270973471189, 40.803947002336848 ], [ -73.887958972239545, 40.804997925920844 ], [ -73.888592177064027, 40.804789275097981 ], [ -73.889064420260723, 40.805021912402175 ], [ -73.889366403769358, 40.805380780298364 ], [ -73.889224160911539, 40.805845351192175 ], [ -73.890147562438628, 40.804960609786789 ], [ -73.889374392536951, 40.805925273115456 ], [ -73.890059326924288, 40.805704324681479 ], [ -73.891499037300775, 40.805931238240682 ], [ -73.891441042772101, 40.805661899067537 ], [ -73.891786181356039, 40.805622892086355 ], [ -73.891979295342736, 40.806384708976402 ], [ -73.892706810664308, 40.806343948595639 ], [ -73.892531771394246, 40.805656551568532 ], [ -73.89227315843533, 40.805702433124978 ], [ -73.89216364547643, 40.80530259256561 ], [ -73.891267106228895, 40.805010489424312 ], [ -73.891732409956148, 40.805049363420487 ], [ -73.892197396715616, 40.80528468791956 ], [ -73.892300203275781, 40.805660605670354 ], [ -73.892566677384124, 40.805620710004796 ], [ -73.892748140374039, 40.806340261302189 ], [ -73.89463252351014, 40.806232332424862 ], [ -73.894726019096197, 40.806026246583677 ], [ -73.894853605358762, 40.806214908158893 ], [ -73.894842959836325, 40.805723997012336 ], [ -73.895098364873178, 40.806863639676301 ], [ -73.895506339685667, 40.806595305303816 ], [ -73.895279628740099, 40.805766184068077 ], [ -73.895591090918231, 40.806581343347645 ], [ -73.895670251387585, 40.806290130457107 ], [ -73.895977946877494, 40.806517615839788 ], [ -73.895790669580833, 40.805830559209284 ], [ -73.896108245178823, 40.806496150951389 ], [ -73.896230407370183, 40.806210471902325 ], [ -73.897260149991467, 40.806040959847422 ], [ -73.897496819538219, 40.806214400705251 ], [ -73.897414726985716, 40.805800059478244 ], [ -73.897638187411516, 40.806201320839008 ], [ -73.897728272510705, 40.805967494137455 ], [ -73.89801340896237, 40.806166603859396 ], [ -73.897871279906568, 40.805534981759784 ], [ -73.898161107527002, 40.806138070100083 ], [ -73.898125361839618, 40.805650760303045 ], [ -73.898526565166037, 40.805434309098104 ], [ -73.900972988815354, 40.804876097891352 ], [ -73.902126828309974, 40.804825309566041 ], [ -73.903417203736481, 40.811506882855817 ], [ -73.904465514767367, 40.812281959913847 ], [ -73.903469971837922, 40.815075788484059 ], [ -73.897569587585906, 40.829423000831099 ], [ -73.893854541866489, 40.827340036745802 ] ] ] ] } },
{ "type": "Feature", "properties": { "boro_cd": "210", "name": "Throgs Neck / Co-op City", "food_10min_pct": 75.0, "proximity_mean": 76.1, "childcare_slots_per_100_u5": 40.5, "rank_food": 56, "rank_proximity": 56, "rank_childcare": 44 }, "geometry": { "type": "MultiPolygon", "coordinates": [ [ [ [ -73.788333498345324, 40.834667129759545 ], [ -73.789312236066237, 40.83446488655364 ], [ -73.78951019872315, 40.835364042525896 ], [ -73.788457000152135, 40.835309914315566 ], [ -73.788333498345324, 40.834667129759545 ] ] ], [ [ [ -73.802222953552629, 40.841634813144267 ], [ -73.802638111563013, 40.841081152764694 ], [ -73.805294959106661, 40.841134924850394 ], [ -73.806946086417454, 40.841462446683963 ], [ -73.806808013723909, 40.84248913998772 ], [ -73.80393073307259, 40.842594073052631 ], [ -73.803675600265265, 40.842258492916194 ], [ -73.802222953552629, 40.841634813144267 ] ] ], [ [ [ -73.780689452912611, 40.854928807936048 ], [ -73.781205257719691, 40.855068368682318 ], [ -73.781101953351552, 40.855491752855428 ], [ -73.78067959609217, 40.855344450807536 ], [ -73.780689452912611, 40.854928807936048 ] ] ], [ [ [ -73.782852131004006, 40.855485805307843 ], [ -73.782597115919131, 40.854822560971634 ], [ -73.783858619120267, 40.854831567415737 ], [ -73.78330379042221, 40.855848582320348 ], [ -73.782852131004006, 40.855485805307843 ] ] ], [ [ [ -73.789222029618813, 40.858742515531524 ], [ -73.788766519965876, 40.858402167578625 ], [ -73.78878402854582, 40.857420690336696 ], [ -73.788043429758005, 40.857559917687304 ], [ -73.788028307018294, 40.857514681283888 ], [ -73.788778985440217, 40.857400925199819 ], [ -73.788896549571902, 40.856573386709982 ], [ -73.788359432223658, 40.855626489148442 ], [ -73.788477326533624, 40.854400520532366 ], [ -73.788347006836318, 40.854153518949971 ], [ -73.787562828152176, 40.85437584889344 ], [ -73.787347531464235, 40.854385885459685 ], [ -73.788345147840971, 40.854132012350291 ], [ -73.786907347026968, 40.854063972299343 ], [ -73.787928217073144, 40.853737797389321 ], [ -73.788000649496666, 40.853524636328203 ], [ -73.785881865064908, 40.851788672943606 ], [ -73.785292107190273, 40.851620649973704 ], [ -73.784131891679849, 40.851832806157404 ], [ -73.784314151660126, 40.851767545707069 ], [ -73.783961124883092, 40.851486933923134 ], [ -73.783381586103943, 40.85158673391453 ], [ -73.78360210541598, 40.851319519782848 ], [ -73.784600776976077, 40.851095692195393 ], [ -73.784454632885527, 40.850772873854659 ], [ -73.783841193079951, 40.850692899498497 ], [ -73.784200471343866, 40.850060644240777 ], [ -73.783534978085783, 40.849220967923017 ], [ -73.78303535537907, 40.849071908128025 ], [ -73.78244952709214, 40.849341154015868 ], [ -73.78215814152054, 40.849116173924031 ], [ -73.781574923799994, 40.849430631845529 ], [ -73.781544490884343, 40.849400435146045 ], [ -73.782141086978484, 40.849100662667865 ], [ -73.781432495222887, 40.848800005813494 ], [ -73.78149386587495, 40.848580475825969 ], [ -73.782674670788808, 40.848139672444177 ], [ -73.780978209389559, 40.848458347913734 ], [ -73.782637403978939, 40.848072649245992 ], [ -73.781484319505623, 40.847882193848818 ], [ -73.781429203479178, 40.847456345357422 ], [ -73.782078484501113, 40.847130807905543 ], [ -73.782163934355808, 40.846636337780978 ], [ -73.780462415984658, 40.847100233289751 ], [ -73.780403269585946, 40.846931134166233 ], [ -73.781060439728506, 40.846802552357062 ], [ -73.781151825785685, 40.846246304627286 ], [ -73.781106757608015, 40.846746997141345 ], [ -73.781687869378487, 40.846638875212072 ], [ -73.781742889032557, 40.846412290116099 ], [ -73.781714946227609, 40.846657474214858 ], [ -73.781093018851891, 40.846798491587577 ], [ -73.782156673968316, 40.84660757811384 ], [ -73.782513451168597, 40.846408771551374 ], [ -73.782495972589544, 40.8456615619492 ], [ -73.783094420486535, 40.845518285564864 ], [ -73.783146442273704, 40.845309942026198 ], [ -73.783074558306609, 40.845509764292089 ], [ -73.782424871555151, 40.845676336667196 ], [ -73.781816461043121, 40.84576497805115 ], [ -73.783050749408005, 40.845496823176056 ], [ -73.783060231265836, 40.845085708567197 ], [ -73.78181535900454, 40.845480582880498 ], [ -73.783074574466852, 40.845056368734042 ], [ -73.783152455057433, 40.845295983327965 ], [ -73.78297579244331, 40.844680948020589 ], [ -73.783365361353461, 40.844444722981891 ], [ -73.783011298293857, 40.844172690850002 ], [ -73.783484287488179, 40.843678545998621 ], [ -73.78290650949765, 40.843936125840273 ], [ -73.780527360485465, 40.844525140338341 ], [ -73.779927037444381, 40.843883081356026 ], [ -73.780533027143946, 40.844453022265391 ], [ -73.78039623282011, 40.843966408179952 ], [ -73.780584647288833, 40.844434572698404 ], [ -73.781062613642987, 40.844328317876894 ], [ -73.780876901987114, 40.843862220487971 ], [ -73.781089777978551, 40.844320127077772 ], [ -73.781546025233354, 40.844215889747844 ], [ -73.781376740983703, 40.843704486540204 ], [ -73.781575903026976, 40.844207703470609 ], [ -73.782007705366752, 40.844109600669839 ], [ -73.781833065993609, 40.843575518305073 ], [ -73.782037575862645, 40.844103474973615 ], [ -73.782436798954606, 40.844009431100041 ], [ -73.78224871668732, 40.843436168417668 ], [ -73.782469397062428, 40.843999187835244 ], [ -73.782822439713897, 40.84391948119962 ], [ -73.782572107239389, 40.843294581943482 ], [ -73.782784986356603, 40.843754545481104 ], [ -73.783091861123793, 40.843685054811388 ], [ -73.782873882431886, 40.84312410236253 ], [ -73.78313252568671, 40.843697496731941 ], [ -73.782806615065596, 40.843779316122202 ], [ -73.782841516176845, 40.843894787202103 ], [ -73.783474812492543, 40.843654738109905 ], [ -73.782887783014857, 40.842494828849802 ], [ -73.782815845260572, 40.842764522596823 ], [ -73.78270669982571, 40.842532475810501 ], [ -73.782299412709179, 40.842605896413502 ], [ -73.782444524045943, 40.843042034416889 ], [ -73.782266828747382, 40.842612018228394 ], [ -73.781800483624494, 40.842696145793838 ], [ -73.781933065936713, 40.843228088076629 ], [ -73.781771969277315, 40.842702273492158 ], [ -73.78124656634499, 40.842797107289641 ], [ -73.781427851886022, 40.843370873779143 ], [ -73.781216011192896, 40.842804777395848 ], [ -73.780674299250222, 40.842907304537867 ], [ -73.780829036813032, 40.843507297145834 ], [ -73.780643759933099, 40.842910337621042 ], [ -73.780295525319048, 40.842973045396668 ], [ -73.780227738726808, 40.843778181297886 ], [ -73.780226624182461, 40.842883268433056 ], [ -73.782864993049188, 40.842478101882882 ], [ -73.780597358224298, 40.842786600443731 ], [ -73.782368559535044, 40.842428493149839 ], [ -73.782151661393911, 40.842355228614082 ], [ -73.782311109105478, 40.842224178957323 ], [ -73.78162055021923, 40.842329494888205 ], [ -73.782306433177638, 40.84221111581018 ], [ -73.782332572158921, 40.841922844111558 ], [ -73.781440031078489, 40.84214213349361 ], [ -73.782323512859506, 40.841898330454761 ], [ -73.782037525339447, 40.84184191671519 ], [ -73.782166244189625, 40.841689144110276 ], [ -73.781299281155697, 40.841794441623748 ], [ -73.781338685713934, 40.841996218986914 ], [ -73.780696328021335, 40.842032383000827 ], [ -73.780720988304395, 40.842191532305939 ], [ -73.780348051582251, 40.842109098224633 ], [ -73.780425771815331, 40.842494394207009 ], [ -73.780195999552873, 40.842046210976342 ], [ -73.781850481977827, 40.84165394639448 ], [ -73.781660512136114, 40.841124175085774 ], [ -73.780842238023126, 40.841276324028307 ], [ -73.780892206101498, 40.841553084198445 ], [ -73.78079752923459, 40.841256146048551 ], [ -73.7816485529559, 40.841097763528985 ], [ -73.781391435687851, 40.841036610120895 ], [ -73.781610696515287, 40.840996240025859 ], [ -73.781374881949532, 40.840978871005241 ], [ -73.781593969372551, 40.840939796748216 ], [ -73.781542960605393, 40.840386661604626 ], [ -73.781253618345715, 40.840255500439007 ], [ -73.781488780892531, 40.840197323922233 ], [ -73.781179478024015, 40.839745862255967 ], [ -73.781341251457675, 40.83947856344308 ], [ -73.78113875725964, 40.83949427880188 ], [ -73.782004209890431, 40.838015572307292 ], [ -73.781884557202829, 40.837650276604926 ], [ -73.7823814255608, 40.837324106167557 ], [ -73.782727607386619, 40.837487959849014 ], [ -73.782906291908787, 40.837320006072908 ], [ -73.782822601397385, 40.83633815588805 ], [ -73.783381680593365, 40.836909271680824 ], [ -73.784101645913125, 40.836725529358127 ], [ -73.784484561400149, 40.837024222538723 ], [ -73.784980603280943, 40.836746426080751 ], [ -73.785082266427807, 40.836881907710705 ], [ -73.784503339653639, 40.837057765171309 ], [ -73.784850092226648, 40.837470489178692 ], [ -73.785639978454526, 40.837064434585542 ], [ -73.785830679641236, 40.837209980004722 ], [ -73.785165844286638, 40.837471334061938 ], [ -73.785577968509486, 40.837927113225561 ], [ -73.785735092986897, 40.839234231775997 ], [ -73.786525984964271, 40.839723115607129 ], [ -73.787407587460109, 40.839677623197097 ], [ -73.787491664125952, 40.840842341674197 ], [ -73.788181321445634, 40.840711080501563 ], [ -73.78815921166516, 40.840490778567215 ], [ -73.788254532834571, 40.840745863118677 ], [ -73.787523797335353, 40.840879612687907 ], [ -73.78786404049697, 40.841081725835068 ], [ -73.787612377825923, 40.841198005296022 ], [ -73.787844874993183, 40.841471479835988 ], [ -73.788366174749811, 40.841504610514164 ], [ -73.788020035503621, 40.841783841458962 ], [ -73.788293588438648, 40.841785373136851 ], [ -73.788055990707889, 40.841867030177724 ], [ -73.788384566136742, 40.84238197837081 ], [ -73.788838648951483, 40.842350395961354 ], [ -73.788527808673749, 40.842425576894954 ], [ -73.789058255013657, 40.843235331770224 ], [ -73.789924249244194, 40.843224154240879 ], [ -73.789930933880925, 40.843042264866405 ], [ -73.789999753090385, 40.843307817243804 ], [ -73.789804495020419, 40.843586656282575 ], [ -73.789337087257152, 40.843681498055709 ], [ -73.789471822140939, 40.844292978352215 ], [ -73.790665890010246, 40.845741558834568 ], [ -73.79098858375896, 40.845652832062662 ], [ -73.790697853648581, 40.845786012551038 ], [ -73.790973333106777, 40.846357311525146 ], [ -73.791490765135592, 40.846251004965417 ], [ -73.791127592466509, 40.846357590949722 ], [ -73.791181287853448, 40.846555675929942 ], [ -73.791480347256851, 40.846802052713883 ], [ -73.791793436254551, 40.846731672329476 ], [ -73.791367098584516, 40.846887642685999 ], [ -73.791440496881719, 40.847306043986315 ], [ -73.791772327008516, 40.847228253279255 ], [ -73.791919978100893, 40.847258218030895 ], [ -73.791267085672061, 40.847601867856845 ], [ -73.791329759700531, 40.848057923064431 ], [ -73.791617654314507, 40.84805292440798 ], [ -73.791335880632332, 40.848086238652606 ], [ -73.791013623388324, 40.84898521021956 ], [ -73.789757110706105, 40.84953146928779 ], [ -73.789858369521923, 40.849972559362044 ], [ -73.790947768576345, 40.849739179643997 ], [ -73.790988771248038, 40.849828349029778 ], [ -73.789866303138112, 40.849989390200776 ], [ -73.790017587890077, 40.850316331962674 ], [ -73.790357669817297, 40.850142334616088 ], [ -73.789891865858323, 40.85046418078948 ], [ -73.790268245072681, 40.850961088073994 ], [ -73.790124391718322, 40.851189912194748 ], [ -73.789513715161689, 40.851300771713312 ], [ -73.78956272464201, 40.851487336822274 ], [ -73.790057814269247, 40.851414530211251 ], [ -73.790017970535416, 40.851259470959697 ], [ -73.790089615699927, 40.851407163589961 ], [ -73.79033709518076, 40.851220143851236 ], [ -73.790987179842986, 40.851264015299243 ], [ -73.7896649034452, 40.851500382132286 ], [ -73.789725737120818, 40.851692670565129 ], [ -73.790892179300755, 40.851546903549064 ], [ -73.790195886672848, 40.851752904563106 ], [ -73.790463705280999, 40.851767006154191 ], [ -73.790083969041191, 40.852034527382393 ], [ -73.790155092610107, 40.852251285236001 ], [ -73.790160951500241, 40.85204023592852 ], [ -73.790274042357851, 40.852223271092704 ], [ -73.790532124206806, 40.852163415147928 ], [ -73.790452003361011, 40.851989720950449 ], [ -73.790806105877678, 40.852099875967944 ], [ -73.790560925243284, 40.851944443891547 ], [ -73.790794633548444, 40.851861341385948 ], [ -73.790853807177214, 40.852088824968561 ], [ -73.791010971184562, 40.851860805253082 ], [ -73.791187707645491, 40.852016112506924 ], [ -73.791462933388758, 40.851945149696867 ], [ -73.791320451175096, 40.85177969609434 ], [ -73.791517386779489, 40.851729935891065 ], [ -73.791495968142186, 40.851934072421507 ], [ -73.791727501887394, 40.851764653959329 ], [ -73.792483593571873, 40.851523791407089 ], [ -73.791767806059497, 40.851774007706247 ], [ -73.792057314578898, 40.851825573262552 ], [ -73.790170071263006, 40.852280661153557 ], [ -73.791137951709317, 40.852055852573848 ], [ -73.791236559717788, 40.852280289886707 ], [ -73.793182840758561, 40.851808571871473 ], [ -73.793118371838375, 40.851578295240998 ], [ -73.793237867876343, 40.85193117467464 ], [ -73.791245567837677, 40.852304681410892 ], [ -73.791380526955237, 40.85260203830493 ], [ -73.793409876311642, 40.852021883730572 ], [ -73.793507628319134, 40.85226404392499 ], [ -73.793424006690444, 40.852136302527761 ], [ -73.791391064686735, 40.852628074986079 ], [ -73.791446400277877, 40.85277157192435 ], [ -73.790420537801708, 40.853022978212692 ], [ -73.790498793628927, 40.853188722016213 ], [ -73.791005867402177, 40.853117691262128 ], [ -73.791454363037246, 40.853010847713733 ], [ -73.79143702716641, 40.852822727983671 ], [ -73.79150327251574, 40.853004748959826 ], [ -73.791655544362442, 40.852777338226709 ], [ -73.791963183111477, 40.852895448228907 ], [ -73.791916499462175, 40.852710988138611 ], [ -73.79198928164567, 40.852888070298192 ], [ -73.792175808378019, 40.852649584321796 ], [ -73.792251860974034, 40.852822960884936 ], [ -73.792436754733544, 40.852585708206199 ], [ -73.792509540480552, 40.852761552714568 ], [ -73.792830838848943, 40.85268046076807 ], [ -73.792815119669285, 40.852494819309065 ], [ -73.79290086687061, 40.852695435982476 ], [ -73.790807587299284, 40.853199060064462 ], [ -73.791114314293864, 40.853264451924858 ], [ -73.791265731658783, 40.853706864233338 ], [ -73.79252408728911, 40.853409920705055 ], [ -73.792409310369308, 40.853053336114897 ], [ -73.792555983925809, 40.853401178540949 ], [ -73.792979283110469, 40.853302944909615 ], [ -73.792876100485884, 40.852944181328624 ], [ -73.793039911702664, 40.853371249285374 ], [ -73.79105721254831, 40.853918412426836 ], [ -73.792458168448107, 40.853600708755103 ], [ -73.791070027659529, 40.853944956664805 ], [ -73.792537146048673, 40.853849327813073 ], [ -73.792567589446335, 40.854016434943247 ], [ -73.791793668094158, 40.854004829900553 ], [ -73.791918117363863, 40.854222354743072 ], [ -73.791292821606476, 40.854584025976969 ], [ -73.792076756675542, 40.855645167707259 ], [ -73.792503066854508, 40.855788666137201 ], [ -73.792017122285287, 40.856176948606475 ], [ -73.792568141259864, 40.856256118770169 ], [ -73.792010500090555, 40.856225127718602 ], [ -73.791901833402562, 40.856546911368206 ], [ -73.793094921523718, 40.856686441404285 ], [ -73.791894229588848, 40.8565688893298 ], [ -73.791707042573648, 40.8568518428552 ], [ -73.792202659502536, 40.857146000410523 ], [ -73.792427941306471, 40.856928542034382 ], [ -73.792221891863861, 40.857152298424865 ], [ -73.792827132379827, 40.857435789918078 ], [ -73.793012643830011, 40.857003026043351 ], [ -73.792884038888999, 40.857479202493828 ], [ -73.791859787152148, 40.857004107259606 ], [ -73.792683385754842, 40.857420393592868 ], [ -73.792112667836292, 40.857166931870523 ], [ -73.791894519130921, 40.857437121865438 ], [ -73.792569704405992, 40.857639625362445 ], [ -73.792395217232823, 40.857845547752341 ], [ -73.791742540823606, 40.857393950004322 ], [ -73.792093325040952, 40.857157989947339 ], [ -73.791843032173986, 40.85702870201154 ], [ -73.791603934613121, 40.857375312992644 ], [ -73.791293788521529, 40.857263238698259 ], [ -73.790942022603716, 40.857552748189001 ], [ -73.791636645879663, 40.857882812571084 ], [ -73.79178529423254, 40.857775425855742 ], [ -73.791436959081111, 40.858154685123246 ], [ -73.791618660758274, 40.857901342048237 ], [ -73.790932228005914, 40.857567787973288 ], [ -73.790235927387627, 40.85815408481141 ], [ -73.790201229757471, 40.858601589710673 ], [ -73.790045998377536, 40.858475404912269 ], [ -73.789222029618813, 40.858742515531524 ] ] ], [ [ [ -73.767832056371674, 40.854442205742259 ], [ -73.76855660327054, 40.853238322959584 ], [ -73.769044389871283, 40.853290924693759 ], [ -73.769385291396986, 40.852536133996978 ], [ -73.768608176871012, 40.850788395378267 ], [ -73.769596743114704, 40.847594519098386 ], [ -73.767894926728275, 40.845289433017221 ], [ -73.769013891811241, 40.845097342722049 ], [ -73.771572188332428, 40.84750005858055 ], [ -73.770889202211762, 40.849751771338198 ], [ -73.772049636684542, 40.85161828975761 ], [ -73.772711174961444, 40.851826580933881 ], [ -73.772465941264954, 40.851833684502466 ], [ -73.772460522954333, 40.852059542173841 ], [ -73.772963566112878, 40.852159253958746 ], [ -73.77264837746921, 40.852224402629709 ], [ -73.772890757313021, 40.852398268998421 ], [ -73.772459401631949, 40.852106266579753 ], [ -73.772451494154836, 40.852435896893695 ], [ -73.771730604119099, 40.852476831319301 ], [ -73.771717159365451, 40.853004539282011 ], [ -73.772296805313843, 40.853086378252577 ], [ -73.772349174550001, 40.853851420234278 ], [ -73.77296285334873, 40.853800062246656 ], [ -73.772958175170444, 40.854137432923551 ], [ -73.772332722197376, 40.853900844675387 ], [ -73.772140368418178, 40.854412712600755 ], [ -73.772192230554225, 40.859986638597128 ], [ -73.770845623605709, 40.860101012856923 ], [ -73.769473054240137, 40.85933013666876 ], [ -73.768362772907892, 40.858358288852038 ], [ -73.768360859189798, 40.857655363203492 ], [ -73.7653324399529, 40.855043595125068 ], [ -73.767832056371674, 40.854442205742259 ] ] ], [ [ [ -73.78457451654576, 40.8605319977585 ], [ -73.784369606939052, 40.859850203980628 ], [ -73.785140170417435, 40.85879261247824 ], [ -73.786075404885295, 40.859274602883524 ], [ -73.786608079707449, 40.85903614203589 ], [ -73.786693930874222, 40.858686064557148 ], [ -73.787733722734686, 40.858770991578254 ], [ -73.787001304846143, 40.860224388411694 ], [ -73.78457451654576, 40.8605319977585 ] ] ], [ [ [ -73.819706220799262, 40.882142035508316 ], [ -73.81925946145779, 40.882089945098208 ], [ -73.819788821900133, 40.881645379202126 ], [ -73.819117097662755, 40.881322274248923 ], [ -73.820102176224125, 40.880950368583498 ], [ -73.820213054745508, 40.878132996737065 ], [ -73.821056874456744, 40.877566583074156 ], [ -73.82116398203064, 40.876698238746584 ], [ -73.820442818803343, 40.876036329303254 ], [ -73.820680264687681, 40.877254870148775 ], [ -73.819975343132469, 40.876796959097007 ], [ -73.819760134902495, 40.876260627290975 ], [ -73.820363897866216, 40.875268186919456 ], [ -73.820887953116767, 40.87509427124639 ], [ -73.821354158618391, 40.875320562484525 ], [ -73.82164916217161, 40.87514507703122 ], [ -73.82124980065538, 40.874813890600578 ], [ -73.820304724008551, 40.874890060435497 ], [ -73.819905193965127, 40.874222257076305 ], [ -73.819184277322435, 40.874478810249798 ], [ -73.819229695760598, 40.874074130064066 ], [ -73.819905271109647, 40.874032765976025 ], [ -73.819948032340946, 40.873825146791233 ], [ -73.818946440414578, 40.873669404542412 ], [ -73.81929019793607, 40.873402707487692 ], [ -73.82007094639178, 40.873438188437184 ], [ -73.820429484546125, 40.87438092655686 ], [ -73.820727498619661, 40.874482463430361 ], [ -73.820746084265579, 40.874141591392068 ], [ -73.822098128321784, 40.874774245106096 ], [ -73.821901763202149, 40.873727007305462 ], [ -73.821274072124183, 40.874180097808591 ], [ -73.820467842280863, 40.873548442410026 ], [ -73.821150797216774, 40.873025307181265 ], [ -73.821635979035221, 40.873123475139266 ], [ -73.821945677016998, 40.8726822336534 ], [ -73.821562833496316, 40.872539437295863 ], [ -73.821376896068926, 40.872868056823023 ], [ -73.821020468917936, 40.872816112834101 ], [ -73.821229526719875, 40.872281963235977 ], [ -73.821762766494743, 40.872039534770529 ], [ -73.821957836154581, 40.871669815305829 ], [ -73.821956413058643, 40.870515212965913 ], [ -73.821605402639989, 40.87013094642699 ], [ -73.821013660040862, 40.870315041045579 ], [ -73.820911412498333, 40.869735869284703 ], [ -73.81999722806917, 40.86899098047386 ], [ -73.819272603427294, 40.869185429213466 ], [ -73.818926693171591, 40.869042410095922 ], [ -73.817281151087158, 40.867321984990284 ], [ -73.817104588192251, 40.867763344241489 ], [ -73.817340854906618, 40.868344752024285 ], [ -73.818166106620325, 40.868438217491395 ], [ -73.818639536280841, 40.868831407546132 ], [ -73.818829363646756, 40.869484735938144 ], [ -73.818330262912852, 40.869879005860895 ], [ -73.818155735166712, 40.869297014268042 ], [ -73.817749773836908, 40.869009351052149 ], [ -73.817225787450212, 40.869009273791974 ], [ -73.816285199273864, 40.869671684783825 ], [ -73.815837741828261, 40.870388852931605 ], [ -73.815378700330726, 40.869609329917601 ], [ -73.815532178783414, 40.869238032274204 ], [ -73.815253956412619, 40.868190830623604 ], [ -73.814500123462409, 40.868169020068358 ], [ -73.814380390825448, 40.867944920257635 ], [ -73.815787640660815, 40.865758061438861 ], [ -73.816997602664316, 40.864459031143234 ], [ -73.816621294954487, 40.864178253844095 ], [ -73.815173202192526, 40.865601207766957 ], [ -73.815224556219917, 40.864444024975214 ], [ -73.814881025777368, 40.863919658148383 ], [ -73.815243952542474, 40.863238061877695 ], [ -73.815103153841548, 40.863057465367909 ], [ -73.816413921027277, 40.861180627704051 ], [ -73.816834351905328, 40.861225879451581 ], [ -73.817190240376746, 40.860849232115285 ], [ -73.818005042914194, 40.861081636099073 ], [ -73.818522091301872, 40.860902030056138 ], [ -73.818442811282196, 40.859829347696227 ], [ -73.818791477630853, 40.859391352256466 ], [ -73.820239461929972, 40.859356695013808 ], [ -73.820548013071132, 40.859064619455275 ], [ -73.821767033352316, 40.859206598755513 ], [ -73.821991138091136, 40.859401852821243 ], [ -73.82161367666302, 40.85955354167146 ], [ -73.821685274628337, 40.859779015191052 ], [ -73.822407243871012, 40.859798401866577 ], [ -73.821925474502905, 40.859956021107685 ], [ -73.821973119358248, 40.86013882172432 ], [ -73.822775415668403, 40.860121783750863 ], [ -73.821659018742835, 40.860595151579325 ], [ -73.821445648813608, 40.859388828444928 ], [ -73.821108904871238, 40.85931521579792 ], [ -73.821002795027837, 40.859991139093268 ], [ -73.820522105790019, 40.859746757547541 ], [ -73.819992279483728, 40.859873840361665 ], [ -73.820464419586528, 40.86031311886812 ], [ -73.820311913780671, 40.861031107569296 ], [ -73.819513719320526, 40.861470910473535 ], [ -73.818871964361222, 40.86224554559756 ], [ -73.818954255954111, 40.862474561691343 ], [ -73.821280968973696, 40.861135198420726 ], [ -73.829999038307903, 40.858211136045931 ], [ -73.829916239097486, 40.856180818225489 ], [ -73.829083187058771, 40.855676014198906 ], [ -73.828601971653256, 40.855717847594903 ], [ -73.827204002440411, 40.853289983923396 ], [ -73.827378357663861, 40.852817959166927 ], [ -73.826759481161346, 40.853006819224007 ], [ -73.827184237589037, 40.851711205793997 ], [ -73.826878543486032, 40.851669910025805 ], [ -73.827254804359825, 40.849125983656705 ], [ -73.826726015873518, 40.847539184953838 ], [ -73.825510223104729, 40.845561537337176 ], [ -73.825582670132235, 40.845863048703656 ], [ -73.820484056174067, 40.848501025630348 ], [ -73.820140436144655, 40.848020598550832 ], [ -73.816301191521873, 40.848572172403685 ], [ -73.815141919186615, 40.849080612735222 ], [ -73.815902814206765, 40.848013121481898 ], [ -73.815604513919894, 40.847658683162294 ], [ -73.816096706092068, 40.847512146033047 ], [ -73.816105374771553, 40.84645454443762 ], [ -73.815719038345634, 40.846293443498993 ], [ -73.815458676154719, 40.846603028771725 ], [ -73.814627277887396, 40.847142794761133 ], [ -73.814645946975475, 40.847219613529134 ], [ -73.81451106769596, 40.847106078026897 ], [ -73.815703531894542, 40.846291340423932 ], [ -73.814922657393097, 40.846483488692428 ], [ -73.813686347381989, 40.847274325509218 ], [ -73.813563728616714, 40.847151411278681 ], [ -73.814908582031933, 40.846468764879212 ], [ -73.814423525798261, 40.84618782507264 ], [ -73.815026276043014, 40.845499995058603 ], [ -73.814205731291068, 40.846010180888541 ], [ -73.813990421323993, 40.845826919193939 ], [ -73.813188650725024, 40.846229536475398 ], [ -73.814031982193811, 40.845589297868102 ], [ -73.813685890935119, 40.845659062254953 ], [ -73.813942791289179, 40.845511589111396 ], [ -73.813632582327045, 40.845280769031518 ], [ -73.813359055850242, 40.84584549933124 ], [ -73.813289326928768, 40.845951022731775 ], [ -73.813212952442512, 40.845922939842026 ], [ -73.813618582670472, 40.845275042388693 ], [ -73.813259977246943, 40.845233990458354 ], [ -73.812849399585232, 40.846318799498462 ], [ -73.813243263510643, 40.845235907850174 ], [ -73.813100506392075, 40.845172414685159 ], [ -73.812877035974282, 40.845134668448608 ], [ -73.813155970442551, 40.845212100376493 ], [ -73.812855369576383, 40.84518628546158 ], [ -73.812414453281335, 40.846559380748936 ], [ -73.812277909005047, 40.846543458279399 ], [ -73.812841435515367, 40.845180170175006 ], [ -73.812613787872934, 40.845109507866056 ], [ -73.812857743379553, 40.84512954458927 ], [ -73.812544578156135, 40.844979598008472 ], [ -73.81188458844791, 40.846594967061407 ], [ -73.812436250606751, 40.846737712075743 ], [ -73.811699718236596, 40.846681700813811 ], [ -73.812661413490531, 40.844207649500973 ], [ -73.812991203050899, 40.8445225070557 ], [ -73.812648893366713, 40.844659467667483 ], [ -73.813117950237086, 40.844787603067267 ], [ -73.812640958098825, 40.844681662260477 ], [ -73.812549091207089, 40.844952275146269 ], [ -73.813678487530012, 40.845056980515949 ], [ -73.81416729043147, 40.84478090603217 ], [ -73.813699792878126, 40.844848456863602 ], [ -73.814183345924263, 40.844682199083614 ], [ -73.813465970945487, 40.844263188432002 ], [ -73.813479565981794, 40.843651119551431 ], [ -73.814999550397843, 40.84350445264203 ], [ -73.815672926134553, 40.844428775759205 ], [ -73.816305719238699, 40.844399210430481 ], [ -73.816435837546237, 40.844064906747882 ], [ -73.81750072974441, 40.844367444910489 ], [ -73.818240658938507, 40.844342127910153 ], [ -73.818190890506102, 40.844113148000204 ], [ -73.817689945192384, 40.84426849555021 ], [ -73.817187041796132, 40.843915964417732 ], [ -73.816626773250945, 40.843944898560423 ], [ -73.815723001320023, 40.842536565987103 ], [ -73.815171136648729, 40.842577161624035 ], [ -73.815702078464142, 40.842519721689811 ], [ -73.815415038964133, 40.842391327783588 ], [ -73.815584921633317, 40.841841264603708 ], [ -73.815262633976772, 40.841259839423188 ], [ -73.814733458175411, 40.841375728311007 ], [ -73.815234048872455, 40.841009641496697 ], [ -73.814806466961485, 40.839804366886604 ], [ -73.814365965024919, 40.839865363765121 ], [ -73.814796978807465, 40.839787957407069 ], [ -73.814723196844824, 40.839588886600204 ], [ -73.814315787999462, 40.839649527012163 ], [ -73.814309001336881, 40.83962241637942 ], [ -73.814719990837105, 40.839571879092183 ], [ -73.814782777402755, 40.839076487957804 ], [ -73.816022819154526, 40.838526386244901 ], [ -73.816478784778738, 40.837703983888595 ], [ -73.816060682346773, 40.836030196457067 ], [ -73.815503386089887, 40.835953213467199 ], [ -73.816063395742177, 40.835772927473862 ], [ -73.816007730707014, 40.835512597838814 ], [ -73.815573970601008, 40.835525081831285 ], [ -73.816081883135979, 40.835361182400383 ], [ -73.816084014011139, 40.834590346265379 ], [ -73.815663581392556, 40.834490849307095 ], [ -73.816037471217399, 40.834168614805463 ], [ -73.814879373885901, 40.831030086491609 ], [ -73.814492210124456, 40.831171140224541 ], [ -73.814843134324249, 40.830986120513813 ], [ -73.814520085777019, 40.830622875794447 ], [ -73.813914253888626, 40.830924257035683 ], [ -73.813897833604941, 40.830907554158422 ], [ -73.814510165214486, 40.830614047051277 ], [ -73.814309206815111, 40.830359271207598 ], [ -73.813856719772772, 40.830561442922843 ], [ -73.814299592950491, 40.830350103702798 ], [ -73.813668312847, 40.829891284853986 ], [ -73.813889712465709, 40.829777452202414 ], [ -73.813376873072144, 40.829391202710696 ], [ -73.813387663891248, 40.829023094473698 ], [ -73.812903219187675, 40.82895313166614 ], [ -73.813180114089249, 40.828802871229712 ], [ -73.812839028332377, 40.82864666669586 ], [ -73.812754699945216, 40.828248236251532 ], [ -73.809927992507923, 40.82819322268481 ], [ -73.810095781382472, 40.827819493091631 ], [ -73.81105446059631, 40.827984794836127 ], [ -73.811048801874676, 40.827840805154722 ], [ -73.810253570973046, 40.827833863912979 ], [ -73.81003792061874, 40.82778156842339 ], [ -73.811824405581532, 40.827828813635229 ], [ -73.811073307171853, 40.827841576548032 ], [ -73.811591393111527, 40.827999153548731 ], [ -73.812639752630872, 40.827836406561985 ], [ -73.812652064005093, 40.827558779614925 ], [ -73.813849748450608, 40.826803528724213 ], [ -73.813722076866128, 40.826271592515212 ], [ -73.812917761312278, 40.826350389120798 ], [ -73.813991116003322, 40.826069598740432 ], [ -73.81395054076151, 40.825729151443767 ], [ -73.813421021972061, 40.825925016768494 ], [ -73.813941619533907, 40.825717031728672 ], [ -73.813795235176613, 40.825298086001737 ], [ -73.813335226060858, 40.8251709467078 ], [ -73.812113505564412, 40.825552634659481 ], [ -73.813277355153062, 40.825161321707725 ], [ -73.813082150930057, 40.824944546839895 ], [ -73.814037458433518, 40.824483469494062 ], [ -73.814000728610239, 40.824246083850795 ], [ -73.813780801913921, 40.823999920518503 ], [ -73.813274173990294, 40.823966665819754 ], [ -73.812810286981176, 40.824339113674561 ], [ -73.812733391089367, 40.82477847082253 ], [ -73.812320055390103, 40.824411308420125 ], [ -73.811772848712053, 40.824339806172986 ], [ -73.811643556196159, 40.824601662268826 ], [ -73.811031475255987, 40.824708227042137 ], [ -73.810874962943842, 40.825113948446713 ], [ -73.810761925591876, 40.824901570714381 ], [ -73.809654811417516, 40.825275535621806 ], [ -73.80909234633549, 40.825873398164262 ], [ -73.807666047652503, 40.825896992059228 ], [ -73.80697771152208, 40.825388370897635 ], [ -73.806563615549763, 40.824606405431972 ], [ -73.80677536296291, 40.824448617737083 ], [ -73.806518194075338, 40.824197991912875 ], [ -73.806750580600252, 40.82382807065882 ], [ -73.806464806104742, 40.823799267499282 ], [ -73.80666166000627, 40.823419584237314 ], [ -73.806236306937009, 40.823307934650863 ], [ -73.806510186710284, 40.82315261172058 ], [ -73.806383550206519, 40.822892762632399 ], [ -73.805951691244516, 40.822882595349604 ], [ -73.806222420820959, 40.822741429989613 ], [ -73.805824655808479, 40.821767789793178 ], [ -73.805991598489385, 40.820823558490261 ], [ -73.805728029897338, 40.820177338695217 ], [ -73.804619312052111, 40.819027114716505 ], [ -73.803483206493141, 40.818276985466802 ], [ -73.802674076341631, 40.818238575091627 ], [ -73.802521634017722, 40.81852598830605 ], [ -73.802078928718629, 40.818556736968752 ], [ -73.800708597213202, 40.818043275796114 ], [ -73.800325401305628, 40.817560445161334 ], [ -73.797590327774799, 40.816507531567716 ], [ -73.797381125735356, 40.815763504895834 ], [ -73.79771465236783, 40.815513292743553 ], [ -73.798119452934756, 40.815698785003391 ], [ -73.798642206466056, 40.815464015935348 ], [ -73.799028163139994, 40.815541134938876 ], [ -73.800111468642797, 40.814024525560789 ], [ -73.800915932376412, 40.813761402506707 ], [ -73.801745612159635, 40.812865017415866 ], [ -73.801339061412079, 40.812393734392572 ], [ -73.801759321808206, 40.812861396987437 ], [ -73.803057920604786, 40.812452297536289 ], [ -73.80361424977076, 40.812523113660689 ], [ -73.80351997906503, 40.812921871251753 ], [ -73.803779120198826, 40.812809906043192 ], [ -73.803614292610376, 40.813044514928293 ], [ -73.804358103466939, 40.813608538674131 ], [ -73.804153653010474, 40.81373067286529 ], [ -73.804228995917924, 40.813663305211811 ], [ -73.803559211936431, 40.813042712172454 ], [ -73.803614558059451, 40.812972191191754 ], [ -73.803252944549826, 40.813196773550153 ], [ -73.804530816098335, 40.814254619924519 ], [ -73.803221762992962, 40.813374109942359 ], [ -73.803516673373679, 40.813951963648805 ], [ -73.804430033335947, 40.814583062613316 ], [ -73.804718123328215, 40.815230505094121 ], [ -73.806572472601644, 40.816606355392565 ], [ -73.806117613736177, 40.815952209326269 ], [ -73.805378787848255, 40.815482620282836 ], [ -73.805081034666912, 40.815197964012754 ], [ -73.804554405188711, 40.814629842237245 ], [ -73.804659428150359, 40.814544989122197 ], [ -73.805278788250845, 40.81537726477643 ], [ -73.806101417979065, 40.815919716954006 ], [ -73.80632932566165, 40.816137958817741 ], [ -73.806606031895114, 40.816664494543843 ], [ -73.806929331775464, 40.816568379076905 ], [ -73.806535724939479, 40.815891986386475 ], [ -73.807046001535085, 40.816533693875471 ], [ -73.806628734231552, 40.815683840207868 ], [ -73.806401778114562, 40.815702030649675 ], [ -73.806631563238966, 40.815594991460969 ], [ -73.805456122011023, 40.81468657406289 ], [ -73.805449211726526, 40.813376655608359 ], [ -73.804998347518392, 40.812206634566166 ], [ -73.804764889437749, 40.81203367806296 ], [ -73.803911860624751, 40.812110497881335 ], [ -73.802353402790033, 40.810037058959153 ], [ -73.801355527469184, 40.810710844895077 ], [ -73.801011729098477, 40.81071339964749 ], [ -73.801466700073277, 40.81014171796329 ], [ -73.800109499166368, 40.809710954078447 ], [ -73.798537659649611, 40.809587075529869 ], [ -73.792289073374292, 40.806849005579629 ], [ -73.791400598738889, 40.806997877908394 ], [ -73.791523590870071, 40.807489087806182 ], [ -73.790864757385634, 40.80734113993816 ], [ -73.790734799837793, 40.806588828856739 ], [ -73.790124632941016, 40.805771559885869 ], [ -73.7901519260014, 40.805079988592581 ], [ -73.791037175155807, 40.804263031702177 ], [ -73.792245292191652, 40.803996364315019 ], [ -73.793513896435172, 40.804261200315025 ], [ -73.795777693939954, 40.806162949029357 ], [ -73.796209034731959, 40.80596859046198 ], [ -73.79650268526504, 40.806104435487633 ], [ -73.79636945999799, 40.806277202766786 ], [ -73.797915789877422, 40.806712230022079 ], [ -73.801593931660278, 40.808986353888109 ], [ -73.802782362655179, 40.809120123399964 ], [ -73.803926734172038, 40.808527970811852 ], [ -73.804678083685047, 40.809225798787644 ], [ -73.807139878841909, 40.810661676453925 ], [ -73.808227992166181, 40.811891002197292 ], [ -73.809920290817956, 40.812929152261944 ], [ -73.810424885663167, 40.81298055702468 ], [ -73.810784778683413, 40.812770951355176 ], [ -73.814003190660586, 40.813551467266045 ], [ -73.814430673124292, 40.813518375715866 ], [ -73.814499941160079, 40.812908287604685 ], [ -73.814477271910107, 40.813518541841297 ], [ -73.815663263257861, 40.813512039743642 ], [ -73.816200568964405, 40.813847475976921 ], [ -73.817372016269985, 40.813574343804596 ], [ -73.817359884566244, 40.813375720037435 ], [ -73.817389420915248, 40.81357073625081 ], [ -73.817920841275736, 40.813544680100847 ], [ -73.817935463036733, 40.81329796423303 ], [ -73.817976088870239, 40.813299024146581 ], [ -73.81804229161196, 40.813532967856453 ], [ -73.819816384549583, 40.813179933156114 ], [ -73.820107593403051, 40.812864069665572 ], [ -73.820555215173215, 40.813017655077068 ], [ -73.820244361220574, 40.812430677574163 ], [ -73.821065120709576, 40.812203591965051 ], [ -73.820323555158893, 40.812439652195096 ], [ -73.820420879505988, 40.812638072505372 ], [ -73.821129698049162, 40.812449756867011 ], [ -73.820441796241454, 40.81265757783639 ], [ -73.820587091438568, 40.813019447110854 ], [ -73.822282908257463, 40.812661499787765 ], [ -73.822171452187419, 40.812354005276596 ], [ -73.822308635601317, 40.812658215078741 ], [ -73.824087607816637, 40.812163848325241 ], [ -73.825057821628988, 40.81182991788689 ], [ -73.824809053599978, 40.811439281600173 ], [ -73.825243504678383, 40.811761340240245 ], [ -73.824879389380826, 40.811272983828353 ], [ -73.825266643180854, 40.811752347898661 ], [ -73.825490753185676, 40.811659330423581 ], [ -73.825231374333129, 40.81120978929647 ], [ -73.82565070298233, 40.811592290413685 ], [ -73.825357668595487, 40.811027643923893 ], [ -73.825672290847962, 40.811584743730542 ], [ -73.825537104615478, 40.811015524280798 ], [ -73.825812557189124, 40.811533704520507 ], [ -73.825797559050997, 40.811205335639926 ], [ -73.825956410999368, 40.81147444843527 ], [ -73.826209663358043, 40.811279006800774 ], [ -73.828027751448872, 40.811452366387279 ], [ -73.830182455749224, 40.810839087126936 ], [ -73.831621999474038, 40.809568145348216 ], [ -73.832174868424161, 40.80815977944409 ], [ -73.832099618818461, 40.807303473548025 ], [ -73.831618229531401, 40.806645780055554 ], [ -73.831395487357526, 40.805170708059904 ], [ -73.831615744554512, 40.804938255993449 ], [ -73.834058921593012, 40.805110654395769 ], [ -73.837155491689188, 40.806038085253782 ], [ -73.838046959746634, 40.807011320884584 ], [ -73.838244209293876, 40.808176810188897 ], [ -73.840297629854106, 40.811571630010882 ], [ -73.840327015543153, 40.813135788640544 ], [ -73.839662366835896, 40.813921645080832 ], [ -73.839530915473006, 40.815183454950102 ], [ -73.839753367125198, 40.816496109791338 ], [ -73.840190205231607, 40.817188273056566 ], [ -73.840021394016134, 40.817979520419506 ], [ -73.838927332952935, 40.819001210107288 ], [ -73.838683477008658, 40.819591381016991 ], [ -73.839063989238639, 40.819802432341774 ], [ -73.838882316467405, 40.822140489856174 ], [ -73.839049044811944, 40.822688748146035 ], [ -73.839527777142365, 40.82303815915202 ], [ -73.839740138772328, 40.824110493036883 ], [ -73.840131135285006, 40.824317089177583 ], [ -73.842220479993273, 40.828341887944013 ], [ -73.842330774772762, 40.829073962453876 ], [ -73.841886437744449, 40.830713176534623 ], [ -73.83885232384732, 40.83369066784843 ], [ -73.839192552357105, 40.838713628057967 ], [ -73.839589537656977, 40.838798485825855 ], [ -73.839720145155368, 40.839565405986299 ], [ -73.84030282537185, 40.839524313945169 ], [ -73.839600985454339, 40.835670718698758 ], [ -73.839655733467325, 40.835802235937919 ], [ -73.839796050876359, 40.835788489403583 ], [ -73.839794884961208, 40.835619206989534 ], [ -73.851684597478283, 40.834201052350501 ], [ -73.853335249420468, 40.842470155154942 ], [ -73.848063453279835, 40.843067998651357 ], [ -73.844910342553277, 40.845427460749107 ], [ -73.841240530036956, 40.840601454322034 ], [ -73.839367942506513, 40.840882973481982 ], [ -73.838390562250737, 40.84067681413439 ], [ -73.836711796906613, 40.846057369668038 ], [ -73.836142790020858, 40.851041758573501 ], [ -73.835519046747692, 40.85301957756139 ], [ -73.83458321716229, 40.854432336831564 ], [ -73.831114491554814, 40.857524329623082 ], [ -73.828122989443273, 40.861182113388736 ], [ -73.830895806173132, 40.865125553688436 ], [ -73.83394979344439, 40.871329433577216 ], [ -73.83446892238014, 40.873409139489269 ], [ -73.834491420157093, 40.876066407300719 ], [ -73.83348231301278, 40.878627801061747 ], [ -73.831378261993521, 40.88079760778804 ], [ -73.828371604752149, 40.882700975074414 ], [ -73.824996641348719, 40.884206721260433 ], [ -73.819832753042334, 40.885669254573983 ], [ -73.819344974614197, 40.883562820817957 ], [ -73.819749494898545, 40.882830749568711 ], [ -73.819706220799262, 40.882142035508316 ] ], [ [ -73.818835746738074, 40.865245900809775 ], [ -73.818647748705416, 40.865133624834421 ], [ -73.818132124958353, 40.865473519257783 ], [ -73.817932978027784, 40.865994984121066 ], [ -73.818663948742923, 40.866098585587331 ], [ -73.818835746738074, 40.865245900809775 ] ] ] ] } },
{ "type": "Feature", "properties": { "boro_cd": "206", "name": "Belmont / East Tremont", "food_10min_pct": 100.0, "proximity_mean": 96.1, "childcare_slots_per_100_u5": 89.8, "rank_food": 1, "rank_proximity": 25, "rank_childcare": 2 }, "geometry": { "type": "Polygon", "coordinates": [ [ [ -73.871846102910098, 40.843760777856019 ], [ -73.873773087398149, 40.836358751940374 ], [ -73.877227625522863, 40.836583182273998 ], [ -73.879651823507686, 40.837126026432031 ], [ -73.881696749419703, 40.837987113461104 ], [ -73.886109787803463, 40.840470994635076 ], [ -73.8865980234511, 40.839279050108672 ], [ -73.888137521593336, 40.839862002384926 ], [ -73.888690408308676, 40.839158026468233 ], [ -73.895378361806536, 40.84293877945931 ], [ -73.894819426275319, 40.843683770969044 ], [ -73.899637495566225, 40.84423382553156 ], [ -73.900333303501085, 40.84298938001637 ], [ -73.901511519957182, 40.843367968965545 ], [ -73.900939994923519, 40.844384983177633 ], [ -73.902688100501834, 40.844581472285569 ], [ -73.900096960411886, 40.849209041180615 ], [ -73.893215207578038, 40.85987420615588 ], [ -73.89138023380255, 40.861700588263254 ], [ -73.890674516936372, 40.861320072680904 ], [ -73.889272736549998, 40.862916399710755 ], [ -73.88801469388342, 40.863888949098772 ], [ -73.88309382372131, 40.866602185023872 ], [ -73.882627913215217, 40.86585873864982 ], [ -73.883614298243529, 40.865294850619591 ], [ -73.883713162903618, 40.86429198447199 ], [ -73.881865686711677, 40.86212376195806 ], [ -73.880562139513998, 40.861197229525978 ], [ -73.880354387980844, 40.86056936250737 ], [ -73.880833876202047, 40.858183125617195 ], [ -73.88059225150009, 40.856739973288121 ], [ -73.882436694441182, 40.8503437699286 ], [ -73.882738357207757, 40.847889089157619 ], [ -73.877160535210493, 40.844085199802976 ], [ -73.877981312785536, 40.842804416075353 ], [ -73.876798720594053, 40.842299787276879 ], [ -73.874591753707776, 40.841520647538836 ], [ -73.874014690516603, 40.842537677316358 ], [ -73.871846102910098, 40.843760777856019 ] ] ] } },
{ "type": "Feature", "properties": { "boro_cd": "209", "name": "Soundview / Parkchester", "food_10min_pct": 100.0, "proximity_mean": 93.9, "childcare_slots_per_100_u5": 46.7, "rank_food": 1, "rank_proximity": 32, "rank_childcare": 31 }, "geometry": { "type": "Polygon", "coordinates": [ [ [ -73.839794884961208, 40.835619206989534 ], [ -73.839412202447051, 40.834600065106656 ], [ -73.839920484786774, 40.833320794799633 ], [ -73.842213346646943, 40.831550507277356 ], [ -73.843106915999059, 40.829794139320036 ], [ -73.842533257309441, 40.827527304148632 ], [ -73.840017529958416, 40.822190242623094 ], [ -73.839829262416927, 40.821571501496209 ], [ -73.839998604073017, 40.819934947315829 ], [ -73.841986848340454, 40.818774373908347 ], [ -73.842093663118547, 40.818059542951758 ], [ -73.8437405300036, 40.815321699542189 ], [ -73.845280192365593, 40.81177811674582 ], [ -73.845765617022266, 40.811582278842167 ], [ -73.846173028720543, 40.810676664430623 ], [ -73.847196845096477, 40.810580487614345 ], [ -73.848214865157075, 40.81246290899589 ], [ -73.849385561479764, 40.81323686534521 ], [ -73.850410668200027, 40.81358402439124 ], [ -73.850602462039618, 40.813930199539655 ], [ -73.853013282871274, 40.814584423623714 ], [ -73.852618151909525, 40.814058692123304 ], [ -73.852979627047873, 40.813873484495545 ], [ -73.852913985455999, 40.813689403701765 ], [ -73.853368578688205, 40.813593903136471 ], [ -73.85514695315328, 40.814368994799139 ], [ -73.85538030243687, 40.814288882082884 ], [ -73.854430755965993, 40.813717919069937 ], [ -73.853467740586339, 40.813477711106231 ], [ -73.85255739434929, 40.813735334655355 ], [ -73.851199977251852, 40.813553144376314 ], [ -73.849145066152076, 40.812298793621224 ], [ -73.849384202558241, 40.811287074767762 ], [ -73.849173584248518, 40.810924340784204 ], [ -73.850042416129071, 40.809215408487823 ], [ -73.849967329053797, 40.808875512454605 ], [ -73.849728653586411, 40.808875111638997 ], [ -73.849951169380105, 40.808714720172375 ], [ -73.84955076934942, 40.808720867511084 ], [ -73.849966968027047, 40.808578019346392 ], [ -73.849611664203877, 40.808124185051383 ], [ -73.848760077459843, 40.808337457793222 ], [ -73.849522182568506, 40.808055277217818 ], [ -73.848416409616505, 40.807368775795496 ], [ -73.848379537214143, 40.806360186334729 ], [ -73.847536219755966, 40.805926402795357 ], [ -73.847488226419102, 40.805448909149327 ], [ -73.848647846062136, 40.804699371480524 ], [ -73.849333823079363, 40.805051218261916 ], [ -73.849410363377174, 40.804667976275788 ], [ -73.849428527277098, 40.805059828140756 ], [ -73.849821071838477, 40.805094430843631 ], [ -73.85019839036417, 40.804510024974114 ], [ -73.855609587981704, 40.804470205073343 ], [ -73.856626137677125, 40.804830303717587 ], [ -73.856397852059004, 40.804946835713515 ], [ -73.855690470983774, 40.804676565575718 ], [ -73.855720727087544, 40.805122104179851 ], [ -73.857244919885687, 40.805307238116249 ], [ -73.856675796583886, 40.80499537032096 ], [ -73.856834210244543, 40.80490927071552 ], [ -73.858127056997745, 40.805466520049471 ], [ -73.858911212012742, 40.805912755735093 ], [ -73.858505600391553, 40.805819542792939 ], [ -73.858314877069702, 40.805998591514943 ], [ -73.858517041744932, 40.806637883757325 ], [ -73.859050393784528, 40.806563967742612 ], [ -73.858972320079559, 40.805966067238039 ], [ -73.859366023323204, 40.806675683207985 ], [ -73.859376563575111, 40.8075682951728 ], [ -73.859158681488196, 40.806878974649344 ], [ -73.858665051691929, 40.806832751495776 ], [ -73.858389962288143, 40.808258809148938 ], [ -73.858951412217792, 40.810271417586698 ], [ -73.859076625664173, 40.809975558102295 ], [ -73.860126952355841, 40.809605499891447 ], [ -73.859329192648829, 40.80899654046334 ], [ -73.859389820108262, 40.808163768732598 ], [ -73.859822304386057, 40.809113247449893 ], [ -73.860659658152997, 40.809631903042053 ], [ -73.867656462844664, 40.810583761937359 ], [ -73.870778048859364, 40.814486895487967 ], [ -73.8717160645012, 40.814922335490365 ], [ -73.876519960336296, 40.816131063424315 ], [ -73.876634599637086, 40.815711508099341 ], [ -73.878062832621268, 40.816182632444253 ], [ -73.882447795529799, 40.81926832200913 ], [ -73.884644507004893, 40.823814273701764 ], [ -73.884387052875681, 40.826817283532364 ], [ -73.883784141345714, 40.828274292462552 ], [ -73.885026388461014, 40.828187157744424 ], [ -73.885794262957702, 40.827823575514259 ], [ -73.88512412844338, 40.831161082577111 ], [ -73.884270601357613, 40.83259636065727 ], [ -73.882010636070234, 40.835340644710598 ], [ -73.880720815141913, 40.837521265022488 ], [ -73.877515852338774, 40.836629954519914 ], [ -73.87377308739822, 40.836358751940324 ], [ -73.872772046585311, 40.839751282336202 ], [ -73.869207668822085, 40.839600046711993 ], [ -73.867248189556236, 40.840343804371216 ], [ -73.863472323790674, 40.841305932707421 ], [ -73.853335249420468, 40.842470155154942 ], [ -73.851684597478283, 40.834201052350501 ], [ -73.839794884961208, 40.835619206989534 ] ] ] } },
{ "type": "Feature", "properties": { "boro_cd": "302", "name": "Fort Greene / Brooklyn Heights", "food_10min_pct": 100.0, "proximity_mean": 100.0, "childcare_slots_per_100_u5": 53.0, "rank_food": 1, "rank_proximity": 1, "rank_childcare": 24 }, "geometry": { "type": "Polygon", "coordinates": [ [ [ -73.969292964145396, 40.707093331095912 ], [ -73.968383314049149, 40.706829373393496 ], [ -73.967209620426217, 40.704255709153514 ], [ -73.962179780891447, 40.700220710604363 ], [ -73.962839637163427, 40.698038668340033 ], [ -73.961898378242438, 40.698188332531686 ], [ -73.95829216807752, 40.679831133997581 ], [ -73.967531966996461, 40.681768783617578 ], [ -73.967678283781993, 40.680955455311668 ], [ -73.97620908230067, 40.682729549681234 ], [ -73.978760224629255, 40.683765444483321 ], [ -73.980461554436772, 40.681222546757006 ], [ -73.98285436075183, 40.682148963461906 ], [ -73.982416381971447, 40.68278056609882 ], [ -73.984374107978269, 40.683542454872033 ], [ -73.98479805243349, 40.682909229030393 ], [ -73.986995200094341, 40.683765010320315 ], [ -73.986563033596397, 40.684388755639212 ], [ -73.988711560327573, 40.685224618479758 ], [ -73.989128407289883, 40.684589453073606 ], [ -73.993929296158825, 40.686452871649202 ], [ -73.992363670432482, 40.689690123777169 ], [ -74.000623035302084, 40.69204149066767 ], [ -74.000773057226169, 40.691895757326435 ], [ -74.001794319810287, 40.692184776789041 ], [ -74.001743621110407, 40.692406749705647 ], [ -74.004007959710975, 40.693208199632537 ], [ -74.003453485566553, 40.694051630671517 ], [ -74.001270149686718, 40.693296062176501 ], [ -74.000958684830195, 40.694069083582377 ], [ -74.00301393829082, 40.694777844479319 ], [ -74.002398025837962, 40.695711655367234 ], [ -74.000268723777879, 40.694965802578118 ], [ -73.999413024332071, 40.696357676956055 ], [ -73.999474068206069, 40.696704134462166 ], [ -73.998764580277054, 40.697120733094174 ], [ -74.001049031235581, 40.697908236194991 ], [ -74.00048768628551, 40.698757778137313 ], [ -73.998377606857716, 40.69806329614628 ], [ -73.998021027251113, 40.698761736573971 ], [ -74.000018404336203, 40.69946604807383 ], [ -73.999474639049623, 40.70032277801851 ], [ -73.997498983100002, 40.699638869321419 ], [ -73.997160542439218, 40.699792812644318 ], [ -73.997244628056606, 40.700141409897249 ], [ -73.996697689974638, 40.700876976917243 ], [ -73.998138799654939, 40.701518787745982 ], [ -73.996192272947695, 40.703377141366907 ], [ -73.995138268406862, 40.702974114723013 ], [ -73.995045927483247, 40.703131839799738 ], [ -73.995445642460254, 40.703275305974515 ], [ -73.995293467009333, 40.703554065898174 ], [ -73.994800382748636, 40.703291958644748 ], [ -73.994662903436108, 40.703430608559358 ], [ -73.995029259824875, 40.703808200868203 ], [ -73.994569790169322, 40.704376263514092 ], [ -73.992127035350677, 40.704689642033699 ], [ -73.991861591893169, 40.704086642104564 ], [ -73.990947553507937, 40.704032442139386 ], [ -73.990227211960132, 40.704934044487253 ], [ -73.988303322085414, 40.704540468955216 ], [ -73.988289991112865, 40.705070658997798 ], [ -73.987956765575433, 40.705134217412748 ], [ -73.986872522126376, 40.705157277386306 ], [ -73.986529729460457, 40.70497909917389 ], [ -73.98643429892708, 40.705348607419843 ], [ -73.983438062879486, 40.70564409484804 ], [ -73.983368199441458, 40.705461065076769 ], [ -73.982459568722376, 40.705508797225519 ], [ -73.982422871798775, 40.705822055452145 ], [ -73.981023906182799, 40.705898913893741 ], [ -73.982302051838786, 40.70573697939983 ], [ -73.982329442166034, 40.705552033664198 ], [ -73.980925103119873, 40.705369255200686 ], [ -73.980908645638038, 40.70590794381198 ], [ -73.979559184872443, 40.705743615250014 ], [ -73.979050499041122, 40.705966963591806 ], [ -73.979243334935902, 40.705551196377719 ], [ -73.978963550810676, 40.70550219650449 ], [ -73.978819090400535, 40.705862467582051 ], [ -73.978927658237467, 40.705496199169261 ], [ -73.978738294866346, 40.70546306467228 ], [ -73.978639066585714, 40.705830648221969 ], [ -73.978684405844717, 40.705454177108059 ], [ -73.97839230543768, 40.705970682310962 ], [ -73.978853033607265, 40.706065534782176 ], [ -73.978344748528713, 40.705999964987754 ], [ -73.97853198820691, 40.704876523429824 ], [ -73.978020673266556, 40.704290966456348 ], [ -73.977211963392392, 40.704213926624419 ], [ -73.977512154949636, 40.703196752663629 ], [ -73.977135626253983, 40.703005581402692 ], [ -73.97623864768488, 40.704775644190889 ], [ -73.975960963448173, 40.70471550694328 ], [ -73.976927491883515, 40.702797820400562 ], [ -73.976159372920222, 40.702171280357028 ], [ -73.975534564897416, 40.703042808805868 ], [ -73.975329873939828, 40.702951924338443 ], [ -73.976005878454643, 40.701946133279371 ], [ -73.974550233883704, 40.701590343802401 ], [ -73.975747610019269, 40.699595195275002 ], [ -73.975359979326669, 40.699580518841962 ], [ -73.974115139925402, 40.701305270917054 ], [ -73.972926428486176, 40.700294553427895 ], [ -73.972392013974584, 40.700166322752416 ], [ -73.973757007131994, 40.701534138881996 ], [ -73.973186766708977, 40.701669803673845 ], [ -73.97097896857521, 40.699856457652402 ], [ -73.970805244328432, 40.700097500342515 ], [ -73.973324561039405, 40.702412656010885 ], [ -73.97283512788735, 40.702728740744149 ], [ -73.969825565595315, 40.700245070368197 ], [ -73.969486552181067, 40.700519060755745 ], [ -73.972838899749746, 40.703346428099486 ], [ -73.97266938433755, 40.703501380431319 ], [ -73.969245392073574, 40.701364741883701 ], [ -73.968985174289656, 40.701747088786732 ], [ -73.972312462761096, 40.703844539538778 ], [ -73.972157988249919, 40.703970207626256 ], [ -73.971103422988321, 40.703459735839928 ], [ -73.971019631185357, 40.703815613183949 ], [ -73.974655696080603, 40.706074262491811 ], [ -73.974390835023229, 40.706325774144879 ], [ -73.973392305395478, 40.705733211641466 ], [ -73.972548800577968, 40.706204490506522 ], [ -73.974629666044223, 40.707681060768422 ], [ -73.974236169685355, 40.708024386122553 ], [ -73.971096554891076, 40.705850056558383 ], [ -73.971056923061823, 40.706946433816846 ], [ -73.972757569983571, 40.708831279050372 ], [ -73.97232032073758, 40.709082883806829 ], [ -73.970262185322852, 40.706887504284225 ], [ -73.970488818485791, 40.705400665622072 ], [ -73.970168945099203, 40.705361853407425 ], [ -73.970180755727995, 40.704929270567035 ], [ -73.96762114779925, 40.703348505697072 ], [ -73.967476744930295, 40.703949870956436 ], [ -73.969296938377127, 40.705088331229874 ], [ -73.969292964145396, 40.707093331095912 ] ] ] } },
{ "type": "Feature", "properties": { "boro_cd": "406", "name": "Forest Hills / Rego Park", "food_10min_pct": 100.0, "proximity_mean": 95.3, "childcare_slots_per_100_u5": 53.9, "rank_food": 1, "rank_proximity": 29, "rank_childcare": 21 }, "geometry": { "type": "Polygon", "coordinates": [ [ [ -73.826003375640624, 40.715413631294766 ], [ -73.831500844378937, 40.713987711906618 ], [ -73.835900721417005, 40.711641370769009 ], [ -73.836114765168844, 40.711825146370906 ], [ -73.837708941993696, 40.711036484271467 ], [ -73.841339366090892, 40.709946234363322 ], [ -73.844537388463976, 40.708661054971117 ], [ -73.846657241116105, 40.708318642341027 ], [ -73.84933156214035, 40.708388333680972 ], [ -73.854716525199734, 40.706769496327922 ], [ -73.854708238893181, 40.705210974144528 ], [ -73.852520190544439, 40.702291723617734 ], [ -73.855292759047487, 40.702595501285259 ], [ -73.855597709485792, 40.703726225651543 ], [ -73.858232798457479, 40.705591689885118 ], [ -73.859081983691567, 40.706710790723122 ], [ -73.859776179859224, 40.711226356944607 ], [ -73.859636169806663, 40.713978131371938 ], [ -73.860037898757753, 40.714932235724135 ], [ -73.865238706778001, 40.719976710027623 ], [ -73.869292704230247, 40.724435929474303 ], [ -73.870845394241826, 40.727484593440721 ], [ -73.871460742495728, 40.729326374138616 ], [ -73.875091541556102, 40.730671363219798 ], [ -73.856285677110392, 40.736426042003089 ], [ -73.851303526722035, 40.737511727542795 ], [ -73.847508202780645, 40.739007807039364 ], [ -73.847213615878829, 40.738643986684082 ], [ -73.845910939477719, 40.738307055412839 ], [ -73.845470895005562, 40.737873221949634 ], [ -73.844675955166878, 40.735112344700326 ], [ -73.843715762791177, 40.733225729946248 ], [ -73.839200939598427, 40.72826686303025 ], [ -73.836977358029557, 40.724071060301483 ], [ -73.834128233135203, 40.720230532899073 ], [ -73.831853055232642, 40.717912143304382 ], [ -73.83042902352463, 40.71696277093465 ], [ -73.827140767067917, 40.716006851174065 ], [ -73.826003375640624, 40.715413631294766 ] ] ] } },
{ "type": "Feature", "properties": { "boro_cd": "106", "name": "Stuyvesant Town / Turtle Bay", "food_10min_pct": 100.0, "proximity_mean": 98.4, "childcare_slots_per_100_u5": 45.3, "rank_food": 1, "rank_proximity": 9, "rank_childcare": 34 }, "geometry": { "type": "MultiPolygon", "coordinates": [ [ [ [ -73.961284507223056, 40.730159062204152 ], [ -73.961282619421439, 40.730061025010258 ], [ -73.962549339523306, 40.729744067846731 ], [ -73.962252288765768, 40.729985566982123 ], [ -73.961284507223056, 40.730159062204152 ] ] ], [ [ [ -73.961970393697882, 40.731577111685603 ], [ -73.961674467064029, 40.731481253552687 ], [ -73.963659392328793, 40.731249811482229 ], [ -73.963699381390626, 40.731436619557392 ], [ -73.961970393697882, 40.731577111685603 ] ] ], [ [ [ -73.960517325362673, 40.744105341081131 ], [ -73.960568568584947, 40.744029666083016 ], [ -73.960672046454889, 40.744051215856381 ], [ -73.960648637007523, 40.74413031711164 ], [ -73.960517325362673, 40.744105341081131 ] ] ], [ [ [ -73.964212303957041, 40.74660431797426 ], [ -73.964445227526511, 40.746410425260798 ], [ -73.964583184269472, 40.746454400673514 ], [ -73.964159802884296, 40.746865547359754 ], [ -73.964212303957041, 40.74660431797426 ] ] ], [ [ [ -73.962135590580857, 40.754573231473472 ], [ -73.969875614030599, 40.745444789137821 ], [ -73.970940629604186, 40.744471444025578 ], [ -73.971114381239772, 40.744204360932656 ], [ -73.970703175316871, 40.743990494908921 ], [ -73.971173467531642, 40.744107535008432 ], [ -73.971357529418682, 40.743838455359644 ], [ -73.971888889130653, 40.742724819853137 ], [ -73.972216854223277, 40.740307625061703 ], [ -73.972657438030382, 40.739222754277151 ], [ -73.972489941747412, 40.735803280107802 ], [ -73.97286939178467, 40.735770861285737 ], [ -73.97441385816532, 40.736414393859121 ], [ -73.974026921043048, 40.736125767245703 ], [ -73.974466470472862, 40.736278456830078 ], [ -73.974503760132279, 40.736064588444215 ], [ -73.974140620183917, 40.735955656664913 ], [ -73.974504882859435, 40.736042281039467 ], [ -73.97450793938161, 40.735796945772563 ], [ -73.974488540790631, 40.735875680246536 ], [ -73.974246306583026, 40.735780110456048 ], [ -73.97446537767371, 40.735666886063868 ], [ -73.973056987120472, 40.73517745341573 ], [ -73.972930319264577, 40.735607614396855 ], [ -73.972763083803528, 40.73550508747374 ], [ -73.972945207586818, 40.735065170071294 ], [ -73.973298950461398, 40.735242355077283 ], [ -73.973544728839613, 40.734944326101648 ], [ -73.974440650825912, 40.735316771900727 ], [ -73.973959050297111, 40.733421165538601 ], [ -73.973676275760596, 40.733205933888215 ], [ -73.973868107762073, 40.733065687195797 ], [ -73.973413217308575, 40.731282416428861 ], [ -73.971963403012481, 40.730000377217671 ], [ -73.971479949072275, 40.729249577196001 ], [ -73.971626972717274, 40.726628452997019 ], [ -73.988779316840748, 40.733965399738672 ], [ -73.986534999358994, 40.737050010471194 ], [ -73.987606453266793, 40.737497824647861 ], [ -73.986853452693836, 40.738714751669733 ], [ -73.987301548028796, 40.738903026036539 ], [ -73.987035927210528, 40.739266378549537 ], [ -73.986649696771153, 40.739100911523046 ], [ -73.986471950447509, 40.739362821429879 ], [ -73.985232246112872, 40.738840230795148 ], [ -73.979723465031441, 40.746402875836047 ], [ -73.982956910212764, 40.747764353188551 ], [ -73.980673452491089, 40.750905101457576 ], [ -73.98022089903921, 40.751521979626844 ], [ -73.976985706622429, 40.750156959255797 ], [ -73.968186878036107, 40.762226821326081 ], [ -73.958777908226992, 40.758270920848901 ], [ -73.960656381804739, 40.755923149550377 ], [ -73.962135590580857, 40.754573231473472 ] ] ] ] } },
{ "type": "Feature", "properties": { "boro_cd": "108", "name": "Upper East Side", "food_10min_pct": 100.0, "proximity_mean": 99.2, "childcare_slots_per_100_u5": 60.7, "rank_food": 1, "rank_proximity": 8, "rank_childcare": 13 }, "geometry": { "type": "MultiPolygon", "coordinates": [ [ [ [ -73.94180032729426, 40.769046926624874 ], [ -73.942855286207049, 40.768303494409473 ], [ -73.949431755632048, 40.760548617361664 ], [ -73.951778220259968, 40.758402549877161 ], [ -73.953220099631679, 40.756426841817841 ], [ -73.957914524931866, 40.752109854525493 ], [ -73.960905862975963, 40.74980198194595 ], [ -73.96132845481047, 40.749600957624679 ], [ -73.961538554644733, 40.749723119840674 ], [ -73.959016166274807, 40.753595059957576 ], [ -73.958458368056753, 40.753949236505065 ], [ -73.953391407339552, 40.759796762357887 ], [ -73.952086322665139, 40.760862154907599 ], [ -73.950937349280878, 40.762570495238002 ], [ -73.949086287915648, 40.764264027275125 ], [ -73.945703572686583, 40.768327934311664 ], [ -73.945563020487484, 40.768801776027288 ], [ -73.945245103413541, 40.768773268310589 ], [ -73.944724784974554, 40.769786271535025 ], [ -73.942126746468276, 40.772034700509614 ], [ -73.940887072116254, 40.772372516278779 ], [ -73.940179598041041, 40.772959315594562 ], [ -73.940279858293252, 40.770670711009956 ], [ -73.941117787180261, 40.769414408574839 ], [ -73.94180032729426, 40.769046926624874 ] ] ], [ [ [ -73.938046406034388, 40.780829544275697 ], [ -73.937646318214831, 40.781001215893035 ], [ -73.937598946226245, 40.78046784086164 ], [ -73.938612008219451, 40.780338955869134 ], [ -73.939530157932538, 40.779527620260666 ], [ -73.939493297520556, 40.779873691315601 ], [ -73.938728029265945, 40.780510743704781 ], [ -73.938744230892752, 40.781043876042418 ], [ -73.938082132687143, 40.781418437777361 ], [ -73.938046406034388, 40.780829544275697 ] ] ], [ [ [ -73.943832566099047, 40.782859089475131 ], [ -73.9435442071252, 40.782880523822826 ], [ -73.943880681024552, 40.781532043364535 ], [ -73.943438767359865, 40.77976324196603 ], [ -73.942413781697468, 40.780030539941642 ], [ -73.942113209446873, 40.779455789679893 ], [ -73.942729733957194, 40.779257247655693 ], [ -73.94300246547327, 40.778852879015034 ], [ -73.942457410569574, 40.777407473348156 ], [ -73.942280500447893, 40.777347438228794 ], [ -73.942335418211812, 40.777768816374284 ], [ -73.942119824540313, 40.777255566411895 ], [ -73.942434038955582, 40.777300461486391 ], [ -73.942074188038774, 40.776917846977256 ], [ -73.942081604573772, 40.775957016317221 ], [ -73.943664318148024, 40.773840764176988 ], [ -73.948664164779231, 40.768857623897055 ], [ -73.954418260786071, 40.762184104951224 ], [ -73.958777908226992, 40.758270920848901 ], [ -73.973014871761208, 40.764278879445392 ], [ -73.955777359123232, 40.787913924471241 ], [ -73.943832566099047, 40.782859089475131 ] ] ] ] } },
{ "type": "Feature", "properties": { "boro_cd": "102", "name": "Greenwich Village / Soho", "food_10min_pct": 100.0, "proximity_mean": 99.4, "childcare_slots_per_100_u5": 66.3, "rank_food": 1, "rank_proximity": 7, "rank_childcare": 12 }, "geometry": { "type": "Polygon", "coordinates": [ [ [ -74.009153451694246, 40.742496187556263 ], [ -73.989902959700586, 40.734434789634498 ], [ -73.98986852139565, 40.733527114555081 ], [ -73.991234395590439, 40.72772680526252 ], [ -73.994807790213088, 40.718457426350518 ], [ -73.996058727443753, 40.716231640211113 ], [ -73.998589255680329, 40.717099511537292 ], [ -73.999312417001448, 40.717550241777566 ], [ -74.010812382607256, 40.725789802555951 ], [ -74.011581939976836, 40.726171034832234 ], [ -74.015170840197996, 40.726579390657839 ], [ -74.015123565494733, 40.726793943067293 ], [ -74.011542018975959, 40.726447346424678 ], [ -74.011383236047564, 40.728229272367344 ], [ -74.014390699323883, 40.728463047520322 ], [ -74.01403796924798, 40.730694218844071 ], [ -74.011161956964756, 40.730450676349214 ], [ -74.010941182267487, 40.733007763269519 ], [ -74.014002202146074, 40.733068001795623 ], [ -74.013999572409659, 40.733332277517903 ], [ -74.010743300139055, 40.733422646868071 ], [ -74.010832845632123, 40.734007094011176 ], [ -74.012017920104739, 40.734063744456513 ], [ -74.012001242223931, 40.734338401166362 ], [ -74.010813594791088, 40.734283443647769 ], [ -74.010476598144194, 40.738063940595239 ], [ -74.011087066359494, 40.738092750081471 ], [ -74.011139156025621, 40.738389862813229 ], [ -74.01045432864602, 40.73836450572577 ], [ -74.010393031345629, 40.739174296561934 ], [ -74.011580455023164, 40.739264536112188 ], [ -74.011460739553399, 40.740584214752687 ], [ -74.012157419130887, 40.740605998131443 ], [ -74.012659282084897, 40.740747638497609 ], [ -74.009631455717539, 40.740645367374441 ], [ -74.009411402661314, 40.74115409331305 ], [ -74.009619234404425, 40.741363610514973 ], [ -74.010208189935383, 40.741607537928417 ], [ -74.010383580722007, 40.741397853526756 ], [ -74.011396092420739, 40.741822813235274 ], [ -74.010839874119327, 40.742596734022648 ], [ -74.010291005919029, 40.742358524639812 ], [ -74.010125637108331, 40.742575831777202 ], [ -74.009321139732378, 40.742244242716751 ], [ -74.009153451694246, 40.742496187556263 ] ], [ [ -74.00937125244927, 40.742185150284833 ], [ -74.010088033645104, 40.742488155673868 ], [ -74.010198276721624, 40.742333753740027 ], [ -74.009822341575102, 40.74216605205828 ], [ -74.010165596894169, 40.74167234807372 ], [ -74.009361748282942, 40.741423623742037 ], [ -74.00937125244927, 40.742185150284833 ] ] ] } },
{ "type": "Feature", "properties": { "boro_cd": "103", "name": "Lower East Side / Chinatown", "food_10min_pct": 100.0, "proximity_mean": 100.0, "childcare_slots_per_100_u5": 70.8, "rank_food": 1, "rank_proximity": 1, "rank_childcare": 10 }, "geometry": { "type": "Polygon", "coordinates": [ [ [ -73.988779316840748, 40.733965399738672 ], [ -73.971626972717274, 40.726628452997019 ], [ -73.973200403451372, 40.719837946846027 ], [ -73.974490702460415, 40.716099688086445 ], [ -73.976428725145283, 40.711909032503854 ], [ -73.978079749066211, 40.710532250577408 ], [ -73.981286475525579, 40.71021834788182 ], [ -73.981245795699451, 40.709826214601421 ], [ -73.988390640232666, 40.709126949162837 ], [ -73.988636580718506, 40.709912061516462 ], [ -73.989460670194276, 40.709889287051453 ], [ -73.997282871955775, 40.708731619843086 ], [ -73.999194511748954, 40.707947376854257 ], [ -74.001471402320803, 40.709746554323438 ], [ -74.000509860972343, 40.710984269448446 ], [ -74.00086402815117, 40.711619549709546 ], [ -74.000893543915623, 40.713029950787984 ], [ -74.000633831959476, 40.713081178568643 ], [ -74.000221058441909, 40.714250626889488 ], [ -74.000454630659604, 40.71436504759906 ], [ -74.000527349426932, 40.715170059365484 ], [ -74.000789551861686, 40.715290968401597 ], [ -73.999312417001448, 40.717550241777566 ], [ -73.998589255680329, 40.717099511537292 ], [ -73.996058727443753, 40.716231640211113 ], [ -73.994807790213088, 40.718457426350518 ], [ -73.991234395590439, 40.72772680526252 ], [ -73.98986852139565, 40.733527114555081 ], [ -73.989902959700586, 40.734434789634498 ], [ -73.988779316840748, 40.733965399738672 ] ] ] } },
{ "type": "Feature", "properties": { "boro_cd": "318", "name": "Canarsie / Flatlands", "food_10min_pct": 94.4, "proximity_mean": 84.2, "childcare_slots_per_100_u5": 42.8, "rank_food": 46, "rank_proximity": 50, "rank_childcare": 36 }, "geometry": { "type": "MultiPolygon", "coordinates": [ [ [ [ -73.915133319181976, 40.586269385400882 ], [ -73.9134996167748, 40.586095825669148 ], [ -73.912903381585494, 40.585810676439323 ], [ -73.915828900194313, 40.584525154085384 ], [ -73.917026994150106, 40.585855384450092 ], [ -73.915133319181976, 40.586269385400882 ] ] ], [ [ [ -73.919900643360364, 40.599600522090391 ], [ -73.918658875980697, 40.599472428370859 ], [ -73.918435482830461, 40.599166390831932 ], [ -73.916263931083421, 40.598161137312921 ], [ -73.916032089424519, 40.597527227449646 ], [ -73.914415081071084, 40.596045016532607 ], [ -73.913075883696422, 40.594145200438803 ], [ -73.913263447076645, 40.592249549617819 ], [ -73.913008978601582, 40.592019154680123 ], [ -73.914394226777929, 40.591511657998346 ], [ -73.91524478304683, 40.591587508178691 ], [ -73.916049928955672, 40.592202597528939 ], [ -73.916441129022289, 40.593126809440662 ], [ -73.917875435580356, 40.594722181525036 ], [ -73.920199545372057, 40.596183345280679 ], [ -73.920829477087906, 40.596334690683044 ], [ -73.921822777319036, 40.597332932872675 ], [ -73.922272015437258, 40.598376818436314 ], [ -73.922130493533999, 40.598662596177498 ], [ -73.920848936826744, 40.599541397328629 ], [ -73.919900643360364, 40.599600522090391 ] ] ], [ [ [ -73.89780333200035, 40.653624853411749 ], [ -73.897610132423623, 40.653453816120809 ], [ -73.893546770738467, 40.655202714083842 ], [ -73.891365435872459, 40.652364719447114 ], [ -73.879191564521108, 40.641652379682 ], [ -73.878647053172529, 40.641065856068003 ], [ -73.878684931735776, 40.64053855256887 ], [ -73.877973413343526, 40.639807117721539 ], [ -73.878415894139692, 40.638912189204291 ], [ -73.879309545297858, 40.640067074269155 ], [ -73.880483869226254, 40.640978034547665 ], [ -73.880736235464198, 40.64156595797337 ], [ -73.880292480685725, 40.641404915733318 ], [ -73.880067141324247, 40.642003446626902 ], [ -73.881528558465575, 40.642451686091839 ], [ -73.882241081656574, 40.643453492409236 ], [ -73.882148325625721, 40.643743727840786 ], [ -73.883419992030284, 40.644523815649663 ], [ -73.884807504111279, 40.643946303680444 ], [ -73.885577621489944, 40.644040949789975 ], [ -73.887434447084217, 40.645936681773918 ], [ -73.887712111560973, 40.647874434636719 ], [ -73.888636384341012, 40.648024492615839 ], [ -73.890067800730662, 40.649323635640656 ], [ -73.890335291412285, 40.649347769002134 ], [ -73.890137010169738, 40.649170412116639 ], [ -73.890347346937759, 40.649033605778271 ], [ -73.891027994866221, 40.649332839247641 ], [ -73.891083306053716, 40.648792575696184 ], [ -73.889450742276694, 40.647173955596635 ], [ -73.889481525760701, 40.646912755068406 ], [ -73.888796908486711, 40.646050258056533 ], [ -73.889413872855343, 40.64693843949172 ], [ -73.888895690153177, 40.647218818908726 ], [ -73.888610048693863, 40.647081360932091 ], [ -73.888516375685228, 40.647360691522131 ], [ -73.888200507266575, 40.647140869529281 ], [ -73.888189908388469, 40.646773569524072 ], [ -73.888450151023576, 40.646728552538001 ], [ -73.888535492932292, 40.646968149198564 ], [ -73.888641815930896, 40.646785112948955 ], [ -73.888499601182389, 40.646663684055042 ], [ -73.888081388839893, 40.646620570131503 ], [ -73.88828981420744, 40.646044215545793 ], [ -73.888000520270069, 40.646027705354776 ], [ -73.887409601565011, 40.645329280124386 ], [ -73.888083831649084, 40.645164231129129 ], [ -73.887964064428701, 40.645032573829525 ], [ -73.887343616656835, 40.645224153871204 ], [ -73.886236467918067, 40.643816787721192 ], [ -73.88373578763786, 40.642450349188586 ], [ -73.880788897256451, 40.6397574331383 ], [ -73.880551238822562, 40.639158819737467 ], [ -73.879538880170813, 40.638217839320866 ], [ -73.878966860711415, 40.638459543695724 ], [ -73.878700391413375, 40.638337724746634 ], [ -73.880855331614271, 40.634827844478899 ], [ -73.884474432899566, 40.631109681415495 ], [ -73.884876770651971, 40.629546203315044 ], [ -73.886711155377014, 40.629591731110892 ], [ -73.888366301725668, 40.628916234939091 ], [ -73.894238388147627, 40.625081555366641 ], [ -73.896257977304344, 40.622902846082667 ], [ -73.914460709410221, 40.630994831304498 ], [ -73.916060799886495, 40.632034050324279 ], [ -73.916728813583305, 40.632008357822144 ], [ -73.917431481425083, 40.63156669061965 ], [ -73.91741117074028, 40.631092823924497 ], [ -73.916686941911223, 40.630737383271736 ], [ -73.916591697829247, 40.630451857973163 ], [ -73.903961067112633, 40.624833615554309 ], [ -73.903866788628463, 40.624968848441 ], [ -73.905462061372617, 40.625774819683585 ], [ -73.90532958044659, 40.62586495608457 ], [ -73.902546561126087, 40.624444239169712 ], [ -73.90327045944025, 40.624484183941135 ], [ -73.902693332719778, 40.624213334873424 ], [ -73.902832622232509, 40.624050994449647 ], [ -73.902415430503055, 40.624462907250212 ], [ -73.902287079322761, 40.624409853930459 ], [ -73.90264355554703, 40.623924689307408 ], [ -73.902916195741071, 40.623954531256608 ], [ -73.90286570484804, 40.623649150831767 ], [ -73.902225437729953, 40.623581935647913 ], [ -73.901867304933887, 40.622962444596389 ], [ -73.901049615491857, 40.622708030487424 ], [ -73.900525322912202, 40.621681567383298 ], [ -73.898117675680993, 40.621851561623942 ], [ -73.89692451128272, 40.621655115945302 ], [ -73.897418411566008, 40.619262631800176 ], [ -73.897181225663942, 40.612104047962013 ], [ -73.898915248789478, 40.605391394143879 ], [ -73.900170630060572, 40.605625142663889 ], [ -73.901095577266659, 40.60700842864135 ], [ -73.900279500076067, 40.610074010176433 ], [ -73.901406460362111, 40.611088043877899 ], [ -73.901366198231159, 40.611701840642347 ], [ -73.902487110433569, 40.611861858491892 ], [ -73.901192534654484, 40.610563817546776 ], [ -73.901329626594062, 40.610481043103462 ], [ -73.902650779467862, 40.611780621164364 ], [ -73.902360320962117, 40.611980412182731 ], [ -73.90271854260655, 40.611826025296111 ], [ -73.903043928125001, 40.61209521498742 ], [ -73.902422747175791, 40.612033560004917 ], [ -73.905871052773733, 40.615063313977437 ], [ -73.90573455901243, 40.614882973943956 ], [ -73.906033289248654, 40.6149533892197 ], [ -73.905879376209299, 40.615077461411573 ], [ -73.906962836450759, 40.616114017578994 ], [ -73.907172911498478, 40.616009875338577 ], [ -73.906738486664068, 40.616295919990286 ], [ -73.907256855649877, 40.616087581879555 ], [ -73.907083469682675, 40.616221367525981 ], [ -73.907442554120721, 40.616258535700801 ], [ -73.907021606784468, 40.616533600356917 ], [ -73.90752735132169, 40.616344432549077 ], [ -73.907241693827004, 40.616551501887763 ], [ -73.908386462396834, 40.617391029278224 ], [ -73.908603515934217, 40.617265497054376 ], [ -73.908790880176468, 40.617436396721587 ], [ -73.908633339129693, 40.617167854909553 ], [ -73.908836911107798, 40.61731164662784 ], [ -73.909071451539546, 40.617160438332021 ], [ -73.908354032146789, 40.616530998961707 ], [ -73.908794208191651, 40.616872957324809 ], [ -73.909138531866503, 40.616531621729237 ], [ -73.907973063905189, 40.61573684406136 ], [ -73.908156638516004, 40.615601124051722 ], [ -73.909176751053295, 40.616521947483001 ], [ -73.908957061287254, 40.616991484819508 ], [ -73.909644060403622, 40.616575371499685 ], [ -73.909597409103441, 40.616392669799517 ], [ -73.908616343173463, 40.615492766473928 ], [ -73.907775961936622, 40.615243146256574 ], [ -73.905358450771672, 40.613040339266327 ], [ -73.904215694923835, 40.612356572030954 ], [ -73.90428600433313, 40.612016781035059 ], [ -73.903509807822417, 40.611406490372772 ], [ -73.903310470125049, 40.611547163863868 ], [ -73.903494074477791, 40.611389008742847 ], [ -73.903135787070966, 40.610967537654702 ], [ -73.902745045374914, 40.610931468731607 ], [ -73.902258600322298, 40.610422772600671 ], [ -73.901642117900892, 40.605763360739061 ], [ -73.905243009921037, 40.604910090324559 ], [ -73.905974611778589, 40.606384028704511 ], [ -73.908098219092011, 40.606278635609733 ], [ -73.908639595354316, 40.606658722048024 ], [ -73.909338049831504, 40.606477603024921 ], [ -73.909851548454697, 40.605999722177884 ], [ -73.90885691315674, 40.605060073797283 ], [ -73.90832536835174, 40.60407337391878 ], [ -73.910922700211813, 40.603505476100864 ], [ -73.91365119759601, 40.603982513837131 ], [ -73.916735564861384, 40.606814562052932 ], [ -73.916322300175267, 40.608675662669185 ], [ -73.916783944328202, 40.608773883889789 ], [ -73.916570739833631, 40.609423540048716 ], [ -73.916839811187685, 40.608760014720708 ], [ -73.916509245359322, 40.608629754090202 ], [ -73.916889645873155, 40.608710013687094 ], [ -73.916828032437593, 40.608906057366887 ], [ -73.917088385033153, 40.608820854898717 ], [ -73.916819645296428, 40.608931386382771 ], [ -73.916799530906886, 40.609494192231253 ], [ -73.916566040658267, 40.609437822677904 ], [ -73.916164750377305, 40.610515575076306 ], [ -73.914495422059829, 40.611653223665037 ], [ -73.91493418790435, 40.613958155055137 ], [ -73.913860530607494, 40.614642268568481 ], [ -73.914222386650309, 40.614932456737279 ], [ -73.916420990034979, 40.613569354692871 ], [ -73.915914521106842, 40.613845376312533 ], [ -73.915725383033745, 40.613618030803863 ], [ -73.915768073565658, 40.613540333335969 ], [ -73.915971731754041, 40.613807835366821 ], [ -73.916247689595977, 40.613626100791393 ], [ -73.915745852303374, 40.613384860200632 ], [ -73.915965725002692, 40.613236396469119 ], [ -73.916264527666556, 40.613605612704283 ], [ -73.916395867458903, 40.613446834034896 ], [ -73.915870865363658, 40.612910037390698 ], [ -73.916628043711569, 40.61344358926565 ], [ -73.915731819271343, 40.611830844513982 ], [ -73.918110366790131, 40.610208394058326 ], [ -73.917731854839246, 40.609782538201848 ], [ -73.917866386269637, 40.609327233800997 ], [ -73.917678707573387, 40.609662864446463 ], [ -73.917962700830742, 40.608785937120523 ], [ -73.917874003087576, 40.609311327669005 ], [ -73.918029644598093, 40.60884669694159 ], [ -73.918556661205955, 40.608498309043554 ], [ -73.918005005011338, 40.608149779017396 ], [ -73.918187285900984, 40.608024580910907 ], [ -73.91857357570953, 40.608487946287518 ], [ -73.919007371473285, 40.608267254971267 ], [ -73.9181381488997, 40.607645386907826 ], [ -73.918362467376383, 40.607501369418898 ], [ -73.919023107653118, 40.608256868199625 ], [ -73.919353984840527, 40.608042922790489 ], [ -73.918252690929549, 40.60722935064075 ], [ -73.918503004139211, 40.607071236027203 ], [ -73.91950358918929, 40.607974903975396 ], [ -73.919241350115399, 40.607385413860818 ], [ -73.914428134622838, 40.602863919563426 ], [ -73.913894347993619, 40.602703578271445 ], [ -73.913820201628283, 40.602888180050272 ], [ -73.913687185100429, 40.602850421012818 ], [ -73.913855243920978, 40.602690251506942 ], [ -73.913640756674027, 40.602524181704446 ], [ -73.913327003990275, 40.602763777770001 ], [ -73.913470726490075, 40.602911690690149 ], [ -73.913296510304789, 40.602765614678113 ], [ -73.913660893389221, 40.602468910027611 ], [ -73.913498264136706, 40.602366975565367 ], [ -73.913271175111049, 40.602552721097879 ], [ -73.9133869327257, 40.602634611550762 ], [ -73.913198916287641, 40.602785062012252 ], [ -73.913263838241946, 40.602567588466215 ], [ -73.913000175233734, 40.602740291683638 ], [ -73.913475115442381, 40.602349295873552 ], [ -73.913298546357339, 40.602250351749184 ], [ -73.912738668623376, 40.602708677016615 ], [ -73.913096913068856, 40.602214453423187 ], [ -73.911584276893379, 40.602135488403555 ], [ -73.911578365567124, 40.602217871191328 ], [ -73.912309399772838, 40.602275084478102 ], [ -73.912541701824324, 40.602364439955601 ], [ -73.911651892306637, 40.602278257844468 ], [ -73.911544111829869, 40.6024393231041 ], [ -73.912610986765316, 40.602532006594046 ], [ -73.912572904075986, 40.602683299532295 ], [ -73.910865365857788, 40.602490483288634 ], [ -73.910876833781984, 40.602342354836736 ], [ -73.911519571944012, 40.602396868569556 ], [ -73.911542343691764, 40.602224540785819 ], [ -73.910928868825522, 40.602208943102632 ], [ -73.910939996399165, 40.602128474222653 ], [ -73.91155529140805, 40.602155464729954 ], [ -73.910758308465049, 40.602027500983567 ], [ -73.910751239722586, 40.602437299862721 ], [ -73.909036895305334, 40.602677343220336 ], [ -73.909018485670813, 40.602524827669406 ], [ -73.910711544570347, 40.602419493178473 ], [ -73.91070633053954, 40.602144515265508 ], [ -73.909409343045951, 40.602190766258097 ], [ -73.910731230132669, 40.602021376027814 ], [ -73.909847028937278, 40.602039609089559 ], [ -73.909040832215439, 40.601625205886172 ], [ -73.90784279095395, 40.602269740771909 ], [ -73.904299666781256, 40.602670772321055 ], [ -73.903727744988871, 40.602415084369241 ], [ -73.901928682834168, 40.60318272162344 ], [ -73.900419589977602, 40.603242399073643 ], [ -73.899489019978205, 40.603530256217475 ], [ -73.900350340144115, 40.602176087848889 ], [ -73.901523114235715, 40.601001529186583 ], [ -73.905853706527765, 40.598627481767608 ], [ -73.907638683203118, 40.596889793308087 ], [ -73.908467297705471, 40.594658205973879 ], [ -73.908076704318717, 40.591623274423775 ], [ -73.908319355907523, 40.589862003591399 ], [ -73.909436653390003, 40.58805553280726 ], [ -73.911308668233133, 40.586658370947617 ], [ -73.911874366822914, 40.586365684647774 ], [ -73.911752284454252, 40.587310653341333 ], [ -73.912068346089526, 40.58862328186342 ], [ -73.911437307968356, 40.591080371556131 ], [ -73.911947039703008, 40.592548079285557 ], [ -73.912028846387898, 40.594367595782828 ], [ -73.912508012112966, 40.595397638779794 ], [ -73.913116958951676, 40.595872482451369 ], [ -73.913550338587328, 40.596722296720557 ], [ -73.915065807743943, 40.597998078358962 ], [ -73.915110569624275, 40.59859121538846 ], [ -73.915737916527064, 40.599205841547082 ], [ -73.917010879158696, 40.5995872493001 ], [ -73.918653553829415, 40.600685834694332 ], [ -73.919871715302264, 40.60085170784874 ], [ -73.921705033247108, 40.601744370355703 ], [ -73.922155451948129, 40.601699737259551 ], [ -73.922968248791562, 40.601105718413265 ], [ -73.923256334854358, 40.600360506329473 ], [ -73.9239399708853, 40.599714349377003 ], [ -73.924659835159275, 40.5997259899395 ], [ -73.927998051034109, 40.601927872124946 ], [ -73.928525069425703, 40.602211871221591 ], [ -73.928836246430322, 40.602121820606861 ], [ -73.92888251643565, 40.602427271649582 ], [ -73.929541491519458, 40.602749081368138 ], [ -73.929609621691526, 40.603157876249249 ], [ -73.929075859008677, 40.603680710914439 ], [ -73.929249952428549, 40.60391286617017 ], [ -73.929996162088074, 40.603643641706263 ], [ -73.930133938519404, 40.603998125870213 ], [ -73.93056652946683, 40.603736228001104 ], [ -73.931003361431166, 40.603935804164145 ], [ -73.931962270644405, 40.603121637615601 ], [ -73.932116088397535, 40.602688516647149 ], [ -73.931762003420516, 40.602596384217996 ], [ -73.93102539821939, 40.601672099959409 ], [ -73.930306809869066, 40.601171674641051 ], [ -73.929649361733979, 40.60120445757898 ], [ -73.929226982596902, 40.600488109018812 ], [ -73.928652504138299, 40.600385591828939 ], [ -73.928592306000752, 40.600611615976419 ], [ -73.927202404004518, 40.599910080434363 ], [ -73.922901855339774, 40.596447563816533 ], [ -73.92177536324354, 40.595030926201304 ], [ -73.920321410523968, 40.594718846993246 ], [ -73.917828606154757, 40.592822546109602 ], [ -73.916411505280138, 40.591141627615663 ], [ -73.914877615293676, 40.590313620486178 ], [ -73.915067434941236, 40.590080542702324 ], [ -73.914549040976397, 40.589545330241179 ], [ -73.914621252880877, 40.588748718136578 ], [ -73.917254821697043, 40.587477879517799 ], [ -73.918092564808362, 40.586570335004915 ], [ -73.929568583092987, 40.596820264920019 ], [ -73.928131396709531, 40.597777928146343 ], [ -73.933551171536052, 40.602687280825066 ], [ -73.934262667258807, 40.602230711367142 ], [ -73.938434935758409, 40.605973863058956 ], [ -73.937890508110328, 40.606587861063666 ], [ -73.944055609321509, 40.611992841734427 ], [ -73.947326722265842, 40.62916656670734 ], [ -73.944155352558255, 40.629508285208168 ], [ -73.945510955219518, 40.630791482901493 ], [ -73.940709575480696, 40.631368638203931 ], [ -73.937592735704854, 40.632267856999327 ], [ -73.924632044503042, 40.638990092606676 ], [ -73.915930862438344, 40.645774695238146 ], [ -73.901284781689853, 40.655364649178466 ], [ -73.900117158572527, 40.656754643748258 ], [ -73.899565589760869, 40.658956575610866 ], [ -73.899217608281702, 40.659111404192771 ], [ -73.898788592263173, 40.657412887891667 ], [ -73.899041803889062, 40.65737165757109 ], [ -73.898886951869542, 40.656706112154048 ], [ -73.89780333200035, 40.653624853411749 ] ] ] ] } },
{ "type": "Feature", "properties": { "boro_cd": "502", "name": "South Beach / Willowbrook", "food_10min_pct": 63.7, "proximity_mean": 67.6, "childcare_slots_per_100_u5": 40.9, "rank_food": 59, "rank_proximity": 58, "rank_childcare": 43 }, "geometry": { "type": "MultiPolygon", "coordinates": [ [ [ [ -74.073466270662522, 40.578385685897629 ], [ -74.073539877052482, 40.578194398976812 ], [ -74.07508288192615, 40.579160158755784 ], [ -74.074994130735149, 40.5792365574165 ], [ -74.073466270662522, 40.578385685897629 ] ] ], [ [ [ -74.064360037212481, 40.588267891174993 ], [ -74.064408816661697, 40.588238924315945 ], [ -74.064587523150806, 40.588403157415854 ], [ -74.064541861337744, 40.588433992394478 ], [ -74.064360037212481, 40.588267891174993 ] ] ], [ [ [ -74.054988678394466, 40.606660696911952 ], [ -74.055172510164638, 40.606490767349463 ], [ -74.055287196971264, 40.606538890078916 ], [ -74.055160011223634, 40.606730491853654 ], [ -74.054988678394466, 40.606660696911952 ] ] ], [ [ [ -74.196141231020533, 40.634792758993711 ], [ -74.190334334268485, 40.631750310332222 ], [ -74.181902357135911, 40.62775580720642 ], [ -74.179119348519151, 40.626088238819243 ], [ -74.174597062585903, 40.622364011991898 ], [ -74.172362610238764, 40.621635798865199 ], [ -74.168080863396455, 40.620936256187221 ], [ -74.161618074289194, 40.617946063685764 ], [ -74.157926738624198, 40.615457424604365 ], [ -74.150186665170935, 40.609497811154625 ], [ -74.147243818829935, 40.608142117746731 ], [ -74.145499035897828, 40.607730378479189 ], [ -74.143550365070041, 40.607574723911753 ], [ -74.128748975064482, 40.608391741031916 ], [ -74.123506391973152, 40.609233602197349 ], [ -74.117427813668712, 40.61093273506458 ], [ -74.115474181367617, 40.611230180330232 ], [ -74.113597618283805, 40.611154448642857 ], [ -74.108901462239757, 40.610251584996369 ], [ -74.097769687638774, 40.61062359294035 ], [ -74.09482489118821, 40.610548057360241 ], [ -74.093056856199254, 40.610119935737544 ], [ -74.085427563142773, 40.607022390529281 ], [ -74.082809498634518, 40.606410979069992 ], [ -74.076567347353262, 40.606121664158287 ], [ -74.073999653080946, 40.605725567958338 ], [ -74.065506631909869, 40.60271988043003 ], [ -74.062124990893068, 40.601855487401622 ], [ -74.061084140599533, 40.599816393177669 ], [ -74.063759333581416, 40.598934859521989 ], [ -74.060560175404902, 40.594911514274813 ], [ -74.061818157579609, 40.594189417840063 ], [ -74.066625595023467, 40.590342019704202 ], [ -74.069287383012735, 40.587717792383948 ], [ -74.071443698743295, 40.585058382719474 ], [ -74.07915092380901, 40.578049972736075 ], [ -74.088534476130533, 40.572558506074088 ], [ -74.092770582239822, 40.567943410603235 ], [ -74.104709791417761, 40.574005939404941 ], [ -74.105242903772805, 40.57309403989111 ], [ -74.103062350250809, 40.571924855219223 ], [ -74.103916265309451, 40.570894293252366 ], [ -74.103926018998095, 40.5702995956552 ], [ -74.105531591107052, 40.56991415115202 ], [ -74.106604393931661, 40.568778268768426 ], [ -74.097630081299783, 40.564482170544423 ], [ -74.101737326858597, 40.559905578356251 ], [ -74.112112397874284, 40.565505557758769 ], [ -74.114298667006167, 40.562675724084293 ], [ -74.124899043722976, 40.568949142444659 ], [ -74.123098483975426, 40.570167587163944 ], [ -74.12144535705913, 40.571775614680575 ], [ -74.121343520824695, 40.572675734744934 ], [ -74.121830798297339, 40.574217088965803 ], [ -74.121726239197457, 40.574906985080915 ], [ -74.123183664838649, 40.575751816185871 ], [ -74.125352757012294, 40.575901043020302 ], [ -74.127067470239894, 40.576405218668846 ], [ -74.127734935483304, 40.575206624553488 ], [ -74.132784362536782, 40.57347909372988 ], [ -74.145804742061259, 40.571847769480932 ], [ -74.146990577390881, 40.572013320979423 ], [ -74.147235683628381, 40.571461058997592 ], [ -74.150145947937801, 40.571274061782773 ], [ -74.162622057178993, 40.566694661783067 ], [ -74.164386651215608, 40.565624861530374 ], [ -74.164936039349882, 40.563672887111288 ], [ -74.164755677584495, 40.562967971480802 ], [ -74.164996165539364, 40.561446970372721 ], [ -74.165919817138175, 40.560290410269815 ], [ -74.171250982169738, 40.561320263795665 ], [ -74.17758036744722, 40.563755440234324 ], [ -74.179369199813323, 40.570548313398064 ], [ -74.183125938896183, 40.57226059189906 ], [ -74.184742076117857, 40.571714625505358 ], [ -74.186099217618988, 40.572528016969137 ], [ -74.187485598273213, 40.574118896333907 ], [ -74.189180249893028, 40.575525564952976 ], [ -74.189195379703634, 40.5709312067737 ], [ -74.190251823460827, 40.571057138571803 ], [ -74.189896371154262, 40.573282622184848 ], [ -74.190462070350108, 40.576679120220717 ], [ -74.191768442451121, 40.57662363562067 ], [ -74.198876226361023, 40.579303618633723 ], [ -74.20294999980203, 40.580102000080338 ], [ -74.204411999480442, 40.580170000920539 ], [ -74.206028412425098, 40.579764267145677 ], [ -74.205992550814912, 40.580410383936105 ], [ -74.20508136987236, 40.581599468802835 ], [ -74.205088544748236, 40.582208190572956 ], [ -74.204400764336924, 40.583712945842173 ], [ -74.204633902081042, 40.584323238801517 ], [ -74.204119402583316, 40.585895541075928 ], [ -74.204580656947911, 40.588217603682807 ], [ -74.204122009695837, 40.588881474578621 ], [ -74.204323021423932, 40.589136617473564 ], [ -74.204705298486218, 40.588772370830753 ], [ -74.204435484009309, 40.58921839779449 ], [ -74.204646089432103, 40.589285745466043 ], [ -74.203858866092702, 40.590249525361834 ], [ -74.203885504563701, 40.589786110239068 ], [ -74.202658669718758, 40.590722145782586 ], [ -74.202377636233194, 40.590644712673402 ], [ -74.202014055334431, 40.590895799125249 ], [ -74.202467759567369, 40.590838825360159 ], [ -74.203052549115029, 40.591140541810056 ], [ -74.202027339206992, 40.59099907929216 ], [ -74.201840929155338, 40.591636483379865 ], [ -74.202003498130281, 40.591780764795224 ], [ -74.202302845917544, 40.591469321774568 ], [ -74.202316457683196, 40.591523965102944 ], [ -74.20092540496357, 40.592866379305057 ], [ -74.200471268261168, 40.592811752094619 ], [ -74.19974060973513, 40.593564669264502 ], [ -74.199362122796884, 40.594094082795763 ], [ -74.199483448797253, 40.594320936290494 ], [ -74.197513577188587, 40.596798986539554 ], [ -74.197306197138133, 40.598059522241122 ], [ -74.198759582052944, 40.601711975176428 ], [ -74.200148667599066, 40.603683350098926 ], [ -74.20138527472524, 40.604636966208645 ], [ -74.202218498510518, 40.605969679616727 ], [ -74.202816283745918, 40.608270827967523 ], [ -74.202301790141064, 40.611875642039259 ], [ -74.202443744495184, 40.613284693932165 ], [ -74.200453244446308, 40.61632799730917 ], [ -74.200914232382772, 40.617798822398825 ], [ -74.200874787401318, 40.618100410856066 ], [ -74.200541563318183, 40.617997639493765 ], [ -74.200352038562471, 40.618342198554885 ], [ -74.200839914506332, 40.618804302607479 ], [ -74.200680714148277, 40.619168454347111 ], [ -74.201069974692288, 40.620381540275218 ], [ -74.200505881299094, 40.620299672101432 ], [ -74.200428001919207, 40.620495411017025 ], [ -74.200873315821994, 40.620591155223877 ], [ -74.201432399980348, 40.621612608965563 ], [ -74.201275342631334, 40.622688276286233 ], [ -74.201545533347641, 40.622698052023289 ], [ -74.20163201104117, 40.623121565457623 ], [ -74.201076627903291, 40.62407834658994 ], [ -74.20106080033446, 40.625895179509612 ], [ -74.201416706677549, 40.62607051339338 ], [ -74.200986255654072, 40.629344148106533 ], [ -74.200425737851177, 40.629821165953558 ], [ -74.20040812771613, 40.630250100694738 ], [ -74.200772670594048, 40.630248953119221 ], [ -74.200791693845446, 40.630350124318561 ], [ -74.200403116430593, 40.630292362267603 ], [ -74.200184621590523, 40.631328669464374 ], [ -74.200429976944477, 40.631359097713997 ], [ -74.200400531131109, 40.631459468308769 ], [ -74.200172654077306, 40.631361080531164 ], [ -74.198622477990696, 40.632737514854455 ], [ -74.198029611651251, 40.632770941434416 ], [ -74.198025199339227, 40.63302919247009 ], [ -74.197343960613324, 40.632998147050692 ], [ -74.196785306319697, 40.633392239269376 ], [ -74.196878656683566, 40.633761387721762 ], [ -74.196310311908434, 40.634054232129415 ], [ -74.196141231020533, 40.634792758993711 ] ] ] ] } },
{ "type": "Feature", "properties": { "boro_cd": "503", "name": "Tottenville / Great Kills", "food_10min_pct": 66.2, "proximity_mean": 59.0, "childcare_slots_per_100_u5": 23.9, "rank_food": 58, "rank_proximity": 59, "rank_childcare": 58 }, "geometry": { "type": "MultiPolygon", "coordinates": [ [ [ [ -74.13319580101377, 40.536306742050805 ], [ -74.133012076687933, 40.536256065043041 ], [ -74.133383129190221, 40.536324420831065 ], [ -74.13319580101377, 40.536306742050805 ] ] ], [ [ [ -74.13307585702789, 40.5363974880405 ], [ -74.13294266453623, 40.536322033082151 ], [ -74.132971204036494, 40.536294688577669 ], [ -74.133172359751924, 40.536355197721086 ], [ -74.13307585702789, 40.5363974880405 ] ] ], [ [ [ -74.129938431897813, 40.53994713555845 ], [ -74.130208693615813, 40.539702663817472 ], [ -74.129683755086958, 40.539471719592626 ], [ -74.129845555034976, 40.539326856961793 ], [ -74.130227542978531, 40.53968371755645 ], [ -74.130521642830473, 40.539425558119817 ], [ -74.130002728149535, 40.539172393658738 ], [ -74.130169357984613, 40.539032878023598 ], [ -74.130541765211589, 40.539409306255877 ], [ -74.130839068518895, 40.539147592892668 ], [ -74.130322448992999, 40.538900471244645 ], [ -74.13048528360612, 40.538758916255418 ], [ -74.130859188541038, 40.539131339802523 ], [ -74.131153287152671, 40.538873574103832 ], [ -74.13065428041827, 40.538617311133159 ], [ -74.130799718962948, 40.53849249031434 ], [ -74.131174369849674, 40.538855160896198 ], [ -74.131474242153288, 40.538598314882954 ], [ -74.130975091159911, 40.538341749902287 ], [ -74.131119622825821, 40.538218892325361 ], [ -74.131497400724768, 40.538581380875783 ], [ -74.131793508156591, 40.538325991991911 ], [ -74.131164663785526, 40.537900135868526 ], [ -74.131195457552664, 40.537872408774007 ], [ -74.13152564883184, 40.53771854263853 ], [ -74.13129269799775, 40.537956701870989 ], [ -74.131813872017688, 40.538307358685898 ], [ -74.132112444955553, 40.538052296677876 ], [ -74.131697676020721, 40.537857123315881 ], [ -74.131846271475993, 40.537734643799702 ], [ -74.132135605124517, 40.538033127182935 ], [ -74.132424385132197, 40.537774960232525 ], [ -74.13191182124632, 40.5375328409772 ], [ -74.132079522795578, 40.537395033637999 ], [ -74.132453027640679, 40.537760280861576 ], [ -74.132754804901154, 40.537504536480157 ], [ -74.132235962693443, 40.537262551239358 ], [ -74.132398015841716, 40.537118864430283 ], [ -74.132776037117054, 40.537484010916067 ], [ -74.133074455715473, 40.537229123304215 ], [ -74.132557861390737, 40.536991407757554 ], [ -74.132735602333, 40.536854535243428 ], [ -74.133094575114725, 40.537212017425368 ], [ -74.133391873773377, 40.536957984347758 ], [ -74.132892036265389, 40.536701458793758 ], [ -74.133035088395317, 40.536574875626066 ], [ -74.133410043654678, 40.536939722373724 ], [ -74.133808232631353, 40.536562176178812 ], [ -74.133860541403791, 40.536597962494014 ], [ -74.129938431897813, 40.53994713555845 ] ] ], [ [ [ -74.127867567706161, 40.543315180066195 ], [ -74.127928305076196, 40.543373247056117 ], [ -74.127566607628424, 40.543499333934633 ], [ -74.127898249616379, 40.5433661720649 ], [ -74.127867567706161, 40.543315180066195 ] ] ], [ [ [ -74.127753756085539, 40.54356602518444 ], [ -74.127989683907344, 40.543484343631292 ], [ -74.128030684974959, 40.543550558279129 ], [ -74.127638968544531, 40.543628190093692 ], [ -74.127753756085539, 40.54356602518444 ] ] ], [ [ [ -74.197498000087492, 40.57885900058811 ], [ -74.191768442451121, 40.57662363562067 ], [ -74.190462070350108, 40.576679120220717 ], [ -74.189896371154262, 40.573282622184848 ], [ -74.190251823460827, 40.571057138571803 ], [ -74.189195379703634, 40.5709312067737 ], [ -74.189180249893028, 40.575525564952976 ], [ -74.187485598273213, 40.574118896333907 ], [ -74.186099217618988, 40.572528016969137 ], [ -74.184742076117857, 40.571714625505358 ], [ -74.183125938896183, 40.57226059189906 ], [ -74.179369199813323, 40.570548313398064 ], [ -74.17758036744722, 40.563755440234324 ], [ -74.171103363711538, 40.561285029582216 ], [ -74.165919817138175, 40.560290410269815 ], [ -74.164996165539364, 40.561446970372721 ], [ -74.164755677584495, 40.562967971480802 ], [ -74.164936039349882, 40.563672887111288 ], [ -74.164386651215608, 40.565624861530374 ], [ -74.162622057178993, 40.566694661783067 ], [ -74.150145947937801, 40.571274061782773 ], [ -74.147235683628381, 40.571461058997592 ], [ -74.146990577390881, 40.572013320979423 ], [ -74.145804742061259, 40.571847769480932 ], [ -74.132921453656351, 40.573446349350249 ], [ -74.127734935483304, 40.575206624553488 ], [ -74.127067470239894, 40.576405218668846 ], [ -74.125352757012294, 40.575901043020302 ], [ -74.123183664838649, 40.575751816185871 ], [ -74.121726239197457, 40.574906985080915 ], [ -74.121830798297339, 40.574217088965803 ], [ -74.121343520824695, 40.572675734744934 ], [ -74.12144535705913, 40.571775614680575 ], [ -74.123098483975426, 40.570167587163944 ], [ -74.124899043722976, 40.568949142444659 ], [ -74.114298667006167, 40.562675724084293 ], [ -74.112112397874284, 40.565505557758769 ], [ -74.101737326858597, 40.559905578356251 ], [ -74.106449202919478, 40.55528804534616 ], [ -74.109957985123415, 40.552513022646785 ], [ -74.111652681883228, 40.550376512558159 ], [ -74.112525690000282, 40.549858451181066 ], [ -74.113684352106034, 40.550948085111216 ], [ -74.11676268883366, 40.548991391102504 ], [ -74.119574804455226, 40.551630751913365 ], [ -74.119458592911613, 40.552221906044757 ], [ -74.127300578219192, 40.557295172447958 ], [ -74.130424596389162, 40.554437042560515 ], [ -74.134558682258429, 40.551255078203695 ], [ -74.137697315929699, 40.549383546429645 ], [ -74.138652659091804, 40.548485816776783 ], [ -74.13711185633889, 40.547023482307772 ], [ -74.135857125661332, 40.546451696212415 ], [ -74.136411531190262, 40.546252350042074 ], [ -74.13651613439275, 40.545914747635351 ], [ -74.137096278088549, 40.545952218157183 ], [ -74.137179871298699, 40.545792864660783 ], [ -74.136115407240538, 40.545019845680066 ], [ -74.136383798019608, 40.544854671506485 ], [ -74.137192875197158, 40.545784294700276 ], [ -74.137508335088455, 40.5455775572389 ], [ -74.136589070711594, 40.544845486598753 ], [ -74.136873486308644, 40.544682593910203 ], [ -74.137949660506536, 40.54600033707824 ], [ -74.138869513404188, 40.545130197607492 ], [ -74.137624307451404, 40.54425356641844 ], [ -74.137756207556649, 40.544144928778373 ], [ -74.138755347034547, 40.544933958427073 ], [ -74.13901965079306, 40.544715561030095 ], [ -74.137867985245336, 40.544052544131112 ], [ -74.138043468978054, 40.543904562464014 ], [ -74.139033071786258, 40.544704910300283 ], [ -74.139539379157455, 40.544295140872336 ], [ -74.139145413462316, 40.544509580622751 ], [ -74.139420693378767, 40.544205943537378 ], [ -74.138974542267647, 40.544376101819914 ], [ -74.139220328598071, 40.544066700171406 ], [ -74.139082668550088, 40.543968224884118 ], [ -74.138875703883556, 40.544243557935076 ], [ -74.138728124459604, 40.544130022535278 ], [ -74.139077506586389, 40.543960153165813 ], [ -74.138834605856189, 40.543791358890651 ], [ -74.138585811591099, 40.544104638490488 ], [ -74.138415358387135, 40.543978427316489 ], [ -74.138823254616554, 40.543784054896058 ], [ -74.138539962683268, 40.543587928190327 ], [ -74.138279644560583, 40.543866694570767 ], [ -74.138526497445824, 40.543578542306257 ], [ -74.138341512887195, 40.543551828311642 ], [ -74.13852282835245, 40.543401551252039 ], [ -74.13956971698569, 40.544272274830746 ], [ -74.139836977861989, 40.544052462843581 ], [ -74.138706323972812, 40.543291410834584 ], [ -74.138906365394519, 40.543131777602504 ], [ -74.138771402268389, 40.543291332203104 ], [ -74.139036719229594, 40.543226993940813 ], [ -74.139676404806906, 40.543888995858836 ], [ -74.139888974062558, 40.543752471885128 ], [ -74.139865272644457, 40.544026844512295 ], [ -74.140012838359212, 40.543830426844984 ], [ -74.14038573073617, 40.54403318500809 ], [ -74.139219934858858, 40.543166085138104 ], [ -74.139408100774943, 40.543016584585416 ], [ -74.140295719471681, 40.543640457155711 ], [ -74.140287345391158, 40.54338507111931 ], [ -74.139361328040266, 40.542825863998878 ], [ -74.139536815480199, 40.542682150869986 ], [ -74.14030634258242, 40.543367110617154 ], [ -74.140627155669549, 40.543113029692705 ], [ -74.139631690741666, 40.542541097566378 ], [ -74.139858598916788, 40.542357175129375 ], [ -74.140646148698224, 40.543094214902311 ], [ -74.140845203038438, 40.542938844979226 ], [ -74.141324267942451, 40.543094133830387 ], [ -74.140165100375626, 40.542366218936266 ], [ -74.140335282297514, 40.542228209259733 ], [ -74.140207236065734, 40.542365224298507 ], [ -74.141410735604097, 40.543022415080557 ], [ -74.141078921190612, 40.542791171851768 ], [ -74.141335471929779, 40.542588792470468 ], [ -74.140262904007017, 40.541961511522778 ], [ -74.140679980931466, 40.541908593473806 ], [ -74.141349013796003, 40.542577523131754 ], [ -74.141294421236893, 40.542335875885897 ], [ -74.141480974744454, 40.542467709070678 ], [ -74.141348546945466, 40.542290464871066 ], [ -74.141549579059784, 40.542410617504743 ], [ -74.141797199570519, 40.542200415382567 ], [ -74.140894510906207, 40.541571110690313 ], [ -74.140639841721338, 40.541694542037483 ], [ -74.140958168329931, 40.541432078467764 ], [ -74.141873079719232, 40.542166658129609 ], [ -74.141672262430802, 40.542335464095409 ], [ -74.142292973667594, 40.542263372588799 ], [ -74.14247662235951, 40.541333709774996 ], [ -74.141776613832576, 40.540088456334885 ], [ -74.142004592825799, 40.539567959667153 ], [ -74.141728926512926, 40.539339484097262 ], [ -74.142303512758517, 40.539069975289891 ], [ -74.141765877937615, 40.538542040999957 ], [ -74.142265130079991, 40.538140353664929 ], [ -74.141837893882652, 40.538421620427002 ], [ -74.142167180191393, 40.537932761068348 ], [ -74.141218653355523, 40.537253998432668 ], [ -74.141041579164423, 40.537346884964855 ], [ -74.141298254718208, 40.537138177948577 ], [ -74.142185748417717, 40.537917777789069 ], [ -74.142389636897079, 40.537753260505028 ], [ -74.141582876908927, 40.537087577952576 ], [ -74.143833856853391, 40.537136911849821 ], [ -74.144740698135763, 40.535801044211397 ], [ -74.145433743829614, 40.5358230728271 ], [ -74.145996696150945, 40.535390392812076 ], [ -74.146696476853847, 40.535414308548845 ], [ -74.149217332639637, 40.53424158776108 ], [ -74.149777174893444, 40.533887869304309 ], [ -74.149758464898241, 40.533424302755655 ], [ -74.150695536182724, 40.532545838937338 ], [ -74.151120256905202, 40.53274138250692 ], [ -74.151853377444851, 40.532164021023505 ], [ -74.15245660936688, 40.532067944001106 ], [ -74.154001076668294, 40.530831553321711 ], [ -74.153898316826059, 40.530673772935728 ], [ -74.154103815347469, 40.530760821997781 ], [ -74.154628078706764, 40.530354296251517 ], [ -74.154543573744533, 40.530062136303826 ], [ -74.154928948493946, 40.530225483575826 ], [ -74.155647823393181, 40.529642984095823 ], [ -74.1555035725126, 40.529438026337928 ], [ -74.155731534350366, 40.529600904532671 ], [ -74.155990003204053, 40.529419603216425 ], [ -74.156448681500123, 40.528931841701556 ], [ -74.15618731852328, 40.528611371091898 ], [ -74.156671052081634, 40.528993311607429 ], [ -74.157018619463912, 40.528977656312392 ], [ -74.15826103107301, 40.528300499163151 ], [ -74.157972394579062, 40.52806708584459 ], [ -74.158326451269886, 40.528278426783352 ], [ -74.159701345202066, 40.527295992831711 ], [ -74.1603042631384, 40.527555747322303 ], [ -74.161582174236386, 40.527013478279457 ], [ -74.162271961087626, 40.52719426230852 ], [ -74.169997111614734, 40.523045772452591 ], [ -74.170507916603682, 40.523048719785677 ], [ -74.171286820672876, 40.523457767139824 ], [ -74.172696672630138, 40.522968735523783 ], [ -74.176012454790666, 40.520875962829294 ], [ -74.177582955221055, 40.519230866866231 ], [ -74.178318766906557, 40.519945785631187 ], [ -74.179243813687421, 40.51998421667917 ], [ -74.179810169489301, 40.520552337706292 ], [ -74.181051927468275, 40.520663254038169 ], [ -74.1848311647976, 40.519341358601032 ], [ -74.186567331912073, 40.518115849902522 ], [ -74.188498716085334, 40.516312726364816 ], [ -74.189268755573266, 40.515344976872569 ], [ -74.188842978218489, 40.515087166345893 ], [ -74.189712184983932, 40.515320378534504 ], [ -74.194096437363669, 40.510641242362411 ], [ -74.195213399990678, 40.509977652955875 ], [ -74.19649936986211, 40.50992353098782 ], [ -74.198608317049874, 40.511197023146714 ], [ -74.199672053593744, 40.51142685047985 ], [ -74.200059256169695, 40.512619372541081 ], [ -74.198925727938686, 40.512777305998597 ], [ -74.199073070954825, 40.513083884537203 ], [ -74.200828982542419, 40.513030703958634 ], [ -74.207568669983218, 40.511856152130498 ], [ -74.209687893974404, 40.510797369342633 ], [ -74.209189968251977, 40.510499057457977 ], [ -74.209322004642019, 40.510398628895615 ], [ -74.209713742058781, 40.510777703243193 ], [ -74.209853381285399, 40.510671925324949 ], [ -74.213531308036707, 40.506397477228056 ], [ -74.213855338475355, 40.506607024673265 ], [ -74.214342501297224, 40.506518911287486 ], [ -74.215108158596266, 40.506059755665547 ], [ -74.217582401643554, 40.503341392660928 ], [ -74.219770164171138, 40.502742688460074 ], [ -74.223046578522585, 40.50247817901294 ], [ -74.225002321954278, 40.501770295113531 ], [ -74.227294135110782, 40.50229749944576 ], [ -74.229715842370624, 40.502085687587858 ], [ -74.230338925001845, 40.50180417837219 ], [ -74.231144949587488, 40.501851216384786 ], [ -74.236788456240504, 40.500000835538373 ], [ -74.237667703599286, 40.499123255436537 ], [ -74.238513216355202, 40.498896075866448 ], [ -74.239848512368226, 40.4975830136407 ], [ -74.244327982524311, 40.497546740209849 ], [ -74.246761027741897, 40.496133987612041 ], [ -74.248942153680645, 40.496511934333746 ], [ -74.249717177066756, 40.496885956402224 ], [ -74.250854894222485, 40.498006163595399 ], [ -74.251167732456167, 40.498993090654537 ], [ -74.252599827399791, 40.499643075886489 ], [ -74.253297715588303, 40.500314550869042 ], [ -74.255279472082961, 40.504055531957377 ], [ -74.255307103776218, 40.506536454119221 ], [ -74.255591363152092, 40.507712950729257 ], [ -74.25462856709909, 40.508674825727205 ], [ -74.254981300094897, 40.50877117277593 ], [ -74.254972903707667, 40.508805661630852 ], [ -74.254618507280213, 40.508683908800016 ], [ -74.253997530793441, 40.508970314810952 ], [ -74.25431454169312, 40.509413694649218 ], [ -74.254020695055246, 40.509272976290227 ], [ -74.253689118810613, 40.509425596439364 ], [ -74.254646512629051, 40.509826245924614 ], [ -74.254526217324283, 40.509973015383778 ], [ -74.253648125182565, 40.509470530436502 ], [ -74.253315798051318, 40.509861504541171 ], [ -74.253063945530812, 40.511055257369989 ], [ -74.253258068856695, 40.511088689380991 ], [ -74.253008472775548, 40.51119398970561 ], [ -74.253526850767102, 40.511677766032065 ], [ -74.253036353815489, 40.511433160458935 ], [ -74.253089508686543, 40.512121961374092 ], [ -74.25195197488469, 40.512997002547422 ], [ -74.252125913970602, 40.513710379800159 ], [ -74.250111710569954, 40.515044819855312 ], [ -74.250555264135571, 40.515716342429101 ], [ -74.250156265167632, 40.515361188199655 ], [ -74.249888248749983, 40.515521545193145 ], [ -74.250560072720091, 40.51610674103263 ], [ -74.249215286760958, 40.515084861299478 ], [ -74.249941588080361, 40.516137488191191 ], [ -74.249430968990907, 40.5156878855977 ], [ -74.248647646321089, 40.516112628496977 ], [ -74.248759583151383, 40.51635622113443 ], [ -74.248545892916724, 40.516169917148659 ], [ -74.248284220838897, 40.516486949553851 ], [ -74.248946246656132, 40.517194539786921 ], [ -74.249407707890967, 40.516980830921263 ], [ -74.248514490560311, 40.517475626265238 ], [ -74.248919106530536, 40.517208433692666 ], [ -74.247518118355316, 40.515735864778854 ], [ -74.246930480084771, 40.516066454417938 ], [ -74.246440396511318, 40.515965028006114 ], [ -74.246128576792827, 40.516137392573903 ], [ -74.246749971940631, 40.516495613240707 ], [ -74.246510402676734, 40.516669855306169 ], [ -74.246995569965875, 40.517182085195735 ], [ -74.246478997053231, 40.516687327211045 ], [ -74.24653682834257, 40.516959960379658 ], [ -74.246349698017653, 40.516753371935089 ], [ -74.245208615283559, 40.517289743624318 ], [ -74.245634731699397, 40.518075580745979 ], [ -74.245088044605339, 40.518066839404412 ], [ -74.24429835217606, 40.518515003107957 ], [ -74.243652285115957, 40.51829461462335 ], [ -74.242324778332758, 40.518326525021919 ], [ -74.241031229187243, 40.519542513190686 ], [ -74.240490696877018, 40.519191628970212 ], [ -74.239822583169513, 40.520090711946544 ], [ -74.241172935521973, 40.521060131432179 ], [ -74.241332195755234, 40.520894517580395 ], [ -74.242932350363247, 40.521227160630382 ], [ -74.242583756392662, 40.522198648498225 ], [ -74.242801570095764, 40.524007296286861 ], [ -74.243357926856817, 40.524818913317993 ], [ -74.243965007588585, 40.524905366338032 ], [ -74.243338838838554, 40.525853805180169 ], [ -74.242886713812098, 40.528200130826207 ], [ -74.242510289975471, 40.528445935266078 ], [ -74.242245281373243, 40.529822779505146 ], [ -74.241507333228967, 40.531041342795334 ], [ -74.241810616215275, 40.532562675421694 ], [ -74.242177996632307, 40.53257613847682 ], [ -74.24204570286004, 40.534346377050639 ], [ -74.243696705874541, 40.536080111424681 ], [ -74.2441249598849, 40.536196295729241 ], [ -74.244147825386975, 40.536881409917228 ], [ -74.244587539107201, 40.536932927073003 ], [ -74.244936931144622, 40.536663876917338 ], [ -74.245336511760527, 40.536905994434825 ], [ -74.244427489220328, 40.538016433399129 ], [ -74.245393762199129, 40.539551674715867 ], [ -74.245602056983245, 40.540949594577562 ], [ -74.246486148157857, 40.542213392655839 ], [ -74.247677780396103, 40.543125403303002 ], [ -74.248034637356881, 40.543093240441642 ], [ -74.246137437687082, 40.545696446932183 ], [ -74.243363465527651, 40.547865135236016 ], [ -74.243584476513533, 40.547623990878776 ], [ -74.242935859292032, 40.547113219748027 ], [ -74.242203184632487, 40.546948677797722 ], [ -74.240391828100513, 40.547663310173967 ], [ -74.238371913042258, 40.549141566814527 ], [ -74.237619634673266, 40.550123468578818 ], [ -74.23641459726791, 40.550508223450024 ], [ -74.236164731361171, 40.551429424661933 ], [ -74.236507991873978, 40.552027271309825 ], [ -74.236399620821388, 40.552335333221912 ], [ -74.234898658008035, 40.553005216671451 ], [ -74.233324000803179, 40.552509143566105 ], [ -74.232291129331642, 40.553363697975861 ], [ -74.231933314449378, 40.554149830117346 ], [ -74.23071036198121, 40.555557594259106 ], [ -74.230249521535143, 40.555386746162803 ], [ -74.229319541857137, 40.555491586962944 ], [ -74.22905162187638, 40.556107082105278 ], [ -74.228332143720067, 40.556390354311652 ], [ -74.227436827305283, 40.556038533516649 ], [ -74.226404945429508, 40.556255712846074 ], [ -74.223903341344894, 40.555897065544677 ], [ -74.223864214980821, 40.556097694083078 ], [ -74.223442651063124, 40.556046569903764 ], [ -74.223786067089549, 40.555880267507376 ], [ -74.222574868013723, 40.555406209779811 ], [ -74.22179863887051, 40.55541707075929 ], [ -74.221570066131989, 40.555648982957898 ], [ -74.221298646044559, 40.555366224685741 ], [ -74.220867150934012, 40.555940202277917 ], [ -74.220297118089462, 40.555597921062969 ], [ -74.219743569307226, 40.554612672072679 ], [ -74.219080608993451, 40.554847002198159 ], [ -74.21933701278985, 40.55569136698125 ], [ -74.219217163709274, 40.555796969878813 ], [ -74.21895832633227, 40.554857583415966 ], [ -74.218593257828076, 40.554674210247974 ], [ -74.218750368805601, 40.556027740537466 ], [ -74.217753423917372, 40.555005284776371 ], [ -74.21604246060636, 40.555544118783189 ], [ -74.214740531988141, 40.556242389132322 ], [ -74.214992569647663, 40.556794932796116 ], [ -74.214623404782827, 40.556913362221074 ], [ -74.213764673175902, 40.556396943325524 ], [ -74.213274572913775, 40.556624934276805 ], [ -74.211998431642499, 40.558378066978584 ], [ -74.211880423216812, 40.559596937862004 ], [ -74.211174402599326, 40.560459881852658 ], [ -74.211340052813227, 40.561230353085506 ], [ -74.211096003552328, 40.562131471291941 ], [ -74.211379978587743, 40.563492205275054 ], [ -74.210726676909985, 40.565273911362318 ], [ -74.20886661112192, 40.568909793929386 ], [ -74.208926363286707, 40.569624298450208 ], [ -74.208017053814189, 40.570517957400945 ], [ -74.207835590151333, 40.572610000949219 ], [ -74.207078004104162, 40.574266340216838 ], [ -74.207284314131712, 40.575254532872762 ], [ -74.206812056267708, 40.575922020188393 ], [ -74.20708917179337, 40.57630558983643 ], [ -74.206580405320551, 40.576652736836898 ], [ -74.206808279618031, 40.577179568792751 ], [ -74.206323441953558, 40.577538818965039 ], [ -74.205917325093921, 40.578616647553808 ], [ -74.206028412425098, 40.579764267145677 ], [ -74.204411999480442, 40.580170000920539 ], [ -74.20294999980203, 40.580102000080338 ], [ -74.197498000087492, 40.57885900058811 ] ] ] ] } },
{ "type": "Feature", "properties": { "boro_cd": "305", "name": "East New York / Cypress Hills", "food_10min_pct": 100.0, "proximity_mean": 89.3, "childcare_slots_per_100_u5": 49.5, "rank_food": 1, "rank_proximity": 46, "rank_childcare": 26 }, "geometry": { "type": "Polygon", "coordinates": [ [ [ -73.86840518949181, 40.694731186244027 ], [ -73.868684543705783, 40.694034691905799 ], [ -73.866019932207308, 40.681919587028169 ], [ -73.864100966791341, 40.682372850292822 ], [ -73.863282970303317, 40.679079371176215 ], [ -73.86234580535023, 40.679164786147041 ], [ -73.860385198547277, 40.671251710989871 ], [ -73.857633231083639, 40.671656194038221 ], [ -73.855684612210354, 40.66386749287571 ], [ -73.858429507913058, 40.663453360931236 ], [ -73.8576153718558, 40.660118933153989 ], [ -73.860304945640536, 40.659634655304124 ], [ -73.863170833404041, 40.658276512949044 ], [ -73.862697782335388, 40.657618309011767 ], [ -73.863276230686083, 40.656941215328331 ], [ -73.863001717152656, 40.6566537573704 ], [ -73.863051322134496, 40.656106098379894 ], [ -73.862641173431655, 40.655667537007844 ], [ -73.860989173539124, 40.655209767105362 ], [ -73.860578361363906, 40.654675329645336 ], [ -73.870185652275424, 40.649323182368079 ], [ -73.873465582585283, 40.646816633471971 ], [ -73.879216582308985, 40.65459108377317 ], [ -73.8796386550232, 40.654499091804418 ], [ -73.87390127670119, 40.64636836786071 ], [ -73.875963090713611, 40.643644484254999 ], [ -73.877973413343526, 40.639807117721539 ], [ -73.878684931735776, 40.64053855256887 ], [ -73.878647053172529, 40.641065856068003 ], [ -73.879191564521108, 40.641652379682 ], [ -73.891365435872459, 40.652364719447114 ], [ -73.893546770738467, 40.655202714083842 ], [ -73.897610132423623, 40.653453816120809 ], [ -73.898002557477412, 40.653801223955313 ], [ -73.903474223424965, 40.675506683277909 ], [ -73.903490500370751, 40.67889804853494 ], [ -73.90404639808888, 40.679220598019363 ], [ -73.902622623463955, 40.680664503418932 ], [ -73.900245377055157, 40.679422791011625 ], [ -73.897862999396978, 40.679875011118462 ], [ -73.896959138487134, 40.68069958191176 ], [ -73.895997273160347, 40.683196879280096 ], [ -73.894174632671806, 40.685283248170769 ], [ -73.892583031023207, 40.683491910887348 ], [ -73.8901541873892, 40.685003989805296 ], [ -73.889627875787696, 40.684236454253103 ], [ -73.888083418425452, 40.685293632171245 ], [ -73.884522509574239, 40.686684749095754 ], [ -73.883776985832526, 40.687863411184452 ], [ -73.879506411547808, 40.691146769345238 ], [ -73.874020532406732, 40.694191295217621 ], [ -73.868917626907503, 40.695146561514235 ], [ -73.86840518949181, 40.694731186244027 ] ] ] } },
{ "type": "Feature", "properties": { "boro_cd": "409", "name": "Kew Gardens / Woodhaven", "food_10min_pct": 100.0, "proximity_mean": 93.8, "childcare_slots_per_100_u5": 30.0, "rank_food": 1, "rank_proximity": 34, "rank_childcare": 54 }, "geometry": { "type": "Polygon", "coordinates": [ [ [ -73.817097387564516, 40.704029801587843 ], [ -73.814923432672259, 40.699422440075509 ], [ -73.810632983108903, 40.691947382576906 ], [ -73.853980147679863, 40.679683035466105 ], [ -73.863282970303317, 40.679079371176215 ], [ -73.864100966791341, 40.682372850292822 ], [ -73.866019932207308, 40.681919587028169 ], [ -73.868684543705783, 40.694034691905799 ], [ -73.86840518949181, 40.694731186244027 ], [ -73.857444477396186, 40.696912984716981 ], [ -73.852745116200438, 40.697560750098283 ], [ -73.852832622789165, 40.698407766080841 ], [ -73.854499646302784, 40.700551854960331 ], [ -73.850708422562661, 40.700203125104558 ], [ -73.849138372430176, 40.698282740699483 ], [ -73.845024728771065, 40.69935937701635 ], [ -73.841563780944227, 40.701100598717787 ], [ -73.836962378110371, 40.704212452333344 ], [ -73.83814221741352, 40.706258901280748 ], [ -73.837147029888925, 40.707957046263523 ], [ -73.83828428770201, 40.708409358625126 ], [ -73.837429623480517, 40.709620460462148 ], [ -73.836311794052165, 40.708837255987 ], [ -73.83404791977469, 40.710029392278244 ], [ -73.835900721417005, 40.711641370769009 ], [ -73.831500844378937, 40.713987711906618 ], [ -73.825460606662361, 40.715549645593455 ], [ -73.823838890614567, 40.712940878381751 ], [ -73.820262559892299, 40.709538073272412 ], [ -73.817097387564516, 40.704029801587843 ] ] ] } },
{ "type": "Feature", "properties": { "boro_cd": "412", "name": "Jamaica / Hollis", "food_10min_pct": 97.0, "proximity_mean": 90.4, "childcare_slots_per_100_u5": 39.7, "rank_food": 40, "rank_proximity": 45, "rank_childcare": 46 }, "geometry": { "type": "Polygon", "coordinates": [ [ [ -73.801682665533633, 40.666322352571065 ], [ -73.801132361482544, 40.670548667617211 ], [ -73.801194616151264, 40.672422464605773 ], [ -73.801681947597245, 40.674383848960048 ], [ -73.807336218026904, 40.686125446990232 ], [ -73.814923432672259, 40.699422440075509 ], [ -73.817097387564516, 40.704029801587843 ], [ -73.814439318654323, 40.704402150563674 ], [ -73.795616689618555, 40.709753079175201 ], [ -73.788581680199741, 40.712331847506171 ], [ -73.78843507108904, 40.711998937804616 ], [ -73.787846784139347, 40.711810833166538 ], [ -73.78657528627528, 40.711972493276896 ], [ -73.773571351684041, 40.715120095368889 ], [ -73.767332280868814, 40.717289796810775 ], [ -73.764469517235426, 40.71889039287926 ], [ -73.759441429410103, 40.721063443753316 ], [ -73.753708346228734, 40.713324636739912 ], [ -73.744846105650595, 40.693139056115498 ], [ -73.750089911971315, 40.685923446360306 ], [ -73.75225828619395, 40.681491411472813 ], [ -73.755234578057156, 40.677288409245023 ], [ -73.755817711530113, 40.67575274273149 ], [ -73.756362392596742, 40.672429237110421 ], [ -73.756437342919526, 40.669666378742278 ], [ -73.756995333614242, 40.667741268564576 ], [ -73.757956436648485, 40.665955403396971 ], [ -73.770174820481401, 40.667315463763394 ], [ -73.774451076755781, 40.667471576518793 ], [ -73.793059808695759, 40.666193204081765 ], [ -73.801682665533633, 40.666322352571065 ] ] ] } },
{ "type": "Feature", "properties": { "boro_cd": "413", "name": "Queens Village / Cambria Heights", "food_10min_pct": 69.2, "proximity_mean": 68.7, "childcare_slots_per_100_u5": 41.4, "rank_food": 57, "rank_proximity": 57, "rank_childcare": 42 }, "geometry": { "type": "Polygon", "coordinates": [ [ [ -73.74694320572226, 40.637529202175735 ], [ -73.746794507981662, 40.637871694661051 ], [ -73.744621073674622, 40.639446187275126 ], [ -73.743990632320248, 40.64124706954351 ], [ -73.747617991811026, 40.644862124883922 ], [ -73.766695938389361, 40.655802847501775 ], [ -73.768327401635787, 40.655600115136231 ], [ -73.769743641745009, 40.655948254796556 ], [ -73.776115802320533, 40.659744958356058 ], [ -73.77883592023035, 40.660577251396418 ], [ -73.785025138063133, 40.663421072397625 ], [ -73.796414926514686, 40.665020930016041 ], [ -73.80203207689965, 40.665248025332573 ], [ -73.801682665533633, 40.666322352571065 ], [ -73.793059808695759, 40.666193204081765 ], [ -73.774451076755781, 40.667471576518793 ], [ -73.770174820481401, 40.667315463763394 ], [ -73.757956436648485, 40.665955403396971 ], [ -73.756995333614242, 40.667741268564576 ], [ -73.756437342919526, 40.669666378742278 ], [ -73.756362392596742, 40.672429237110421 ], [ -73.755817711530113, 40.67575274273149 ], [ -73.755234578057156, 40.677288409245023 ], [ -73.75225828619395, 40.681491411472813 ], [ -73.750089911971315, 40.685923446360306 ], [ -73.744846105650595, 40.693139056115498 ], [ -73.753708346228734, 40.713324636739912 ], [ -73.759441429410103, 40.721063443753316 ], [ -73.754091423331758, 40.724691906288079 ], [ -73.756703291674768, 40.726229432660588 ], [ -73.753179469959662, 40.72760893136698 ], [ -73.75048295649863, 40.729221294394058 ], [ -73.742947857899608, 40.735456551529012 ], [ -73.739012103523933, 40.739746479175338 ], [ -73.73375484853679, 40.742747628312586 ], [ -73.731064618808375, 40.744888375884479 ], [ -73.729066709740763, 40.747390959246346 ], [ -73.727713561863283, 40.750626894611791 ], [ -73.726414721371512, 40.751915877812927 ], [ -73.723266734112798, 40.753947599497167 ], [ -73.7224109479736, 40.754920189248601 ], [ -73.72145870261356, 40.756658080546359 ], [ -73.720315952913595, 40.757897258620282 ], [ -73.717672370657041, 40.759311211520547 ], [ -73.716125282334986, 40.7596607143075 ], [ -73.713518281059919, 40.759837730830981 ], [ -73.701633458262961, 40.752493329188795 ], [ -73.700020205032914, 40.739236541732133 ], [ -73.701470730381189, 40.737511560964272 ], [ -73.70766217239931, 40.727830934507928 ], [ -73.710499953620726, 40.727227087413382 ], [ -73.716932880570297, 40.726386415555609 ], [ -73.725671969594416, 40.724037658993332 ], [ -73.730326289020383, 40.722157296783465 ], [ -73.729176295154446, 40.719167214561907 ], [ -73.726894874152805, 40.709978573617988 ], [ -73.726789612293672, 40.701945451866614 ], [ -73.725630051196944, 40.679587951284134 ], [ -73.72629437184834, 40.677058112803863 ], [ -73.727556163566533, 40.67416158768917 ], [ -73.728241312114108, 40.668024097501778 ], [ -73.727817509498891, 40.66311678348206 ], [ -73.728330718759622, 40.663043943731324 ], [ -73.725567697704122, 40.656725143081538 ], [ -73.725502590724943, 40.655516515572437 ], [ -73.724984707128272, 40.654253435404158 ], [ -73.725099345820951, 40.652345748311951 ], [ -73.725226081070161, 40.652001000147649 ], [ -73.730286529721823, 40.650368522674597 ], [ -73.735135014065193, 40.649732039962892 ], [ -73.739044821314337, 40.648201180344614 ], [ -73.741437060423451, 40.646889178321643 ], [ -73.741661413177283, 40.642198061680013 ], [ -73.742050849527686, 40.641474204525871 ], [ -73.741422793149653, 40.640503390753516 ], [ -73.742273872261137, 40.640123380949071 ], [ -73.741259000675782, 40.638897499435188 ], [ -73.73947121626793, 40.63570643182959 ], [ -73.739959575703807, 40.635143809876084 ], [ -73.740003904141361, 40.635308864792954 ], [ -73.741770383121036, 40.634881032620918 ], [ -73.742536918563871, 40.635174966121959 ], [ -73.742372153923483, 40.635816546366271 ], [ -73.741249591824783, 40.636939700770036 ], [ -73.741117941744477, 40.637468149794501 ], [ -73.740964876863657, 40.637304775030259 ], [ -73.741303724911035, 40.6378988129186 ], [ -73.74189040305609, 40.63812221354042 ], [ -73.742729663033671, 40.638270155981871 ], [ -73.743971284962356, 40.637880012615057 ], [ -73.743522262381859, 40.638889486374978 ], [ -73.743734215046302, 40.639022117664148 ], [ -73.744795581485079, 40.637075029076314 ], [ -73.744712755116993, 40.637307046894399 ], [ -73.74519496966802, 40.63719171231218 ], [ -73.74629219000667, 40.636437267982615 ], [ -73.746790746380611, 40.636778135545555 ], [ -73.746453943019191, 40.637259820881397 ], [ -73.745271386429266, 40.637915901245535 ], [ -73.745296394098176, 40.638330139540912 ], [ -73.74699518373022, 40.636890834163601 ], [ -73.74694320572226, 40.637529202175735 ] ] ] } },
{ "type": "Feature", "properties": { "boro_cd": "405", "name": "Ridgewood / Maspeth", "food_10min_pct": 90.6, "proximity_mean": 86.3, "childcare_slots_per_100_u5": 23.1, "rank_food": 50, "rank_proximity": 48, "rank_childcare": 59 }, "geometry": { "type": "Polygon", "coordinates": [ [ [ -73.88770199270428, 40.734291322758779 ], [ -73.8855933098002, 40.728274439975195 ], [ -73.880088774891988, 40.728906274214374 ], [ -73.875091541556102, 40.730671363219798 ], [ -73.871460742495728, 40.729326374138616 ], [ -73.870845394241826, 40.727484593440721 ], [ -73.869292704230247, 40.724435929474303 ], [ -73.865238706778001, 40.719976710027623 ], [ -73.859928554999613, 40.714756270447843 ], [ -73.859636169806663, 40.713978131371938 ], [ -73.859776179859224, 40.711226356944607 ], [ -73.859141492211876, 40.706874064142141 ], [ -73.858232798457479, 40.705591689885118 ], [ -73.855597709485792, 40.703726225651543 ], [ -73.855295715093703, 40.701991009108106 ], [ -73.857227627179157, 40.701651719352185 ], [ -73.857279340412589, 40.701212513322304 ], [ -73.858932243991106, 40.70132034475909 ], [ -73.858198907007406, 40.702911073863334 ], [ -73.860130733537162, 40.702422189787868 ], [ -73.864489837072156, 40.702798334609874 ], [ -73.866855445455272, 40.702213736301616 ], [ -73.868185026987803, 40.701093055724741 ], [ -73.869150517428068, 40.698583517911366 ], [ -73.870573931660374, 40.697688900665241 ], [ -73.868917626907503, 40.695146561514235 ], [ -73.874020532406732, 40.694191295217621 ], [ -73.879506411547808, 40.691146769345238 ], [ -73.883776985832526, 40.687863411184452 ], [ -73.884522509574239, 40.686684749095754 ], [ -73.888083418425452, 40.685293632171245 ], [ -73.889627875787696, 40.684236454253103 ], [ -73.8901541873892, 40.685003989805296 ], [ -73.892583031023207, 40.683491910887348 ], [ -73.894174632671806, 40.685283248170769 ], [ -73.89577945503008, 40.683497183358256 ], [ -73.896466250629089, 40.682336422475494 ], [ -73.901161550603931, 40.68787793535575 ], [ -73.900424651130905, 40.688183898877007 ], [ -73.90188776254891, 40.69107772007343 ], [ -73.901398406620402, 40.691589992037954 ], [ -73.905795970092086, 40.694127155513769 ], [ -73.904260184116893, 40.695700371443372 ], [ -73.911806821910744, 40.699946882523939 ], [ -73.91067882737353, 40.701045969566849 ], [ -73.912904041219591, 40.702361891296839 ], [ -73.911807100694361, 40.703434952026804 ], [ -73.921891846986938, 40.709396096710975 ], [ -73.920748530497576, 40.710533648958439 ], [ -73.921546016956839, 40.711043283534998 ], [ -73.922234664776212, 40.712855954363079 ], [ -73.924040113340226, 40.71400831262909 ], [ -73.923683521525248, 40.714082841408384 ], [ -73.924122415754965, 40.715138048445354 ], [ -73.922329701677015, 40.716076545172605 ], [ -73.920642589405389, 40.715773192531557 ], [ -73.920569055361099, 40.716003708340814 ], [ -73.922237611243403, 40.716382440494272 ], [ -73.923938673293534, 40.719042756787147 ], [ -73.923835754056512, 40.720148164078367 ], [ -73.924243649210638, 40.721429498256164 ], [ -73.925199857993121, 40.722439597710938 ], [ -73.924336933923044, 40.723603840274016 ], [ -73.922143309612849, 40.723707557018898 ], [ -73.920733560941315, 40.723309812770644 ], [ -73.920370641696692, 40.723681113318193 ], [ -73.920531983343906, 40.722940342392562 ], [ -73.916554679466969, 40.722005506480109 ], [ -73.912571877438523, 40.723239634950062 ], [ -73.905180579197719, 40.728956576973928 ], [ -73.900608149344251, 40.734483855080157 ], [ -73.899632578957963, 40.735002358303227 ], [ -73.898308127427455, 40.735194184441177 ], [ -73.895101334704705, 40.73502118309019 ], [ -73.892784056660759, 40.734495962249099 ], [ -73.889103189824539, 40.734592396462602 ], [ -73.88770199270428, 40.734291322758779 ] ] ] } },
{ "type": "Feature", "properties": { "boro_cd": "204", "name": "Highbridge / Concourse", "food_10min_pct": 100.0, "proximity_mean": 96.8, "childcare_slots_per_100_u5": 84.8, "rank_food": 1, "rank_proximity": 20, "rank_childcare": 3 }, "geometry": { "type": "Polygon", "coordinates": [ [ [ -73.902688100501834, 40.844581472285505 ], [ -73.912169825782627, 40.827902221485793 ], [ -73.91661368442395, 40.824992308507589 ], [ -73.916087828579009, 40.824837851831496 ], [ -73.92194764145448, 40.821031544959581 ], [ -73.925184864635597, 40.818012668875113 ], [ -73.930099932003216, 40.819274350429673 ], [ -73.932389713250288, 40.819502847336935 ], [ -73.932660036009949, 40.824545226474427 ], [ -73.933546067469933, 40.831509453501617 ], [ -73.933462357031431, 40.833643823071867 ], [ -73.932656203539807, 40.836473476526109 ], [ -73.930515723860793, 40.839933642686979 ], [ -73.928615748223535, 40.844676865030138 ], [ -73.927301944324483, 40.846506867375872 ], [ -73.923540020115865, 40.844758943609918 ], [ -73.913382939714481, 40.845187232536738 ], [ -73.902688100501834, 40.844581472285505 ] ] ] } },
{ "type": "Feature", "properties": { "boro_cd": "205", "name": "University Heights / Fordham", "food_10min_pct": 100.0, "proximity_mean": 98.0, "childcare_slots_per_100_u5": 79.5, "rank_food": 1, "rank_proximity": 14, "rank_childcare": 6 }, "geometry": { "type": "Polygon", "coordinates": [ [ [ -73.89138023380255, 40.861700588263254 ], [ -73.893215207578038, 40.85987420615588 ], [ -73.893948930128943, 40.858779697027089 ], [ -73.900096960411886, 40.849209041180615 ], [ -73.902688100501834, 40.844581472285569 ], [ -73.913382939714538, 40.845187232536766 ], [ -73.923540020115709, 40.844758943609946 ], [ -73.927301944324483, 40.846506867375872 ], [ -73.924653798641444, 40.849785043512817 ], [ -73.922561789464766, 40.853188912030106 ], [ -73.921740354030078, 40.854221237840697 ], [ -73.92154261803914, 40.854116883381927 ], [ -73.92134207683857, 40.854317435657904 ], [ -73.921515437055234, 40.854510063891567 ], [ -73.920800702893246, 40.855380814394728 ], [ -73.920300272134241, 40.85524637134165 ], [ -73.920526531328434, 40.855686668401994 ], [ -73.919566209446799, 40.856840183688341 ], [ -73.917760412511058, 40.858708097958463 ], [ -73.917206646469864, 40.858928923237322 ], [ -73.915762132109265, 40.860644637293113 ], [ -73.914674807119965, 40.85971240616233 ], [ -73.914036078876535, 40.859941953329582 ], [ -73.910721043226687, 40.858706232234326 ], [ -73.909667478309032, 40.857484948653337 ], [ -73.90777484290885, 40.859609519622246 ], [ -73.903908166694364, 40.858367585816119 ], [ -73.90107967017714, 40.862756383423203 ], [ -73.899436708404025, 40.862116912065758 ], [ -73.896938996851262, 40.862442929751232 ], [ -73.89138023380255, 40.861700588263254 ] ] ] } },
{ "type": "Feature", "properties": { "boro_cd": "312", "name": "Borough Park", "food_10min_pct": 100.0, "proximity_mean": 95.5, "childcare_slots_per_100_u5": 57.4, "rank_food": 1, "rank_proximity": 28, "rank_childcare": 19 }, "geometry": { "type": "Polygon", "coordinates": [ [ [ -73.971396316881524, 40.648257786114272 ], [ -73.967627362927942, 40.635238621822808 ], [ -73.972414816512725, 40.632993834268547 ], [ -73.972557215954396, 40.633713379927109 ], [ -73.977616422373259, 40.633153642404004 ], [ -73.976514621001996, 40.627294489991485 ], [ -73.965906868800076, 40.628654481308523 ], [ -73.962385484482596, 40.609985992850341 ], [ -73.972994339388961, 40.608814141802448 ], [ -73.973993194613755, 40.614029894242705 ], [ -73.974892957566354, 40.613186368916793 ], [ -73.974972645984579, 40.613668110171844 ], [ -73.994734856792604, 40.625614741106183 ], [ -73.996554258849315, 40.62634065439817 ], [ -74.010503836861801, 40.63457909632956 ], [ -73.996045653086625, 40.648340654929136 ], [ -73.989058723936083, 40.644119241039377 ], [ -73.981805338572073, 40.647127799262471 ], [ -73.97527213435491, 40.647830604570046 ], [ -73.973266890058767, 40.647583072125975 ], [ -73.971396316881524, 40.648257786114272 ] ] ] } },
{ "type": "Feature", "properties": { "boro_cd": "307", "name": "Sunset Park", "food_10min_pct": 100.0, "proximity_mean": 92.0, "childcare_slots_per_100_u5": 59.8, "rank_food": 1, "rank_proximity": 39, "rank_childcare": 16 }, "geometry": { "type": "Polygon", "coordinates": [ [ [ -73.980171611037164, 40.661154658478054 ], [ -73.9800011389068, 40.660757564210144 ], [ -73.97957870095631, 40.660853242154175 ], [ -73.974367012924986, 40.658187903512406 ], [ -73.971396316881481, 40.648257786114321 ], [ -73.973266890058667, 40.647583072125975 ], [ -73.975272134354853, 40.647830604570046 ], [ -73.981805338572073, 40.647127799262471 ], [ -73.989058723936026, 40.644119241039434 ], [ -73.996045653086512, 40.648340654929136 ], [ -74.010503836861801, 40.634579096329603 ], [ -74.01971293794584, 40.637231482913243 ], [ -74.021016100310874, 40.638189603184813 ], [ -74.021598107946502, 40.639086495372524 ], [ -74.022970093908484, 40.639934604478739 ], [ -74.023549391547306, 40.639320333692517 ], [ -74.025723770674574, 40.640630519108178 ], [ -74.026097891295706, 40.64027002032563 ], [ -74.032310843001014, 40.644039214480586 ], [ -74.031897084943338, 40.643889349369978 ], [ -74.030518308633901, 40.645274424706678 ], [ -74.029080908857765, 40.64440359693058 ], [ -74.029154189945316, 40.64458144541976 ], [ -74.028862411270552, 40.644866024225799 ], [ -74.029086542892401, 40.644583001799845 ], [ -74.02850116250606, 40.644177564702858 ], [ -74.028190530493418, 40.644414330709097 ], [ -74.028457210957754, 40.644156059248367 ], [ -74.028205695450083, 40.644015982890458 ], [ -74.026049484003153, 40.646261350326377 ], [ -74.029740782110466, 40.648486025707982 ], [ -74.02938990486598, 40.648804054611489 ], [ -74.025717588048067, 40.646615492291154 ], [ -74.02538149265294, 40.646912346226742 ], [ -74.0250711143008, 40.646725616378653 ], [ -74.024354969367153, 40.647399278153671 ], [ -74.024145660505638, 40.647615101260044 ], [ -74.025129119552346, 40.648323181457464 ], [ -74.024967921171367, 40.648605962267723 ], [ -74.025538645780443, 40.649782159348248 ], [ -74.024844363634443, 40.650599638057223 ], [ -74.02520581187575, 40.65081846789959 ], [ -74.025415539294627, 40.650618697082685 ], [ -74.026051331967935, 40.650994300743285 ], [ -74.025529715436491, 40.651478550693007 ], [ -74.02491122849014, 40.651106285290908 ], [ -74.025102571902394, 40.650893305577036 ], [ -74.02477160495674, 40.650687707435573 ], [ -74.024240213475238, 40.651133516313621 ], [ -74.025416040285933, 40.651933806855304 ], [ -74.024177529733961, 40.651191773212403 ], [ -74.023594002951853, 40.651315663253925 ], [ -74.023059910470252, 40.650974304134934 ], [ -74.022851417959842, 40.651169195161962 ], [ -74.025368901505189, 40.652721436927436 ], [ -74.025226629726561, 40.652829856959833 ], [ -74.021541383192243, 40.650671622911396 ], [ -74.021246523734106, 40.65083497256451 ], [ -74.021391882106727, 40.650967757988582 ], [ -74.021052303922147, 40.651098282927919 ], [ -74.022337346668294, 40.651910605381779 ], [ -74.020898628708338, 40.651247275218473 ], [ -74.023807039031212, 40.653044728511667 ], [ -74.023594344975564, 40.653216368961971 ], [ -74.021959000905923, 40.652222781970984 ], [ -74.021186700278847, 40.652839836895502 ], [ -74.023204647271413, 40.654096116818046 ], [ -74.023062190892261, 40.654233236292136 ], [ -74.022101951624634, 40.653587954310382 ], [ -74.021629462954976, 40.653645165216233 ], [ -74.021149634844932, 40.65421075521175 ], [ -74.02182479745494, 40.65465617578564 ], [ -74.0216448641537, 40.654878982880085 ], [ -74.020474618201803, 40.654216589227381 ], [ -74.01919203025416, 40.654022598494301 ], [ -74.018622383085642, 40.653491349023156 ], [ -74.018118978764861, 40.653885271608061 ], [ -74.020255890529228, 40.655118262881359 ], [ -74.020051824542918, 40.655335948874701 ], [ -74.017874072238158, 40.654061502331061 ], [ -74.017153195810209, 40.654775104362329 ], [ -74.019800816519989, 40.656487210584856 ], [ -74.017267159365815, 40.655194187986716 ], [ -74.016916178510655, 40.655483274957916 ], [ -74.016650479597615, 40.655338796572401 ], [ -74.016394375337725, 40.655620642850998 ], [ -74.019108438031182, 40.657368884303679 ], [ -74.018605694609988, 40.657845874023032 ], [ -74.015853700568101, 40.656213240053042 ], [ -74.015436322696459, 40.656632396759854 ], [ -74.017742327274888, 40.658098916725166 ], [ -74.01768549175469, 40.658452992761397 ], [ -74.015047382218498, 40.656950386693609 ], [ -74.014421304845484, 40.65760802195156 ], [ -74.017458030878984, 40.659450197386917 ], [ -74.015541653890068, 40.660758355476318 ], [ -74.014004283924152, 40.659811963440305 ], [ -74.013662739925991, 40.660028780637049 ], [ -74.011838620565527, 40.658912837274904 ], [ -74.011107504103094, 40.65970627458082 ], [ -74.014022476780241, 40.661529747440241 ], [ -74.013155549388102, 40.661981597726118 ], [ -74.012653588114901, 40.661981654037774 ], [ -74.008599569682829, 40.659520923098476 ], [ -74.007458581638971, 40.660558476210156 ], [ -74.010463317244941, 40.662642119790299 ], [ -74.009550741420355, 40.663267694130589 ], [ -74.008683715912966, 40.663372012840426 ], [ -74.006161411363209, 40.661845068990672 ], [ -74.005685947568864, 40.662274740360743 ], [ -74.004283582501245, 40.661444894101464 ], [ -74.004146248922069, 40.661561635681515 ], [ -74.006226982479248, 40.662787827861173 ], [ -74.005923605030347, 40.663108250739242 ], [ -74.003808154708807, 40.661907945728387 ], [ -74.00348801100651, 40.662240556128694 ], [ -74.004554984887122, 40.66281637291295 ], [ -74.004732981217771, 40.662496503996891 ], [ -74.005358128642513, 40.662869129731924 ], [ -74.004971577586119, 40.663068213242326 ], [ -74.00519233775087, 40.663201553096819 ], [ -74.005380144139252, 40.662883926955566 ], [ -74.005997486826928, 40.66325861082872 ], [ -74.005613486817438, 40.663458390254952 ], [ -74.007721335067032, 40.66471863301998 ], [ -74.007305161268349, 40.664597590752763 ], [ -74.007125326467403, 40.664915218474519 ], [ -74.006524696001108, 40.664547227160597 ], [ -74.006882153073065, 40.66434037294313 ], [ -74.006629378595647, 40.664187930124655 ], [ -74.006449799807939, 40.664506206799253 ], [ -74.005841576324798, 40.664138020674763 ], [ -74.006203065853697, 40.663930168210662 ], [ -74.006046085189737, 40.663840005635713 ], [ -74.005757810454867, 40.66392275680181 ], [ -74.005849247706053, 40.664503298619898 ], [ -74.005641407544729, 40.664531491393404 ], [ -74.005650259595797, 40.663900337843948 ], [ -74.003628625085611, 40.662734847534793 ], [ -74.003403485956241, 40.662985726095862 ], [ -74.004592386367491, 40.663735199833049 ], [ -74.004322948973723, 40.664052319975468 ], [ -74.00528132177341, 40.664657003524155 ], [ -74.004861937926592, 40.66506482193838 ], [ -74.001135195096566, 40.662901723552757 ], [ -74.000834011084436, 40.663006442189321 ], [ -73.999531526099162, 40.664397485937066 ], [ -74.002924635163822, 40.666462312163617 ], [ -74.002240309913731, 40.666793835145363 ], [ -74.001619500210865, 40.666766279174659 ], [ -74.00120611348305, 40.667018107203027 ], [ -74.001464709327038, 40.66716956870777 ], [ -74.000687748687653, 40.667545951899008 ], [ -73.999981493391232, 40.667450274908894 ], [ -73.999026009983837, 40.668442972127195 ], [ -73.999026332641733, 40.669007888400898 ], [ -73.999240491050301, 40.668306286560174 ], [ -73.999079353279654, 40.669038271861766 ], [ -73.998655806916005, 40.669514795548181 ], [ -73.998916848387552, 40.669804563218001 ], [ -73.998618879700572, 40.67183017256491 ], [ -73.996844904837758, 40.669031324771268 ], [ -73.996402811045229, 40.669008413751172 ], [ -73.980171611037164, 40.661154658478054 ] ] ] } },
{ "type": "Feature", "properties": { "boro_cd": "314", "name": "Flatbush / Midwood", "food_10min_pct": 100.0, "proximity_mean": 94.8, "childcare_slots_per_100_u5": 37.8, "rank_food": 1, "rank_proximity": 30, "rank_childcare": 49 }, "geometry": { "type": "Polygon", "coordinates": [ [ [ -73.956300351227114, 40.655048281831348 ], [ -73.955651962408524, 40.646630410144752 ], [ -73.954730247704163, 40.644772578361852 ], [ -73.953941725358945, 40.638494724942063 ], [ -73.948264996568852, 40.638607189706995 ], [ -73.947773303943535, 40.633998156194906 ], [ -73.945867735931699, 40.634117548159992 ], [ -73.945510955219518, 40.630791482901493 ], [ -73.944155352558255, 40.629508285208168 ], [ -73.947326722265842, 40.62916656670734 ], [ -73.944827709962937, 40.616046209109591 ], [ -73.949119702127703, 40.613053217667968 ], [ -73.950769380759141, 40.611590244767648 ], [ -73.953598888529058, 40.610949865606592 ], [ -73.962385484482596, 40.609985992850341 ], [ -73.965906868800076, 40.628654481308523 ], [ -73.976514621001996, 40.627294489991485 ], [ -73.977616422373259, 40.633153642404004 ], [ -73.972557215954396, 40.633713379927109 ], [ -73.972414816512725, 40.632993834268547 ], [ -73.967627362927942, 40.635238621822808 ], [ -73.972222286057303, 40.651046951765906 ], [ -73.971456203085324, 40.651140312462552 ], [ -73.959861031791249, 40.655634788937157 ], [ -73.959696658630605, 40.654839214726401 ], [ -73.956300351227114, 40.655048281831348 ] ] ] } }
]
}
