{"type":"FeatureCollection","features":[{"type":"Feature","geometry":{"type":"MultiPolygon","coordinates":[[[[-74.02278852440817,40.634708323875735],[-74.02281199207117,40.63467955670729],[-74.02283787915364,40.63465202041573],[-74.02286607480171,40.634625832914075],[-74.02289645827639,40.63460110633963],[-74.02292889947073,40.63457794657368],[-74.0229632594668,40.63455645278825],[-74.0229993911307,40.63453671702136],[-74.02303713974253,40.63451882378303],[-74.02307634365887,40.63450284969337],[-74.023116835005,40.634488863154466],[-74.02315844039366,40.63447692405758],[-74.02320098166753,40.63446708352665],[-74.02324427666198,40.634459383699394],[-74.02328813998521,40.63445385754699],[-74.02333238381192,40.63445052873263],[-74.02337681868754,40.63444941151054],[-74.02342125433957,40.63445051066471],[-74.02346550049208,40.63445382148851],[-74.02350936768066,40.634459329804784],[-74.02355266806342,40.634467012026654],[-74.02359521622544,40.63447683525838],[-74.02363682997266,40.634488757436316],[-74.02367733111191,40.63450272750895],[-74.02371654621405,40.63451868565554],[-74.02375430735643,40.6345365635423],[-74.02379045284201,40.63455628461479],[-74.02382482789167,40.63457776442597],[-74.02385728530707,40.63460091099763],[-74.02388768610085,40.63462562521427],[-74.02391590009185,40.63465180124749],[-74.02394180646257,40.63467932700914],[-74.02396529427655,40.63470808463123],[-74.0239862629534,40.634737950970745],[-74.02400462269958,40.63476879813681],[-74.0240202948929,40.63480049403841],[-74.02403321241933,40.63483290294988],[-74.02404331996036,40.63486588609226],[-74.02405057422996,40.63489930222738],[-74.02405494416007,40.634933008262784],[-74.02405641103365,40.634966859864356],[-74.02405496856488,40.635000712074465],[-74.02405062292625,40.63503441993264],[-74.02404339272209,40.63506783909634],[-74.02403330890908,40.635100826459016],[-74.02402041466368,40.635133240763],[-74.02400476519735,40.63516494320434],[-74.02398642752017,40.6351957980272],[-74.02396548015399,40.63522567310523],[-74.02394201279618,40.635254440507374],[-74.02391612593563,40.63528197704571],[-74.0238879304224,40.63530816480298],[-74.02385754699317,40.6353328916375],[-74.02382510575411,40.63535605166357],[-74.02379074562394,40.635377545704685],[-74.02375461373882,40.63539728171845],[-74.02371686482245,40.6354151751906],[-74.02367766052346,40.63543114949708],[-74.02363716872313,40.63544513623203],[-74.02359556281647,40.63545707550091],[-74.02355302096969,40.63546691617675],[-74.02350972535717,40.6354746161194],[-74.02346586138134,40.63548014235575],[-74.0234216168787,40.63548347122108],[-74.02337718131527,40.63548458846038],[-74.0233327449754,40.63548348928929],[-74.02328849814675,40.63548017841476],[-74.02324463030536,40.63547467001483],[-74.02320132930423,40.635466987677816],[-74.02315878056888,40.63545716430141],[-74.0231171663032,40.63544524195169],[-74.02307666470917,40.635431271683174],[-74.02303744922376,40.63541531331993],[-74.0229996877762,40.63539743519949],[-74.02296354206871,40.635377713880196],[-74.0229291668842,40.6353562338134],[-74.02289670942335,40.63533308698165],[-74.0228663086743,40.6353083725049],[-74.0228380948174,40.63528219621601],[-74.0228121886679,40.6352546702075],[-74.02278870115845,40.63522591235157],[-74.02276773286425,40.63519604579524],[-74.02274937357228,40.6351651984331],[-74.02273370189694,40.635133502359565],[-74.02272078494343,40.63510109330314],[-74.02271067802046,40.63506811004536],[-74.02270342440345,40.63503469382632],[-74.0226990551493,40.63500098773992],[-74.02269758896352,40.634967136121176],[-74.02269903212014,40.63493328392797],[-74.0227033784349,40.63489957612051],[-74.02271060929186,40.634866157040484],[-74.02272069372326,40.63483316979295],[-74.022733588542,40.63480075563364],[-74.0227492385268,40.63476905336408],[-74.02276757665874,40.63473819873712],[-74.02278852440817,40.634708323875735]]],[[[-74.01115404147005,40.63477649942797],[-74.01117993340034,40.634748965761574],[-74.01120813366391,40.63472278111914],[-74.01123852150207,40.634698057625684],[-74.0112709667891,40.63467490114932],[-74.01130533058962,40.63465341084798],[-74.01134146575342,40.63463367874478],[-74.01137921754558,40.63461578933405],[-74.01141842430911,40.6345998192195],[-74.01145891815708,40.6345858367862],[-74.0115005256915,40.634573901907814],[-74.0115430687459,40.63456406569025],[-74.01158636514799,40.63455637025276],[-74.01163022949997,40.63455084854762],[-74.01167447397209,40.634547524219116],[-74.01171890910707,40.6345464115022],[-74.01176334463128,40.63454751516158],[-74.01180759026937,40.63455083047134],[-74.01185145655904,40.634556343235126],[-74.01189475566235,40.63456402984696],[-74.01193730216981,40.634573857392354],[-74.01197891389442,40.63458578378919],[-74.01201941265174,40.634599757967884],[-74.01205862502276,40.6346157200901],[-74.01209638309656,40.634633601805],[-74.01213252518923,40.63465332654183],[-74.01216689653621,40.63467480983781],[-74.01219934995495,40.63469795969981],[-74.01222974647526,40.63472267699823],[-74.01225795593425,40.634748855891516],[-74.01228385753382,40.634776384279185],[-74.01230734035796,40.634805144282126],[-74.01232830384765,40.63483501274702],[-74.01234665823152,40.634865861773946],[-74.01236232491041,40.63489755926389],[-74.01237523679384,40.634929969484425],[-74.01238533858748,40.63496295365095],[-74.01239258702994,40.634996370520916],[-74.01239695107807,40.63503007699873],[-74.01239841204003,40.63506392874836],[-74.01239696365535,40.635097780811556],[-74.01239261212179,40.63513148822849],[-74.01238537606899,40.63516490665849],[-74.01237528647862,40.63519789299816],[-74.01236238655191,40.635230305994185],[-74.01234673152464,40.63526200684824],[-74.01232838843073,40.63529285981127],[-74.01230743581517,40.63532273276491],[-74.01228396339788,40.63535149778722],[-74.01225807168933,40.635379031700396],[-74.01222987156041,40.63540521659848],[-74.01219948376753,40.63542994035202],[-74.01216703843559,40.63545309708849],[-74.01213267450078,40.63547458764549],[-74.01209653911559,40.63549431999554],[-74.01205878701873,40.63551220964006],[-74.0120195798724,40.63552817997139],[-74.01197908557009,40.6355421626007],[-74.01193747751753,40.63555409765101],[-74.01189493389013,40.63556393401347],[-74.01185163686989,40.63557162956631],[-74.01180777186526,40.63557715135527],[-74.01176352671713,40.63558047573469],[-74.01171909089433,40.63558158846874],[-74.0116746546823,40.63558048479236],[-74.01163040836815,40.63557716943184],[-74.01158654142567,40.63557165658434],[-74.0115432417041,40.635563969857266],[-74.01150069462341,40.635554142167116],[-74.01145908238043,40.63554221559846],[-74.01141858316849,40.63552824122387],[-74.01137937041436,40.63551227888495],[-74.01134161203552,40.63549439693629],[-74.01130546972112,40.63547467195268],[-74.01127109823949,40.63545318840106],[-74.01123864477547,40.63543003827897],[-74.01120824830008,40.63540532072044],[-74.01118003897538,40.635379141571505],[-74.01115413759717,40.635351612936965],[-74.01113065507775,40.63532285270024],[-74.01110969197086,40.63529298401857],[-74.01109133804134,40.6352621347956],[-74.01107567188058,40.63523043713377],[-74.01106276057017,40.635198026768364],[-74.01105265939465,40.63516504248649],[-74.01104541160485,40.63513162553268],[-74.01104104823273,40.63509791900397],[-74.01103958795858,40.63506406723721],[-74.01104103703109,40.63503021519097],[-74.01104538924072,40.63499650782483],[-74.0110526259463,40.63496308947855],[-74.01106271615495,40.6349301032541],[-74.01107561665489,40.634897690402816],[-74.01109127220052,40.63486598972059],[-74.01110961574906,40.63483513695347],[-74.01113056874772,40.63480526421651],[-74.01115404147005,40.63477649942797]]],[[[-74.01562087560505,40.640212102898666],[-74.01572444426183,40.64010196423986],[-74.01583724709899,40.639997221231326],[-74.0159588010636,40.63989832237253],[-74.0160885856383,40.63980569113682],[-74.0162260450702,40.639719724158724],[-74.01637059075068,40.639640789535775],[-74.01652160373568,40.63956922525281],[-74.01667843739568,40.63950533773511],[-74.01684042018414,40.639449400536584],[-74.01700685851253,40.639401653168754],[-74.01717703971954,40.639362300075575],[-74.01735023512194,40.63933150975814],[-74.01752570313384,40.63930941405347],[-74.01770269244128,40.63929610757016],[-74.01788044521824,40.639291647283414],[-74.01805820037065,40.63929605229107],[-74.01823519679425,40.63930930373197],[-74.01841067663256,40.63933134486661],[-74.01858388852098,40.639362081320044],[-74.01875409080307,40.6394013814859],[-74.01892055470539,40.63944907708965],[-74.01908256745713,40.63950496390906],[-74.01923943534153,40.6395688026483],[-74.01939048666553,40.63964031996228],[-74.01953507463548,40.6397192096269],[-74.0196725801263,40.63980513384982],[-74.01980241433218,40.63989772471654],[-74.01992402128776,40.63999658576549],[-74.02003688024882,40.640101293685106],[-74.02014050792219,40.64021140012631],[-74.02023446053556,40.640326433621695],[-74.02031833573814,40.64044590160419],[-74.02039177432417,40.64056929251581],[-74.02045446177169,40.640696077997816],[-74.0205061295903,40.64082571515299],[-74.02054655647166,40.640957648869986],[-74.02057556923819,40.64109131420022],[-74.0205930435858,40.641226138776844],[-74.02059890461727,40.6413615452655],[-74.02059312716415,40.64149695383663],[-74.02057573589579,40.64163178464819],[-74.02054680521486,40.64176546032874],[-74.02050645894,40.64189740844992],[-74.02045486977663,40.64202706397778],[-74.02039225857867,40.642153871692614],[-74.02031889340363,40.642277288566646],[-74.02023508836577,40.642396786089826],[-74.02014120229182,40.64251185253312],[-74.02003763718503,40.64262199514042],[-74.01992483650429,40.64272674223884],[-74.01980328326562,40.64282564525897],[-74.01967349797397,40.642918280656204],[-74.01953603639448,40.64300425172485],[-74.01939148717254,40.64308319029737],[-74.01924046931279,40.64315475832135],[-74.01908362952815,40.643218649307535],[-74.01892163946998,40.64327458964264],[-74.01875519285117,40.64332233976144],[-74.0185850024749,40.64336169517297],[-74.01841179718127,40.64339248733642],[-74.01823631872543,40.64341458438323],[-74.01805931860004,40.64342789168178],[-74.0178815548162,40.64343235224298],[-74.01770378865632,40.64342794696428],[-74.01752678141303,40.643414694711446],[-74.01735129112788,40.643392652237914],[-74.01717806934425,40.64336191394151],[-74.01700785788789,40.64332261146014],[-74.01684138568922,40.64327491310797],[-74.01667936566096,40.64321902315424],[-74.01652249164445,40.64315518094842],[-74.01637143543763,40.64308365989491],[-74.01622684391766,40.643004766281805],[-74.01608933627045,40.64291883796901],[-74.01595950133864,40.64282624294097],[-74.01583789509999,40.64272737773049],[-74.0157250382865,40.6426226657203],[-74.01562141415461,40.64251255532953],[-74.01552746641599,40.64239751809311],[-74.01544359733805,40.64227804664215],[-74.01537016602175,40.642154652593966],[-74.01530748686464,40.64202786436097],[-74.01525582821529,40.641898224887456],[-74.01521541122516,40.64176628932444],[-74.01518640890257,40.641632622652075],[-74.0151689453729,40.641497797260214],[-74.01516309534831,40.64136239049709],[-74.0151688838089,40.64122698219702],[-74.01518628589697,40.641092152197366],[-74.01521522702474,40.64095847785571],[-74.0152555831948,40.64082653157752],[-74.01530718153244,40.64069687836517],[-74.01536980102676,40.64057007339877],[-74.01544317347829,40.640446659659055],[-74.01552698464826,40.64032716560246],[-74.01562087560505,40.640212102898666]]],[[[-74.01138565785959,40.643904719790505],[-74.01149129886069,40.64377527809867],[-74.01160782746598,40.64365137633406],[-74.0117347446533,40.643533545030984],[-74.01187150692627,40.64342228872799],[-74.01201752864195,40.64331808380785],[-74.01217218451879,40.64322137645826],[-74.01233481231401,40.64313258076175],[-74.0125047156592,40.64305207692304],[-74.01268116704173,40.64298020964156],[-74.01286341091944,40.642917286635914],[-74.01305066695504,40.64286357732659],[-74.0132421333568,40.642819311682786],[-74.01343699031061,40.64278467923795],[-74.01363440348939,40.64275982827856],[-74.01383352762437,40.64274486520933],[-74.01403351012327,40.64273985409785],[-74.01423349471968,40.642744816400196],[-74.01443262513821,40.642759730869244],[-74.01463004875967,40.64278453364554],[-74.01482492027061,40.64281911853068],[-74.01501640528163,40.64286333744181],[-74.01520368389899,40.64291700104558],[-74.01538595423423,40.642979879568486],[-74.01556243583688,40.643051703780536],[-74.0157323730354,40.64313216614752],[-74.01589503817225,40.643220922147606],[-74.01604973471915,40.643317591746026],[-74.01619580025923,40.64342176102192],[-74.01633260932334,40.64353298394022],[-74.01645957606823,40.6436507842611],[-74.01657615678536,40.64377465757871],[-74.01668185222947,40.64390407348057],[-74.01677620975686,40.64403847781825],[-74.01685882526436,40.6441772950799],[-74.01692934492071,40.64431993085419],[-74.01698746668261,40.644465774375114],[-74.01703294158926,40.644614201137195],[-74.01706557482987,40.644764575569205],[-74.0170852265791,40.64491625375563],[-74.0170918125973,40.64506858619382],[-74.01708530459277,40.64522092057513],[-74.01706573034444,40.64537260457809],[-74.01703317358437,40.64552298866197],[-74.0169877736408,40.64567142884817],[-74.01692972484297,40.645817289478046],[-74.01685927569017,40.64595994593518],[-74.0167767277892,40.646098787320426],[-74.01668243456373,40.64623321906818],[-74.01657679974207,40.64636266549299],[-74.01646027562907,40.64648657225494],[-74.01633336117007,40.64660440873428],[-74.01619659981475,40.64671567030385],[-74.01605057719036,40.646819880490796],[-74.01589591859397,40.646916593017295],[-74.01573328631491,40.64700539371226],[-74.01556337679833,40.647085902285404],[-74.01538691766243,40.64715777395631],[-74.01520466458206,40.64722070093129],[-74.01501739805191,40.64727441372192],[-74.01482592004332,40.64731868229943],[-74.01463105056901,40.64735331708017],[-74.01443362417025,40.6473781697377],[-74.01423448634203,40.64739313383828],[-74.01403448991093,40.647398145296656],[-74.01383449138173,40.64739318265081],[-74.0136353472682,40.64737826715372],[-74.01351855041732,40.64736359372427],[-74.01353674764033,40.6473858753868],[-74.01366255587914,40.64756508452357],[-74.01377270715024,40.647750177101436],[-74.01386672966402,40.64794036057081],[-74.01394422068198,40.64813482057653],[-74.01400484824335,40.64833272444448],[-74.01404835258877,40.64853322474657],[-74.01407454727526,40.648735462929025],[-74.01408331997696,40.648938572988705],[-74.01407463296893,40.6491416851811],[-74.01404852329138,40.64934392974466],[-74.01400510259377,40.649544440625455],[-74.01394455665944,40.64974235918572],[-74.01386714461248,40.64993683788124],[-74.01377319781076,40.65012704389095],[-74.01366311842915,40.65031216268383],[-74.01353737773944,40.65049140150752],[-74.01339651409403,40.65066399278391],[-74.0132411306222,40.650829197396625],[-74.01307189264863,40.65098630785719],[-74.01288952484515,40.65113465133545],[-74.01269480812823,40.65127359254183],[-74.01248857631512,40.65140253644868],[-74.01227171255314,40.65152093083936],[-74.01204514553734,40.6516282686739],[-74.01180984553285,40.65172409026129],[-74.01156682021885,40.65180798522865],[-74.011317110372,40.651879594279656],[-74.01106178540793,40.65193861073363],[-74.0108019387997,40.65198478183961],[-74.01053868339316,40.65201790985921],[-74.01027314663922,40.65203785291381],[-74.01000646576317,40.65204452559241],[-74.00973978289237,40.65203789931765],[-74.00947424016272,40.652018002468154],[-74.00921097482515,40.65198492025701],[-74.00895111437308,40.65193879436672],[-74.00869577171167,40.651879822341954],[-74.00844604038987,40.65180825674345],[-74.00820298991523,40.65172440406576],[-74.00816632400766,40.65170948080401],[-74.00840273795849,40.65190169134058],[-74.00867078345239,40.6521503989886],[-74.00891689963137,40.65241192560318],[-74.00914003245995,40.65268515143001],[-74.00933922627263,40.65296890660953],[-74.0095136278692,40.653261976183934],[-74.00966249017212,40.65356310529774],[-74.00978517543007,40.65387100456933],[-74.00988115795401,40.65418435561064],[-74.0099500263741,40.6545018166711],[-74.00999148540713,40.65482202838227],[-74.0100053571276,40.655143619577856],[-74.0099915817363,40.6554652131649],[-74.00995021782316,40.65578543202049],[-74.0098814421232,40.65610290488882],[-74.00978554876642,40.65641627225392],[-74.00966294802475,40.65672419216193],[-74.00951416456135,40.657025345968705],[-74.00933983518958,40.65731844398796],[-74.00914070615121,40.65760223101553],[-74.00891762992548,40.657875491706406],[-74.0086715615823,40.658137055781005],[-74.0084035546957,40.65838580303898],[-74.00811475683429,40.658620668158406],[-74.00780640464865,40.6588406452602],[-74.0074798185762,40.659044792218104],[-74.00713639718647,40.659232234695544],[-74.00677761119087,40.659402169892154],[-74.00640499714265,40.65955386998398],[-74.00602015085416,40.65968668524253],[-74.00562472055952,40.65980004681899],[-74.00522039985218,40.65989346918217],[-74.0051936909201,40.65989821301533],[-74.00521222799277,40.66004145373453],[-74.0052275356361,40.660396897056536],[-74.00521228353857,40.66075234175065],[-74.00516653652527,40.66110626573603],[-74.00509049001347,40.66145715341995],[-74.00498446918402,40.66180350218818],[-74.00484892759688,40.66214382884065],[-74.00468444525622,40.662476675944],[-74.00449172613388,40.6628006180743],[-74.00427159516099,40.66311426792309],[-74.00402499470107,40.663416282240284],[-74.00375298051932,40.66370536758892],[-74.00345671726538,40.66398028588666],[-74.00313747348868,40.664239859710335],[-74.00279661620817,40.66448297734111],[-74.0024356050589,40.664708597528026],[-74.00205598604116,40.664915753950055],[-74.00165938489867,40.665103559357036],[-74.00124750015415,40.66527120937209],[-74.00102579374708,40.665347704653236],[-74.00102865419582,40.66541421623565],[-74.00101119633126,40.66582043786642],[-74.00095888454261,40.66622492026829],[-74.00087194221194,40.66662593133855],[-74.00075074103624,40.66702175380881],[-74.00074966733118,40.66702444907018],[-74.00088749546087,40.66708054436291],[-74.0014352125604,40.66733988024571],[-74.00195948624882,40.66762593534003],[-74.00245807180492,40.66793748504671],[-74.00292883439035,40.66827319560679],[-74.00336975818843,40.66863162980673],[-74.00377895503502,40.66901125312692],[-74.00415467250502,40.6694104403067],[-74.00449530141958,40.669827482298],[-74.00479938274198,40.670260593578234],[-74.0050656138325,40.67070791979051],[-74.00529285403535,40.671167545679594],[-74.00548012957357,40.67163750328856],[-74.00562663773094,40.67211578038203],[-74.00573175030256,40.67260032905949],[-74.00579501629909,40.67308907452211],[-74.00581616389314,40.67357992395533],[-74.00579510159888,40.674070775489525],[-74.00573191867961,40.67455952720011],[-74.00562688478149,40.67504408610864],[-74.00548044879444,40.67552237714657],[-74.00529323694509,40.67599235204277],[-74.00506605012932,40.67645199809736],[-74.00506187126588,40.67645902099597],[-74.00510874251606,40.676525773680844],[-74.00541172623825,40.67703479881181],[-74.00567033740926,40.67755782016154],[-74.00588346771038,40.67809259837233],[-74.00605020348306,40.67863684369459],[-74.00616982965828,40.67918822578757],[-74.00624183283726,40.67974438369479],[-74.00626590350926,40.68030293595146],[-74.00624193739728,40.68086149078086],[-74.00617003592512,40.68141765633574],[-74.00605050580374,40.681969050940985],[-74.00588385773796,40.68251331329403],[-74.00567080425917,40.683048112578625],[-74.00541225669268,40.68357115844933],[-74.00510932127241,40.68408021084338],[-74.0047632944193,40.68457308957812],[-74.00437565720358,40.685047683692794],[-74.00394806901392,40.685501960494335],[-74.00348236046088,40.68593397426881],[-74.00309638702265,40.68624770098833],[-74.00307460901506,40.68675465242915],[-74.00299613523424,40.687361375883896],[-74.00286569838508,40.687962893224196],[-74.00268385565957,40.68855662848632],[-74.00245138444924,40.68914003896519],[-74.00216927903838,40.689710626106674],[-74.00183874636679,40.69026594621191],[-74.00173446279574,40.69041446080063],[-74.00183679136038,40.690886175716074],[-74.0019305832872,40.691610868788395],[-74.00195762534139,40.69223920138218],[-74.00198789728903,40.69226727661185],[-74.00241557513355,40.6927215293564],[-74.00280331082145,40.69319609880291],[-74.00314944347586,40.69368895318019],[-74.00345249023388,40.694197982388474],[-74.00368341501535,40.69466492103926],[-74.00380512751279,40.694566002476925],[-74.00447090154803,40.69409133920701],[-74.00517602773397,40.693650830700285],[-74.005917486975,40.69324636259299],[-74.00669210482694,40.69287966621462],[-74.0074965650802,40.69255231118549],[-74.00832742394627,40.69226569870612],[-74.00918112478676,40.692021055567054],[-74.0100540133226,40.69181942890462],[-74.01094235325822,40.69166168172488],[-74.01184234225451,40.69154848921469],[-74.01275012818246,40.691480335855864],[-74.01366182558847,40.691457513354294],[-74.01457353230123,40.69148011939337],[-74.01548134610957,40.69154805721621],[-74.01638138144077,40.69166103603942],[-74.01726978596777,40.691818572295844],[-74.0181427570754,40.692019991701386],[-74.01899655811512,40.69226443213719],[-74.01982753437957,40.69255084733454],[-74.02063212872854,40.69287801134745],[-74.02140689680023,40.69324452379307],[-74.02214852174284,40.69364881583858],[-74.02285382840371,40.694089156908205],[-74.0235197969156,40.69456366208263],[-74.02414357562193,40.69507030015858],[-74.02472249328595,40.695606902334795],[-74.0252540705314,40.69617117148723],[-74.02573603046578,40.6967606919938],[-74.02616630844054,40.69737294006728],[-74.02654306090625,40.69800529455146],[-74.02686467332471,40.69865504813564],[-74.0271297671035,40.69931941893851],[-74.02733720552332,40.69999556241274],[-74.02748609863204,40.70068058351913],[-74.02757580708412,40.70137154911821],[-74.02760076200222,40.70194616032578],[-74.02781099599136,40.70224526781389],[-74.02823374276568,40.7029547321265],[-74.02859462191762,40.70368371812299],[-74.02889208634647,40.704429104756564],[-74.02912486031627,40.7051877006588],[-74.02929194495202,40.70595625779689],[-74.02939262255293,40.70673148537583],[-74.02942645970366,40.70751006392499],[-74.02939330916962,40.70828865950978],[-74.0292933105675,40.709063938007034],[-74.02912688980729,40.70983257938307],[-74.028894757308,40.710591291913865],[-74.02879563201415,40.71084024362572],[-74.02881672677456,40.71100267429263],[-74.02885276586758,40.71183202941648],[-74.02881744388726,40.71266140232426],[-74.02871090943333,40.71348724144871],[-74.02853361609333,40.71430601022472],[-74.02828632054491,40.715114202236684],[-74.02797007935877,40.71590835623906],[-74.02758624451515,40.716685070985555],[-74.02713645765225,40.7174410198033],[-74.02662264307081,40.71817296484943],[-74.02657221929893,40.71823470339378],[-74.0263507647475,40.71895832841961],[-74.02601511777885,40.71980109798918],[-74.0256077345821,40.720625359308826],[-74.02513035738035,40.7214275820205],[-74.02458502839868,40.722204330034266],[-74.02397408115294,40.72295227625675],[-74.02330013048578,40.72366821685427],[-74.02324592396151,40.723718495450264],[-74.02313975844196,40.72454079899206],[-74.02297121712196,40.72531871137057],[-74.02304923647424,40.72557297080264],[-74.02324172552714,40.726458490016306],[-74.02334780117725,40.7272756057808],[-74.02349603389274,40.72764699702525],[-74.02385028719425,40.72880139490686],[-74.02410454547854,40.72997094620945],[-74.02425771483097,40.73115064339332],[-74.02430913403063,40.73233543521394],[-74.02425857747285,40.733520248345386],[-74.02410625622807,40.734700009102674],[-74.02385281723069,40.73586966517035],[-74.02349934060005,40.73702420724417],[-74.0230473351032,40.73815869049288],[-74.02249873177767,40.73926825574819],[-74.02185587573983,40.74034815033201],[-74.02112151621267,40.74139374843115],[-74.0205137936574,40.74213746512417],[-74.0201773485888,40.74298173940277],[-74.02013789881536,40.74306151521356],[-74.020584496416,40.743424008343055],[-74.021615955798,40.744379445593175],[-74.0225630748966,40.74538413715609],[-74.02342179610677,40.74643378289591],[-74.02418843964253,40.74752389006473],[-74.02485971933895,40.74864979250716],[-74.02543275678005,40.74980667060987],[-74.02590509369115,40.75098957191123],[-74.02627470254144,40.75219343228345],[-74.02653999531017,40.75341309759666],[-74.02669983037735,40.75464334577295],[-74.02675351750818,40.75587890913573],[-74.02670082090769,40.7571144969594],[-74.02654196033156,40.75834481812237],[-74.02627761024588,40.75956460376706],[-74.02590889703836,40.76076862986928],[-74.02543739429076,40.761951739620535],[-74.02486511613142,40.76310886552717],[-74.02419450869466,40.764235051131145],[-74.0234284397223,40.76532547225954],[-74.02257018635039,40.766375457711085],[-74.02162342113236,40.767380509290525],[-74.02059219635753,40.76833632110477],[-74.01948092673122,40.76923879803744],[-74.01829437049028,40.77008407332225],[-74.01703760903422,40.770868525138994],[-74.01571602515943,40.77158879216082],[-74.01433527998962,40.77224178798532],[-74.01290128870153,40.77282471438707],[-74.01142019515044,40.773335073334216],[-74.00989834550514,40.773770677717195],[-74.00834226100591,40.77412966074282],[-74.00675860996336,40.77441048395346],[-74.00515417911957,40.774611943835964],[-74.0035358444954,40.774733176992314],[-74.00252895934173,40.77475826156099],[-74.00249161409454,40.774833699078826],[-74.00228035227138,40.77518818241626],[-74.00233755499066,40.775374660259914],[-74.00255894812682,40.7763938752384],[-74.00269218439878,40.77742191513442],[-74.00273668921764,40.77845437802619],[-74.00269226788541,40.779486842850574],[-74.00255910649922,40.78051488833276],[-74.00233777122494,40.78153411192076],[-74.00202920594224,40.7825401486429],[-74.00163472826955,40.78352868980789],[-74.00115602398535,40.78449550146704],[-74.00059513986818,40.78543644255949],[-73.99995447498533,40.78634748266227],[-73.99923677046617,40.787224719269375],[-73.99844509780367,40.788064394524895],[-73.99758284573313,40.788862911338526],[-73.99665370574387,40.78961684881423],[-73.99566165628544,40.790322976924976],[-73.99461094573614,40.790978270370765],[-73.99350607420612,40.7915799215601],[-73.99235177425348,40.79212535265846],[-73.99205469339948,40.79224601090552],[-73.9914716588626,40.79271902477526],[-73.99101375245407,40.793044905642965],[-73.99105141383542,40.793921975585],[-73.99101118916921,40.79485288020404],[-73.99089093544907,40.7957797920872],[-73.99069116432483,40.796698741808626],[-73.9904127280657,40.7976057938779],[-73.99005681596516,40.79849706359965],[-73.98962494929987,40.799368733717735],[-73.9891189748631,40.80021707077353],[-73.98854105709977,40.801038441107345],[-73.98789366887591,40.801829326434486],[-73.9871795809214,40.80258633892923],[-73.98640184999083,40.80330623575127],[-73.98556380579241,40.80398593295265],[-73.98466903674098,40.804622518704754],[-73.98372137459563,40.805213265789014],[-73.98272487804773,40.80575564329657],[-73.98228516624572,40.805963317108386],[-73.98228244575596,40.80596663987894],[-73.98221148762764,40.806292801343815],[-73.98197848397042,40.807051408471516],[-73.9816806759827,40.80779681123333],[-73.98131933696959,40.80852581720884],[-73.98089601247308,40.80923530409948],[-73.98041251368399,40.80992223310881],[-73.97987090971276,40.810583661966255],[-73.97927351875154,40.811216757539114],[-73.97862289816517,40.811818807977964],[-73.97792183355303,40.81238723434358],[-73.97766167361833,40.812572271808484],[-73.9775486905716,40.81276159905093],[-73.97708615612551,40.81341864782141],[-73.97656804153921,40.81405130365012],[-73.97599656450812,40.814656856682355],[-73.97537417149398,40.81523271308127],[-73.97470352726042,40.815776406148245],[-73.97398750346937,40.8162856068993],[-73.97322916638643,40.81675813405183],[-73.9724317637483,40.81719196337919],[-73.97159871084831,40.817585236392105],[-73.9713611220172,40.81768164001498],[-73.97120268224295,40.81819710826405],[-73.97095004867397,40.81882905547543],[-73.9706435460953,40.81944709620782],[-73.97028448572766,40.82004858349677],[-73.96987440400878,40.820630941203504],[-73.96941505603306,40.82119167505453],[-73.96890840805227,40.82172838333151],[-73.96835662906838,40.82223876716559],[-73.96776208155491,40.82272064039177],[-73.96712731134615,40.82317193892109],[-73.96645503673726,40.823590729590144],[-73.96574813684236,40.823975218450116],[-73.96564323146154,40.82402472991954],[-73.9655206444004,40.82442339965707],[-73.96528737272168,40.82500672347318],[-73.96500437265057,40.82557720816308],[-73.96467285495433,40.8261324104665],[-73.96429423829345,40.82666995251479],[-73.96387014316299,40.82718753202009],[-73.96340238496715,40.82768293214196],[-73.96289296625625,40.82815403098835],[-73.96234406815934,40.82859881071079],[-73.96175804104928,40.829015366154195],[-73.9611373944795,40.82940191302415],[-73.96048478643618,40.829756795536966],[-73.95980301195146,40.830078493518904],[-73.95909499112683,40.830365628924675],[-73.95836375661776,40.83061697174666],[-73.95761244063377,40.83083144528979],[-73.95684426150956,40.83100813078899],[-73.95674861719117,40.83102503207362],[-73.9566753434552,40.83111443533111],[-73.95610353883244,40.831719888036204],[-73.95548081404432,40.83229563540531],[-73.95480983527598,40.83283921120667],[-73.95409347562274,40.83334828695853],[-73.95333480278946,40.83382068191365],[-73.95253706595177,40.83425437241157],[-73.95170368183537,40.834647500557764],[-73.95127859842894,40.834819842158424],[-73.95123862257827,40.835003109264534],[-73.951142195186,40.83531641969894],[-73.95101899339666,40.83562426919419],[-73.95086954444574,40.835925339407616],[-73.95069448799507,40.836218341010856],[-73.95049457339886,40.83650201921255],[-73.95027065649946,40.836775159133715],[-73.95002369596622,40.837036591012016],[-73.94981667466082,40.837227953879854],[-73.94995243921078,40.837455872579675],[-73.95021123792606,40.83797900624491],[-73.95042443631499,40.83851387455728],[-73.95059112042166,40.83905818738068],[-73.9507105753925,40.83960961408457],[-73.95078228855579,40.84016579352081],[-73.95080595163665,40.84072434413175],[-73.9507814620976,40.84128287414716],[-73.95070892359811,40.84183899182545],[-73.95058864557156,40.84239031569605],[-73.95042114192043,40.842934484758864],[-73.95020712883529,40.843469168596805],[-73.94994752174664,40.84399207735852],[-73.94964343142207,40.84450097156819],[-73.94929615922536,40.84499367172049],[-73.94890719155747,40.845468067619294],[-73.94864258868611,40.84574812931865],[-73.94872958720379,40.846032222136984],[-73.9488273205627,40.846483390490306],[-73.94888598805967,40.84693844682031],[-73.94890533767597,40.84739544256489],[-73.94888528574434,40.847852420817645],[-73.9488259173211,40.848307424707286],[-73.94872748583582,40.84875850577752],[-73.94859041201956,40.84920373233172],[-73.94841528211653,40.84964119770654],[-73.94820284538605,40.85006902843866],[-73.94795401090569,40.8504853922902],[-73.94766984368883,40.850888506098144],[-73.94735156013331,40.851276643414025],[-73.94700052282032,40.851648141901116],[-73.94661823468567,40.85200141045749],[-73.94647079529224,40.85212079571421],[-73.94647072509372,40.85212239408153],[-73.94641573553649,40.85254369251792],[-73.94632457437872,40.85296135796721],[-73.94619763132829,40.853373601837674],[-73.94603544935157,40.85377865872204],[-73.94583872235894,40.85417479395927],[-73.9456082922433,40.854560311065214],[-73.94534514528391,40.854933558999996],[-73.94505040793078,40.8552929392415],[-73.9447253419877,40.855636912634225],[-73.94437133921419,40.85596400598404],[-73.94398991536961,40.85627281837103],[-73.94358270372483,40.85656202715274],[-73.94315144806896,40.856830393632414],[-73.94269799524143,40.857076768367726],[-73.94222428722126,40.85730009609725],[-73.94173235280735,40.85749942026347],[-73.94122429892546,40.85767388711295],[-73.9411209658857,40.85770335568099],[-73.94120124845169,40.85796557210398],[-73.94127723708974,40.85831648506218],[-73.94132283523498,40.858670420022605],[-73.9413378471478,40.85902586141717],[-73.94132220805514,40.85938128720298],[-73.94127598443636,40.85973517537995],[-73.94119937374691,40.86008601050844],[-73.94109270358106,40.86043229019912],[-73.94095643027696,40.860772531547525],[-73.94079113697012,40.86110527748549],[-73.94059753110331,40.8614291030222],[-73.94037644140346,40.86174262134847],[-73.9401288143385,40.862044489777404],[-73.93985571006905,40.86233341549685],[-73.93955829791237,40.86260816110808],[-73.93923785133788,40.862867549927564],[-73.93889574251556,40.863110471028854],[-73.93853343644065,40.863335884002794],[-73.93815248465984,40.8635428234159],[-73.93775451862551,40.86373040294757],[-73.93734124270702,40.863897819188445],[-73.93691442688855,40.86404435508354],[-73.93647589918511,40.86416938300544],[-73.93602753780912,40.86427236744419],[-73.93557126312133,40.86435286730253],[-73.93510902940055,40.86441053778652],[-73.9346428164675,40.86444513188338],[-73.93417462119909,40.864456501420236],[-73.93370644896919,40.864444597699205],[-73.93324030505286,40.86440947170617],[-73.93277818603119,40.86435127389224],[-73.93249169444042,40.86430038419016],[-73.93254037015276,40.86442254197213],[-73.9326211468604,40.864686462589354],[-73.93267901424821,40.8649538288353],[-73.93271372424925,40.865223495840866],[-73.93272512795043,40.86549430887117],[-73.93271317623503,40.86576510827009],[-73.93267791999781,40.86603473442587],[-73.93261950993207,40.86630203273688],[-73.93253819588898,40.86656585855622],[-73.93243432581241,40.866825082093804],[-73.93230834425329,40.867078593255144],[-73.93216079047006,40.867325306395905],[-73.93199229612314,40.867564164972116],[-73.93180358257321,40.86779414606572],[-73.93159545779505,40.86801426476642],[-73.93136881291973,40.86822357839093],[-73.93112461842021,40.86842119052131],[-73.93086391995668,40.86860625484543],[-73.93058783389901,40.8687779787828],[-73.93029754254614,40.86893562688038],[-73.92999428906221,40.86907852396365],[-73.92967937215165,40.869206058029626],[-73.92935414049569,40.86931768286909],[-73.92901998697445,40.869412920407086],[-73.92867834269917,40.86949136275152],[-73.92833067088026,40.86955267394101],[-73.9279784605576,40.869596591384514],[-73.92762322021989,40.869622926986615],[-73.92726647134035,40.869631567953554],[-73.92690974185683,40.86962247727654],[-73.9265545596241,40.86959569389047],[-73.92620244586638,40.8695513325069],[-73.92585490865854,40.86948958312258],[-73.92551343646362,40.86941071020536],[-73.92517949175463,40.86931505156063],[-73.92485450474805,40.869203016884036],[-73.92453986727561,40.86907508600572],[-73.92423692682121,40.8689318068343],[-73.92394698074793,40.86877379300914],[-73.92367127074053,40.86860172127092],[-73.92341097748667,40.86841632856209],[-73.92316721562015,40.8682184088694],[-73.92294102894759,40.868008809821944],[-73.92273338597893,40.86778842905981],[-73.92254517578117,40.867558210388374],[-73.92253611431606,40.867545313435485],[-73.92257423802613,40.86766993341434],[-73.92260315276224,40.867803618989655],[-73.9226204880411,40.867938453941214],[-73.92262616956047,40.86807386089023],[-73.92262017292015,40.868209260005024],[-73.92260252372756,40.86834407148403],[-73.92257329748945,40.86847771803856],[-73.92253261928961,40.86860962736487],[-73.92248066325453,40.86873923459511],[-73.92241765180876,40.868865984716415],[-73.92234385472348,40.86898933494758],[-73.9222595879623,40.869108757063884],[-73.92216521232892,40.86922373965926],[-73.92206113192293,40.86933379033657],[-73.92194779240981,40.86943843781666],[-73.92182567911297,40.8695372339567],[-73.92169531493577,40.869629755669784],[-73.92155725812243,40.86971560673708],[-73.92141209986744,40.86979441950499],[-73.92126046178372,40.86986585645978],[-73.92110299324047,40.86992961167357],[-73.92094036858185,40.869985412114524],[-73.9207732842387,40.87003301881654],[-73.92060245574545,40.870072227902845],[-73.92042861467525,40.87010287145928],[-73.9202525055062,40.8701248182537],[-73.9200748824323,40.87013797429796],[-73.91989650613274,40.870142283250765],[-73.91971814051328,40.87013772665877],[-73.919540549434,40.870124324035814],[-73.91936449343697,40.87010213277924],[-73.91919072648847,40.870071247924066],[-73.91901999274904,40.87003180173583],[-73.91885302338596,40.86998396314406],[-73.91869053344114,40.869927937018595],[-73.91853321876832,40.86986396329201],[-73.91838175305257,40.869792315931896],[-73.91823678492472,40.869713301767206],[-73.91809893518334,40.86962725917405],[-73.91796879413593,40.869534556626235],[-73.91784691907097,40.869435591116954],[-73.91773383187139,40.8693307864584],[-73.91763001677994,40.869220591466366],[-73.91753591832573,40.86910547803803],[-73.91745193942117,40.86898593913069],[-73.91737843963712,40.86886248665049],[-73.91731573366386,40.868735649259975],[-73.91726408996438,40.86860597011389],[-73.91722372962558,40.86847400453302],[-73.91719482541271,40.86834031762604],[-73.91717750103054,40.86820548186936],[-73.91717183059481,40.868070074655535],[-73.91717783831615,40.86793467582077],[-73.91719549839748,40.867799865161814],[-73.91722473514578,40.86766621995338],[-73.91726542329738,40.86753431247612],[-73.91731738855557,40.86740470756626],[-73.91738040833799,40.86727796019702],[-73.91745421273076,40.86715461310247],[-73.91753848564527,40.86703519445364],[-73.91763286617254,40.8669202155973],[-73.91773695012924,40.86681016886659],[-73.91785029178914,40.8667055254732],[-73.91797240579207,40.866606733489945],[-73.91810276922263,40.86651421593266],[-73.91824082384936,40.866428368949066],[-73.91838597851519,40.86634956012289],[-73.91853761166857,40.866278126900376],[-73.91869507402471,40.86621437514563],[-73.91885769134528,40.866158577831214],[-73.91902476732503,40.86611097386979],[-73.91919558657261,40.86607176709123],[-73.91936941767305,40.86604112537019],[-73.91954551631886,40.86601917990743],[-73.91972312849609,40.86600602466828],[-73.91990149371199,40.866001715980296],[-73.92007984825044,40.866006272292275],[-73.92025742844098,40.866019674095156],[-73.92043347392782,40.86604186400565],[-73.92060723092453,40.86607274701176],[-73.92077795544085,40.8661121908796],[-73.92094491646732,40.866160026719314],[-73.92110739910464,40.86621604970821],[-73.92126470762412,40.866280019967284],[-73.92141616844597,40.866351663588375],[-73.9215611330231,40.86643067380644],[-73.92169898061772,40.86651671231294],[-73.92182912095903,40.86660941070395],[-73.92195099677063,40.8667083720574],[-73.92206408615681,40.86681317263227],[-73.92214406873929,40.866898064570286],[-73.92210476343641,40.866818571300044],[-73.92200146053864,40.866559217179606],[-73.92192072370362,40.86629528921818],[-73.9218628984031,40.86602791764288],[-73.92182823198392,40.86575824741404],[-73.92181687261349,40.865487433321654],[-73.92182886864998,40.86521663504003],[-73.92186416844027,40.86494701216183],[-73.9219226205459,40.864679719232534],[-73.92200397439636,40.86441590080703],[-73.92210788136667,40.86415668654887],[-73.92223389627465,40.86390318639376],[-73.92238147929122,40.86365648579774],[-73.92254999825582,40.8634176410901],[-73.92273873138649,40.86318767495163],[-73.92294687037347,40.86296757203673],[-73.92317352384255,40.86275827475858],[-73.92341772117372,40.86256067925547],[-73.92367841665839,40.86237563155497],[-73.9239544939776,40.862203923953174],[-73.92424477098196,40.86204629162361],[-73.92454800475282,40.861903409471],[-73.9245648875743,40.861896572557725],[-73.92451190104654,40.861875025884736],[-73.92439831054493,40.86182129619245],[-73.92428959208738,40.86176204117076],[-73.92418621123583,40.861697514572974],[-73.92408861069072,40.8616279927266],[-73.92399720839511,40.861553773349925],[-73.92391239574496,40.86147517427664],[-73.92383453591319,40.861392532094825],[-73.9237639622946,40.861306200705194],[-73.9237009770785,40.86121654980549],[-73.9236458499549,40.86112396330709],[-73.92359881696018,40.86102883769091],[-73.92356007946663,40.8609315803093],[-73.92352980332085,40.860832607641655],[-73.92350811813394,40.86073234351072],[-73.92349511672725,40.86063121726772],[-73.92349085473552,40.86052966195367],[-73.92349535036925,40.860428112444936],[-73.92350858433748,40.86032700359117],[-73.92353049993106,40.86022676835297],[-73.92356100326613,40.860127835948205],[-73.92359996368683,40.86003063001396],[-73.92364721432538,40.85993556679255],[-73.92370255281722,40.859843053349394],[-73.9237657421681,40.85975348582989],[-73.9238365117693,40.8596672477635],[-73.92391455855686,40.85958470842126],[-73.92399954830967,40.859506221235144],[-73.92409111708079,40.85943212228456],[-73.92418887275613,40.85936272885756],[-73.92429239673358,40.85929833809255],[-73.92440124571547,40.85923922570582],[-73.92451495360669,40.85918564481157],[-73.92463303351035,40.85913782483788],[-73.9247549798125,40.85909597054474],[-73.92488027034682,40.859060261147405],[-73.92500836863017,40.8590308495491],[-73.92513872615937,40.859007861686464],[-73.92527078475946,40.85899139599048],[-73.92540397897314,40.8589815229649],[-73.9255377384817,40.85897828488468],[-73.9256714905463,40.858981695614816],[-73.92580466246008,40.85899174055102],[-73.92593668399972,40.859008376682304],[-73.92606698986665,40.85903153277507],[-73.92619502210702,40.85906110967803],[-73.92632023250039,40.859096980746706],[-73.92644208490671,40.859138992385645],[-73.92656005756163,40.8591869647058],[-73.92667364531034,40.85924069229489],[-73.92678236177031,40.85929994509664],[-73.92688574141377,40.85936446939566],[-73.92698334156098,40.85943398890374],[-73.9270520961765,40.85948981619541],[-73.92703708929298,40.85937313774107],[-73.92702215373116,40.859017694512325],[-73.92703786915976,40.85866227064679],[-73.92708416779331,40.85830838811166],[-73.92716085089283,40.8579575622501],[-73.9272675896251,40.857611295292855],[-73.92740392647882,40.857271069926504],[-73.92756927723106,40.856938342945774],[-73.92764980689765,40.85680369330997],[-73.92761250534733,40.856780411117626],[-73.92748237617823,40.85668771908792],[-73.92736051049899,40.85658876340104],[-73.92724743015236,40.85648396782712],[-73.92714361935174,40.8563737811431],[-73.9270495226079,40.85625867521052],[-73.92696554282595,40.856139142954625],[-73.92689203958057,40.856015696253074],[-73.92682932757687,40.85588886374362],[-73.92677767530365,40.85575918856021],[-73.92673730388462,40.8556272260066],[-73.92670838613249,40.85549354117853],[-73.92669104581002,40.855358706543505],[-73.92668535710128,40.85522329948929],[-73.92669134429511,40.85508789985136],[-73.92670898168241,40.85495308743001],[-73.92673819366735,40.85481943950745],[-73.92677885509232,40.85468752837596],[-73.92683079177507,40.85455791888741],[-73.92689378125563,40.85443116603465],[-73.92696755374986,40.85430781257519],[-73.92705179330581,40.85418838670738],[-73.92714613915727,40.85407339980887],[-73.92725018726948,40.85396334424726],[-73.92736349206963,40.853858691272016],[-73.92748556835541,40.85375988899704],[-73.9276158933729,40.85366736048218],[-73.92775390905513,40.85358150192209],[-73.92789902441176,40.85350268095011],[-73.92805061805956,40.853431235064434],[-73.92820804088286,40.85336747018339],[-73.92837061881262,40.85331165933582],[-73.92853765571222,40.85326404149226],[-73.92870843635761,40.85322482054203],[-73.92888222949914,40.853194164420486],[-73.92905829099178,40.85317220439003],[-73.92923586698065,40.85315903447838],[-73.92941419712797,40.85315471107592],[-73.92959251786773,40.85315925269442],[-73.92967630388341,40.853165570236605],[-73.92961107252671,40.85295237102889],[-73.9295206905216,40.8525346079622],[-73.92946648684234,40.852113250811385],[-73.92944869291523,40.85169010394292],[-73.92946738424264,40.8512669793534],[-73.92952248009175,40.85084568890973],[-73.92961374385193,40.850428036591005],[-73.92974078405975,40.85001581076435],[-73.92985908036786,40.849720541317275],[-73.92985501846194,40.84968896582442],[-73.92984718830394,40.849502781154264],[-73.92985541113151,40.8493166062398],[-73.92987965159894,40.849131238307216],[-73.92991980577285,40.84894747112051],[-73.92997570157954,40.848766091582696],[-73.93004709954393,40.84858787636638],[-73.93013369381718,40.84841358858835],[-73.93023511348828,40.84824397454224],[-73.93035092417406,40.84807976050347],[-73.93048062988075,40.84792164961964],[-73.93052587081333,40.847873788334674],[-73.93052188710323,40.84784282226894],[-73.93050266365462,40.84738582348617],[-73.93052284173118,40.846928848401966],[-73.93058233411818,40.8464738538334],[-73.93068088526506,40.84602278807728],[-73.93069691848696,40.8459707567007],[-73.93063436071465,40.84591277738788],[-73.93020618828766,40.845458268435074],[-73.92981808315018,40.844983465355156],[-73.92947170669044,40.8444904017353],[-73.92916854147093,40.843981189327295],[-73.92890988489148,40.84345800899828],[-73.92869684364726,40.842923101385985],[-73.92853032900528,40.84237875729895],[-73.92841105291964,40.84182730790263],[-73.92833952500123,40.84127111473346],[-73.92831605035532,40.840712559584055],[-73.92834072829524,40.84015403430234],[-73.92841345193791,40.83959793054885],[-73.92853390868214,40.8390466295559],[-73.92870158156752,40.83850249193218],[-73.92891575150783,40.83796784755684],[-73.92914444562146,40.83750749781825],[-73.92880577291845,40.837266195489555],[-73.92860412830522,40.83710241518051],[-73.92849626798883,40.83737167414055],[-73.9283230991539,40.83772024782919],[-73.92812028163122,40.83805947307844],[-73.92788868356234,40.838387897121656],[-73.92762929638741,40.838704113428356],[-73.92734323060485,40.83900676773041],[-73.92703171102004,40.83929456382416],[-73.92669607150353,40.83956626912426],[-73.92633774928092,40.83982071994523],[-73.92595827877908,40.84005682648797],[-73.92555928505483,40.840273577509876],[-73.92514247683441,40.8404700446585],[-73.92470963919354,40.84064538645032],[-73.92426262590922,40.84079885187697],[-73.92418752796809,40.84082026125346],[-73.92413980626661,40.84103859992505],[-73.92404324250427,40.84135188736575],[-73.92391990414036,40.84165970758206],[-73.92377031899522,40.841960742356626],[-73.923595127314,40.842253702512714],[-73.92339507903014,40.84253733343645],[-73.92317103055862,40.8428104204512],[-73.92292394113241,40.84307179402118],[-73.92265486869798,40.8433203347618],[-73.9223649653871,40.84355497823558],[-73.92205547258473,40.843774719512695],[-73.92172771561351,40.84397861747689],[-73.92138309805814,40.844165798858015],[-73.92102309575364,40.84433546197401],[-73.92064925046337,40.8444868801663],[-73.92047334124167,40.84454726137843],[-73.92046542824473,40.844725863350995],[-73.92042792758545,40.845012338219725],[-73.92036583418822,40.84529633713092],[-73.92027941364225,40.84557664391859],[-73.92016903572555,40.84585205821248],[-73.92003517282633,40.84612140057906],[-73.9198783979248,40.84638351757334],[-73.91969938214359,40.846637286679126],[-73.91949889187767,40.84688162111774],[-73.91927778551545,40.84711547450329],[-73.91903700976555,40.847337845325335],[-73.91877759560452,40.84754778123954],[-73.9185006538632,40.847744383147614],[-73.91820737047027,40.847926809049625],[-73.91789900137353,40.84809427765158],[-73.9177472506537,40.848165784871966],[-73.91768926762352,40.84828243757397],[-73.91746791775051,40.84865248039017],[-73.91721516758825,40.84901073715111],[-73.91693209909674,40.849355673546114],[-73.91661992413638,40.849685812288705],[-73.9162799792834,40.84999973944619],[-73.91593433615289,40.850279428428394],[-73.91592363936276,40.8502945895032],[-73.91575850933879,40.85049580059359],[-73.91557640113595,40.85068837974094],[-73.91537809449981,40.850871502214204],[-73.91516443856771,40.85104438377456],[-73.9149363482333,40.851206284035015],[-73.91469480022907,40.851356509632055],[-73.91444082894364,40.85149441719648],[-73.91417552199151,40.85161941610942],[-73.9139000155546,40.851730971033064],[-73.91361548951528,40.85182860420414],[-73.91332316240184,40.85191189748098],[-73.91302428616807,40.8519804941352],[-73.91272014082942,40.852034100380024],[-73.91241202897871,40.85207248662926],[-73.91210127020481,40.85209548848097],[-73.91202784276781,40.85209725767337],[-73.91200179061207,40.852162234646705],[-73.9118363738611,40.852494939589455],[-73.911642652099,40.85281871701314],[-73.91142145454934,40.85313218031443],[-73.9114094689475,40.853146782528455],[-73.91142525446645,40.85326975328359],[-73.91143303350047,40.85345593907777],[-73.9114247585954,40.853642112540605],[-73.9114004650513,40.8538274764453],[-73.91136025676492,40.85401123702527],[-73.9113043057869,40.85419260737312],[-73.9112328515873,40.85437081081075],[-73.91114620003218,40.85454508421551],[-73.91104472207577,40.85471468128857],[-73.9109288521737,40.85487887575113],[-73.9107990864241,40.8550369644553],[-73.91065598044453,40.855188270395594],[-73.91050014699377,40.85533214560886],[-73.91033225334854,40.85546797394982],[-73.91015301844669,40.855595173730244],[-73.9099632098087,40.855713200210694],[-73.90976364025077,40.85582154793421],[-73.90955516440397,40.855919752891346],[-73.90933867505365,40.856007394508204],[-73.90911509931547,40.85608409744788],[-73.90888539466407,40.856149533218804],[-73.90865054483142,40.85620342158168],[-73.90841155559266,40.856245531750304],[-73.90816945045727,40.8562756833802],[-73.9079252662842,40.85629374734133],[-73.90768004883967,40.8562996462713],[-73.90743484831677,40.85629335490677],[-73.90719071483615,40.85627490019178],[-73.90694869394679,40.85624436116217],[-73.90670982214674,40.8562018686071],[-73.9065323853766,40.85616084412383],[-73.90652238030596,40.85638556149288],[-73.90648481301648,40.85667203124354],[-73.9064226491965,40.85695602206872],[-73.90633615473675,40.857236317837085],[-73.90622569973169,40.85751171822555],[-73.90610423454326,40.85775595452938],[-73.90613912712801,40.85782657221328],[-73.90618428904946,40.85794004604087],[-73.90621957957693,40.858055519519155],[-73.906244847542,40.85817249818201],[-73.9062599846917,40.85829048111532],[-73.90626492615294,40.85840896310204],[-73.90625965071119,40.85852743678541],[-73.90624418090232,40.85864539484151],[-73.90621858291698,40.85876233215185],[-73.90618296631807,40.85887774796624],[-73.90613748357248,40.858991148047394],[-73.90608232939903,40.85910204678736],[-73.90601773993546,40.859209969287164],[-73.90594399172788,40.85931445339069],[-73.9058614005473,40.85941505166394],[-73.90577032003775,40.8595113333113],[-73.90567114020256,40.85960288602058],[-73.9055642857345,40.85968931772895],[-73.90545021419737,40.85977025830217],[-73.90532941406667,40.85984536111986],[-73.90520240263784,40.85991430456016],[-73.905069723811,40.85997679337733],[-73.90493194576143,40.860032559966314],[-73.90478965850632,40.860081365509075],[-73.90464347137755,40.86012300099741],[-73.90449401041195,40.860157288128306],[-73.9043419156697,40.860184080067675],[-73.90418783849282,40.86020326207934],[-73.90403243871509,40.86021475201641],[-73.90387638183572,40.86021850067328],[-73.90372033616863,40.860214491996366],[-73.90356496997977,40.86020274315277],[-73.90341094862444,40.8601833044569],[-73.90325893169731,40.860156259154856],[-73.90310957020706,40.86012172306787],[-73.90308374460847,40.86011431858031],[-73.9029524099577,40.86015936472124],[-73.90259738054644,40.86026047350195],[-73.90234257353073,40.86031892237914],[-73.90235983209021,40.86036229142175],[-73.90243040255751,40.86059324060579],[-73.902480927175,40.860827199478074],[-73.90251118938181,40.861063166216965],[-73.90252105937655,40.861300130392436],[-73.90251049467668,40.86153707729261],[-73.90247954030426,40.861772992269024],[-73.90242832859683,40.862006865081355],[-73.90235707864439,40.86223769422383],[-73.90229099149175,40.86240243196966],[-73.90229426995707,40.862407941660564],[-73.90232560560547,40.86247136451267],[-73.90235141048299,40.862536207501925],[-73.90237157407438,40.86260219296446],[-73.90238601002005,40.86266903834335],[-73.90239465648618,40.86273645739849],[-73.90239747642981,40.86280416143245],[-73.90239445775774,40.86287186052661],[-73.90238561337863,40.86293926478256],[-73.902370981148,40.86300608556364],[-73.90235062370645,40.86307203673082],[-73.90232462821174,40.863136835868126],[-73.9022931059658,40.86320020549199],[-73.9022561919383,40.86326187423955],[-73.90221404418914,40.86332157803068],[-73.90216684319154,40.86337906119906],[-73.90211479105959,40.86343407758693],[-73.90205811068284,40.86348639159934],[-73.90199704477192,40.86353577921309],[-73.90193185481931,40.86358202893619],[-73.9018628199796,40.86362494271356],[-73.90179023587407,40.86366433677527],[-73.9017144133248,40.86370004242356],[-73.90163567702345,40.86373190675539],[-73.90155436414092,40.863759793317264],[-73.90147082288321,40.863783582689635],[-73.90138541100022,40.86380317299834],[-73.90129849425358,40.863818480351],[-73.90121044485014,40.8638294391962],[-73.90115306576084,40.86383367998312],[-73.90111954648299,40.86386078831414],[-73.90089137800112,40.864022660437605],[-73.90064975172142,40.864172856285606],[-73.90039570236773,40.86431073261625],[-73.900130317889,40.8644356989445],[-73.89985473479919,40.86454722007205],[-73.89957013330903,40.864644818380384],[-73.89927773227,40.86472807587715],[-73.89897878395254,40.864796635987176],[-73.89867456868096,40.86485020508024],[-73.89836638934757,40.86488855372922],[-73.89805556583035,40.864911517693244],[-73.89774342933735,40.86491899862126],[-73.8974313167027,40.864910964473644],[-73.89712056465822,40.8648874496594],[-73.89681250410574,40.86484855488874],[-73.89650845441426,40.864794446741485],[-73.89620971776664,40.864725356953414],[-73.89591757358016,40.86464158142323],[-73.89563327302473,40.864543478944675],[-73.89535803366246,40.864431469669334],[-73.89509303423125,40.86430603330622],[-73.8948394095954,40.86416770706656],[-73.89459824588415,40.86401708336211],[-73.89437057583956,40.863854807266996],[-73.89415737439346,40.86368157375404],[-73.89395955449237,40.863498124717324],[-73.8937779631884,40.86330524579403],[-73.89361337801277,40.863103762998776],[-73.89346650364752,40.86289453918508],[-73.89333796890958,40.86267847034935],[-73.89322832406022,40.862456481792904],[-73.89313803845117,40.86222952415867],[-73.89306749851758,40.86199856935932],[-73.89301700612646,40.8617646064148],[-73.8929867772872,40.86152863721645],[-73.89297694123036,40.86129167223641],[-73.89298753985773,40.86105472620025],[-73.89301852756677,40.860818813741716],[-73.89306977144952,40.86058494505801],[-73.89314105186544,40.86035412158427],[-73.89323206338551,40.86012733170567],[-73.89334241610334,40.859905546525695],[-73.89347163730805,40.859689715708434],[-73.8936191735112,40.8594807634129],[-73.89378439281938,40.859279584336804],[-73.8939665876422,40.85908703988635],[-73.89416497772383,40.858903954488916],[-73.89437871348548,40.85873111206398],[-73.89460687966405,40.8585692526677],[-73.89484849923174,40.85841906932521],[-73.89510253757955,40.85828120506444],[-73.89536790694683,40.85815625016392],[-73.89556965977118,40.85807460841386],[-73.89554129321105,40.85803419920194],[-73.89538521864479,40.857771832462596],[-73.89525208009073,40.857502277043466],[-73.8951424474263,40.85722668730154],[-73.8950567898476,40.856946243421234],[-73.89499547386478,40.85666214635937],[-73.89495876173753,40.85637561270173],[-73.89494681035728,40.85608786945266],[-73.89495967058077,40.85580014878055],[-73.89499728701772,40.855513682741325],[-73.89505949827355,40.85522969800271],[-73.89514603764592,40.85494941059191],[-73.89525653427187,40.854674020689046],[-73.89539051472099,40.85440470748871],[-73.89554740502719,40.85414262415157],[-73.89572653315068,40.85388889286787],[-73.89592713185935,40.85364460005346],[-73.89614834201724,40.853410791699304],[-73.89638921626586,40.853188468894366],[-73.89664872308273,40.852978583540626],[-73.89692575119956,40.852782034279045],[-73.89721911436123,40.85259966264331],[-73.89752755640511,40.85243224945852],[-73.89784975663906,40.85228051149951],[-73.89818433549513,40.8521450984234],[-73.89841356690972,40.85206647660336],[-73.89831179854058,40.851810668062605],[-73.89820597845133,40.85146423995389],[-73.89813022488157,40.85111329824852],[-73.89808486175475,40.85075934579164],[-73.89807008284133,40.85040389829744],[-73.8980859509373,40.850048477858294],[-73.89813239760352,40.849694606426674],[-73.89820922346735,40.84934379929802],[-73.89831609908445,40.848997558622756],[-73.89845256635758,40.848657366974805],[-73.89861804050565,40.848324681004385],[-73.89881181257495,40.84800092520225],[-73.8990330524811,40.84768748580173],[-73.89928081256933,40.847385704845145],[-73.89955403167697,40.84709687443959],[-73.89985153968124,40.84682223122678],[-73.90017206251265,40.84656295109043],[-73.90051422761228,40.84632014412419],[-73.90087656980982,40.84609484988108],[-73.9012575375972,40.84588803292517],[-73.90165549977058,40.8457005787042],[-73.90197151788593,40.845572651512335],[-73.9019753302238,40.84548714273711],[-73.90202838480185,40.84508271613184],[-73.90211615615472,40.84468179040834],[-73.90223826782581,40.84428608231434],[-73.90239419634028,40.84389728622582],[-73.90258327345643,40.84351706689332],[-73.90280468903632,40.8431470523154],[-73.90305749452315,40.84278882677023],[-73.90334060701032,40.84244392403433],[-73.90365281388468,40.842113820818284],[-73.90399277802389,40.84179993044686],[-73.90435904352579,40.84150359681092],[-73.90460020572311,40.841332434182526],[-73.90451067847818,40.841107416146826],[-73.90437460466688,40.84066201504511],[-73.90427718134352,40.84021080863575],[-73.90421882492141,40.83975572915115],[-73.90419978449621,40.839298725370256],[-73.90422014079283,40.8388417542727],[-73.90427980583364,40.83838677265831],[-73.90437852332899,40.837935728768215],[-73.90451586978838,40.83749055394322],[-73.90469125634692,40.837053154355004],[-73.90490393129943,40.83662540284619],[-73.90515298333084,40.836209130913225],[-73.90543734542898,40.83580612086726],[-73.90575579946285,40.83541809820573],[-73.9061069814065,40.835046724228],[-73.90648938718607,40.834693588926115],[-73.90690137912488,40.834360204180996],[-73.90734119295898,40.8340479972936],[-73.90780694539275,40.833758304878096],[-73.90787963499704,40.833718829881825],[-73.90790100897539,40.83323837508291],[-73.90796947854248,40.83271598609719],[-73.90808278235934,40.83219811675708],[-73.90824043423065,40.83168698452881],[-73.90844175810957,40.83118477798091],[-73.9086858910093,40.830693647415366],[-73.90897178671354,40.83021569566348],[-73.90929822027023,40.82975296908591],[-73.90966379324917,40.82930744881482],[-73.91006693974022,40.82888104227625],[-73.91050593306697,40.828475575028314],[-73.91097889318638,40.82809278295034],[-73.911483794743,40.82773430481641],[-73.91201847574293,40.82740167528466],[-73.91258064681058,40.82709631833245],[-73.91316790098864,40.82681954116546],[-73.91377772403894,40.826572528626606],[-73.91386822589881,40.826541461558634],[-73.91395824124744,40.82612982574566],[-73.91413616793069,40.82555273129977],[-73.91436339767,40.82498571167767],[-73.91463895630207,40.82443119465951],[-73.91496166282062,40.823891554434326],[-73.91515620855964,40.823615710752485],[-73.91510258763454,40.82360617154566],[-73.91446279331501,40.823458223166135],[-73.91383710996173,40.82327880102847],[-73.91322821759772,40.8230686736942],[-73.91263872425175,40.822828741243846],[-73.91207115477894,40.82256003141792],[-73.91157743666086,40.82229069697842],[-73.9115657306788,40.82229543862706],[-73.9110578665134,40.82246977367387],[-73.91053607789084,40.82261850031736],[-73.91000259971337,40.8227409815155],[-73.90945971699487,40.82283669264045],[-73.90890975506628,40.822905223727574],[-73.9083550696073,40.822946281232824],[-73.90780171931267,40.822959600654144],[-73.9077107822032,40.8230557885032],[-73.90739925239076,40.82334353233686],[-73.90706361317656,40.823615181229165],[-73.90670530178518,40.82386957173618],[-73.9063258525973,40.82410561431705],[-73.90592689057868,40.82432229800306],[-73.90551012431996,40.82451869473015],[-73.90507733871722,40.82469396331632],[-73.90463038732474,40.82484735306679],[-73.9041711844126,40.824978206991425],[-73.9037016967635,40.825085964620726],[-73.90322393524362,40.82517016440803],[-73.90273994618424,40.82523044570799],[-73.90225180261068,40.82526655032221],[-73.90176159535662,40.825278323606256],[-73.90175885545882,40.825278253134805],[-73.90159753371793,40.82542723236139],[-73.90130763411698,40.82566182361524],[-73.90099815500903,40.825881509052095],[-73.90067042165829,40.82608534779475],[-73.90032583754845,40.826272466826715],[-73.8999658783714,40.82644206473289],[-73.89959208570593,40.82659341513392],[-73.89920606041335,40.82672586979911],[-73.8988094557785,40.826838861424065],[-73.89840397042568,40.826931906062185],[-73.89799134103961,40.82700460519861],[-73.89757333492305,40.82705664745811],[-73.8972902672851,40.82707757089262],[-73.89715433138646,40.82718755903109],[-73.89687741050483,40.82738410970133],[-73.89658415757962,40.82756648125404],[-73.89627582842832,40.82773389262799],[-73.89595374346766,40.82788562682775],[-73.89580020857825,40.82794778583111],[-73.89583410648675,40.82798380852743],[-73.89599861151598,40.82818528937609],[-73.89614541722672,40.82839451121972],[-73.89627389485292,40.828610578206195],[-73.8963834940896,40.828832565164944],[-73.89647374545187,40.8290595215675],[-73.89654426228805,40.82929047559702],[-73.89659474243858,40.82952443830891],[-73.8966249695332,40.82976040786503],[-73.89663481392107,40.829997373823275],[-73.89662423322947,40.8302343214642],[-73.89659327254917,40.83047023613608],[-73.89654206424493,40.83070410759993],[-73.89647082739239,40.83093493435571],[-73.89637986684346,40.831161727931466],[-73.89626957192428,40.83138351711667],[-73.89614041477111,40.831599352121856],[-73.89599294831142,40.83180830864671],[-73.89582780389854,40.832009491839216],[-73.89564568861032,40.83220204012855],[-73.89544738222281,40.83238512891582],[-73.89523373387237,40.83255797410638],[-73.89500565842032,40.832719835469],[-73.89476413253553,40.832870019806755],[-73.89451019051191,40.833007883927074],[-73.89424491983878,40.83313283739717],[-73.8939694565427,40.833244345073766],[-73.89368498032137,40.83334192939599],[-73.89339270948967,40.83342517243137],[-73.89309389576042,40.83349371766661],[-73.89278981888135,40.83354727153525],[-73.89248178115207,40.83358560467536],[-73.89217110184394,40.83360855291241],[-73.89185911154733,40.8336160179628],[-73.8915471464701,40.83360796785484],[-73.89123654271202,40.83358443706591],[-73.89092863053973,40.83354552637463],[-73.89062472868663,40.83349140242904],[-73.89032613870232,40.83342229703257],[-73.89003413937586,40.83333850615076],[-73.88974998125667,40.83324038864316],[-73.88947488129676,40.83312836472565],[-73.88921001763698,40.83300291417002],[-73.8889565245601,40.8328645742483],[-73.8887154876319,40.83271393743078],[-73.88848793905147,40.83255164884782],[-73.88827485323048,40.832378403525695],[-73.88807714262032,40.832194943409114],[-73.8878956538051,40.8320020541827],[-73.8877311638772,40.83180056190513],[-73.88758437711087,40.8315913294706],[-73.887455921948,40.83137525291246],[-73.88734634830926,40.831153257565056],[-73.88725612524152,40.8309262941004],[-73.88718563891236,40.830695334456145],[-73.88713519095931,40.83046136767297],[-73.88710499720176,40.83022539565866],[-73.88709950561083,40.830092749524105],[-73.88689944760497,40.830117636612904],[-73.88658878256525,40.83014056982556],[-73.88627680790447,40.830148019779145],[-73.88596485976352,40.8301399545666],[-73.88565427416962,40.83011640873001],[-73.88534638131163,40.83007748311245],[-73.88504249984017,40.83002334442588],[-73.88474393121757,40.82995422453687],[-73.88445195414134,40.82987041947301],[-73.88416781906564,40.829772288154615],[-73.88389274284371,40.8296602508567],[-73.88362790351478,40.82953478740835],[-73.88337443525731,40.82939643513679],[-73.88313342353084,40.82924578656529],[-73.88290590042651,40.829083486874445],[-73.88269284024682,40.82891023113813],[-73.8825549886415,40.82878229230517],[-73.88253619397084,40.828925274919044],[-73.88249958220497,40.82909232155059],[-73.88244866522588,40.82925719165684],[-73.88238366096832,40.829419179220125],[-73.88230484769821,40.829577590561534],[-73.88221256282269,40.82973174731174],[-73.88210720144669,40.82988098931642],[-73.88198921468226,40.830024677463626],[-73.88185910771794,40.83016219642115],[-73.88171743765626,40.830292957272135],[-73.88156481112881,40.83041640003756],[-73.88140188169879,40.830531996074896],[-73.88122934706263,40.830639250342486],[-73.88104794606213,40.83073770352015],[-73.88085845552021,40.83082693397683],[-73.88066168691391,40.83090655957654],[-73.88045848289866,40.83097623931562],[-73.88024971369876,40.83103567478341],[-73.88003627337979,40.831084611440644],[-73.87981907601855,40.831122839709984],[-73.87959905178735,40.831150195873704],[-73.87937714296913,40.83116656277524],[-73.87915429992059,40.831171870320944],[-73.87893147700085,40.83116609578049],[-73.87870962848281,40.83114926388417],[-73.87848970446484,40.83112144671703],[-73.87827264680055,40.83108276340998],[-73.87805938506375,40.83103337962943],[-73.87785083256625,40.830973506867615],[-73.87764788244519,40.83090340153655],[-73.87745140383727,40.83082336386942],[-73.87726223815554,40.830733736634635],[-73.8770811954854,40.83063490366727],[-73.87690905111477,40.83052728822482],[-73.87690082868757,40.830521422198586],[-73.87687451276987,40.83055869229864],[-73.8767801133976,40.830673638530264],[-73.87667601824103,40.83078364899465],[-73.87656267302889,40.83088825258476],[-73.87644056310911,40.83098700134577],[-73.87631021137067,40.83107947239365],[-73.87617217600456,40.83116526972649],[-73.87602704811349,40.831244025920775],[-73.87587544918044,40.831315403705084],[-73.87571802840696,40.83137909740489],[-73.87555545993267,40.83143483425178],[-73.87538843994783,40.831482375551964],[-73.87521768371124,40.8315215177088],[-73.87504392248664,40.831552093094714],[-73.87486790041018,40.83157397076949],[-73.87469037130282,40.831587057041055],[-73.87451209544132,40.83159129586685],[-73.8743338363013,40.831586669093866],[-73.87415635728676,40.8315731965365],[-73.87398041845982,40.831550935891606],[-73.8738067732849,40.83151998249135],[-73.873636165401,40.8314804688948],[-73.8734693254363,40.831432564320195],[-73.87330696787856,40.8313764739199],[-73.8731497880145,40.83131243790181],[-73.87299845895178,40.83124073050025],[-73.872853628736,40.8311616588013],[-73.87271591757502,40.831075561427454],[-73.87258591518287,40.83098280708708],[-73.87246417825419,40.83088379299521],[-73.87235122808036,40.83077894317202],[-73.87224754831723,40.83066870662679],[-73.87215358291444,40.830553555434534],[-73.87206973421459,40.83043398271433],[-73.871996361231,40.830310500517086],[-73.87193377811093,40.83018363763254],[-73.87188225279132,40.83005393732464],[-73.87184200585222,40.82992195500475],[-73.87181320957325,40.829788255853224],[-73.87179598719709,40.829653412398834],[-73.87179041240276,40.82951800206713],[-73.87179650899138,40.82938260470758],[-73.87181425078542,40.82924780011063],[-73.87184356174205,40.829114165525006],[-73.87188431627997,40.82898227318582],[-73.87193633981825,40.828852687864455],[-73.87199940952507,40.82872596445023],[-73.87207325527292,40.8286026455746],[-73.8721575607962,40.82848325928775],[-73.87225196504636,40.828368316797864],[-73.87235606373865,40.828258310282315],[-73.8724694110838,40.82815371078054],[-73.87259152169737,40.828054966177476],[-73.87272187267858,40.827962499285974],[-73.87285990584934,40.82787670603683],[-73.87300503014451,40.82779795378372],[-73.87315662414265,40.82772657973056],[-73.87331403872665,40.8276628894881],[-73.87347659986277,40.82760715576558],[-73.87364361148633,40.82755961720328],[-73.87381435848158,40.82752047735109],[-73.87398810974292,40.827489903797066],[-73.87416412130467,40.827468027450124],[-73.87434163952575,40.82745494197962],[-73.87451990431572,40.827450703414414],[-73.87469815238833,40.82745532990301],[-73.87487562052901,40.8274688016359],[-73.87505154886166,40.82749106093035],[-73.87522518410145,40.8275220124773],[-73.87539578277935,40.82756152374936],[-73.87556261442465,40.82760942556813],[-73.87572496469203,40.82766551282829],[-73.87588213841946,40.82772954537578],[-73.8759325354255,40.82775342560175],[-73.87593441998655,40.82774873049655],[-73.87601324625652,40.827590323460704],[-73.8761055425243,40.82743617161646],[-73.87621091349006,40.82728693503424],[-73.87632890787765,40.8271432527332],[-73.87645902036809,40.827005739945534],[-73.87660069376429,40.82687498548251],[-73.87675332137765,40.82675154921385],[-73.87691624962633,40.82663595967096],[-73.87708878083414,40.82652871178432],[-73.87727017621798,40.82643026476493],[-73.87745965905096,40.82634104013856],[-73.87765641798796,40.826261419941346],[-73.87785961053903,40.826191745084564],[-73.87806836667602,40.82613231389533],[-73.87828179255683,40.826083380839634],[-73.87849897435171,40.826045155433285],[-73.87871898215472,40.826017801344975],[-73.87894087396398,40.82600143569579],[-73.87916369971383,40.82599612855789],[-73.87938650534113,40.82600190265471],[-73.87960833686888,40.82601873326344],[-73.87982824448939,40.826046548321166],[-73.88004528662962,40.826085228733014],[-73.88025853398139,40.82613460888211],[-73.88046707347905,40.82619447733837],[-73.88067001220782,40.82626457776349],[-73.88086648122601,40.82634461000815],[-73.88105563928458,40.82643423139677],[-73.8812366764286,40.82653305819428],[-73.88140881746469,40.82664066724878],[-73.88152174097026,40.82672122519287],[-73.88151343571985,40.826520198028405],[-73.88152406962985,40.82628325163016],[-73.8815550817884,40.82604734084205],[-73.88160633918315,40.82581347585416],[-73.88167762211592,40.825582658085764],[-73.8817686251471,40.825355875897536],[-73.88187895840693,40.82513410036002],[-73.88200814926802,40.82491828109598],[-73.88215564437206,40.82470934221497],[-73.88232081200185,40.824508178357185],[-73.88250294478838,40.82431565086369],[-73.88270126274166,40.824132584089185],[-73.88291491659182,40.8239597618734],[-73.88314299142661,40.8237979241859],[-73.8833845106094,40.823647763958924],[-73.88363843996109,40.82350992412135],[-73.88390369218774,40.82338499484713],[-73.8841791315355,40.82327351102929],[-73.88446357865232,40.823175949990706],[-73.88475581563604,40.823092729441385],[-73.88505459124721,40.82302420569067],[-73.88535862626425,40.822970672122544],[-73.88540514337306,40.822964885466156],[-73.88535174217428,40.82288875154253],[-73.88519579021602,40.8226263694444],[-73.88506276325585,40.82235680064987],[-73.88495323069357,40.822081199573184],[-73.88486766129685,40.82180074644728],[-73.8848064211985,40.82151664226858],[-73.88476977233358,40.821230103653285],[-73.88475787132293,40.820942357627],[-73.88477076880793,40.820654636369916],[-73.88480840923907,40.82036817194048],[-73.88487063111941,40.82008419099949],[-73.8849571677014,40.81980390955784],[-73.88506764813442,40.819528527770075],[-73.88520159905771,40.819259224795964],[-73.8853584466319,40.818997153752406],[-73.8855375190005,40.818743436776906],[-73.88573804917036,40.81849916022401],[-73.88595917829926,40.81826537001506],[-73.88619995937584,40.818043067161256],[-73.88645936127676,40.81783320347915],[-73.88673627318312,40.817636677516816],[-73.88702950933741,40.817454330708216],[-73.8873378141209,40.8172869437721],[-73.88765986742922,40.81713523337085],[-73.88799429032343,40.81699984904362],[-73.88833965093252,40.816881370426714],[-73.88869447058167,40.81678030477326],[-73.88905723012071,40.81669708478256],[-73.88932179322138,40.81665048720491],[-73.88929649738611,40.816452803597286],[-73.88928177303039,40.81609735291994],[-73.88929767988131,40.81574193163393],[-73.88934414933438,40.81538806169524],[-73.88942098191983,40.815037258392856],[-73.88952784816509,40.81469102386085],[-73.88966429001351,40.81435084064672],[-73.8898297227934,40.81401816536458],[-73.89002343772857,40.81369442245931],[-73.89024460497977,40.813380998108954],[-73.89049227720368,40.813079234291415],[-73.89076539361419,40.81279042304028],[-73.89106278452854,40.812515800915214],[-73.89138317637882,40.81225654370961],[-73.89172519716715,40.81201376141887],[-73.89208738234124,40.81178849349031],[-73.89246818106538,40.81158170437528],[-73.89286596285964,40.81139427940234],[-73.89327902457914,40.811227020989016],[-73.89370559770337,40.811080645208676],[-73.89414385590474,40.81095577872677],[-73.89459192286353,40.81085295611962],[-73.89504788029626,40.8107726175875],[-73.89550977616321,40.81071510707131],[-73.89597563301975,40.81068067078115],[-73.89615110817026,40.810676464523425],[-73.89620442296082,40.810503659934675],[-73.89636030757678,40.810114869810775],[-73.89654932319196,40.80973465822691],[-73.89677065993234,40.80936465314839],[-73.89702336957924,40.80900643881266],[-73.89730636963685,40.808661548948166],[-73.89761844797384,40.808331460210326],[-73.8979582680186,40.8080175858619],[-73.89832437448617,40.807721269725],[-73.89860116625647,40.8075247454986],[-73.89863978739625,40.807348272788836],[-73.89877710912067,40.80690310254499],[-73.89895245279291,40.80646570947195],[-73.89916506689212,40.80603796638431],[-73.89941404036446,40.80562170474245],[-73.89969830653473,40.80521870681332],[-73.90001664768322,40.80483069804244],[-73.90036770026774,40.80445933966966],[-73.90074996076874,40.80410622162009],[-73.9011617921319,40.803772855700736],[-73.90160143078103,40.80346066913189],[-73.90206699417074,40.803170998440656],[-73.90255648884694,40.80290508374305],[-73.9030678189803,40.80266406343856],[-73.90359879533646,40.80244896934046],[-73.90414714464457,40.802260722262],[-73.90434336937471,40.80220478732954],[-73.90457806171601,40.80181231820324],[-73.90490438652613,40.80134960191453],[-73.90526983292355,40.80090409350558],[-73.90567283554073,40.80047770035159],[-73.90611166831772,40.800072247953246],[-73.90658445189926,40.799689472126275],[-73.90708916168602,40.79933101157502],[-73.90762363650532,40.79899840088234],[-73.90818558786445,40.798693063944825],[-73.90877260974666,40.79841630788247],[-73.90938218890824,40.79816931744767],[-73.9100117156325,40.797953149958275],[-73.91065849489476,40.79776873077546],[-73.91131975789084,40.797616849346554],[-73.9119926738797,40.79749815582891],[-73.91267436228998,40.79741315830963],[-73.91336190503857,40.79736222063291],[-73.91405235900905,40.79734556084424],[-73.9147427686367,40.7973632502579],[-73.91543017854634,40.79741521315213],[-73.91611164618958,40.797501227092916],[-73.91678425442734,40.79762092388505],[-73.91744512400423,40.79777379114666],[-73.91809142586159,40.79795917450022],[-73.91872039323678,40.79817628037087],[-73.9193293334972,40.798424179380135],[-73.91991563965853,40.79870181032046],[-73.92047680153814,40.79900798469374],[-73.9206113931165,40.799092079190196],[-73.92071711478702,40.79910006556075],[-73.92144257377677,40.799191595351786],[-73.92215860456173,40.79931898123448],[-73.92281350599613,40.79947043074444],[-73.9232442019154,40.798749753325986],[-73.92373873117178,40.798048134914055],[-73.92429257455582,40.79737259535104],[-73.92490335934407,40.79672602657317],[-73.92556846927795,40.79611119641333],[-73.9262850557803,40.7955307367638],[-73.92705005016165,40.79498713232148],[-73.92707144020503,40.79497381406134],[-73.92711003224028,40.79487741799896],[-73.92746402432189,40.79416442479354],[-73.92787860944114,40.79347055194502],[-73.92809631322012,40.7931616205689],[-73.9282216162959,40.792587747121296],[-73.92846533673992,40.79179626876991],[-73.92877663972813,40.79101859878801],[-73.92915419008852,40.79025806674216],[-73.92959636917195,40.78951792871195],[-73.93010128181615,40.78880135335779],[-73.93066676449006,40.78811140836464],[-73.93081852489709,40.78795071100173],[-73.93103660430974,40.78724235793048],[-73.93136082463423,40.7864322772054],[-73.93175404823371,40.78564004691439],[-73.93221458918065,40.78486905881977],[-73.93274047354139,40.78412261362509],[-73.93326662119654,40.78348057313552],[-73.93337426987048,40.782987302682386],[-73.93364327109751,40.7821133653061],[-73.93398688430231,40.781254671254864],[-73.93440363549045,40.780414896935405],[-73.93489173772828,40.77959763761568],[-73.93544909883498,40.778806392042675],[-73.93607333037656,40.77804454747521],[-73.93632250552962,40.77778062354586],[-73.9363516181449,40.777557588481585],[-73.93655937117693,40.77660531736462],[-73.93684860141458,40.77566541351093],[-73.93721806709779,40.774741901131506],[-73.93766618312262,40.77383873409286],[-73.93819102788005,40.77295977899914],[-73.93879035153103,40.77210879864975],[-73.93946158568103,40.771289435944205],[-73.94020185441256,40.77050519830182],[-73.94100798662745,40.76975944266334],[-73.9418765296456,40.769055361137966],[-73.9420890028726,40.7689042646672],[-73.9420314863187,40.76886832915439],[-73.94121913312952,40.76828909491846],[-73.9404583619894,40.767670701556405],[-73.93975243045168,40.767015798165545],[-73.93910436087832,40.76632719016679],[-73.93867565969663,40.76580221038293],[-73.93756718545663,40.765718601861195],[-73.93669526752595,40.76560866254606],[-73.9364931722475,40.765947135996974],[-73.93611467031026,40.76648459059361],[-73.93569073945304,40.767002071351946],[-73.93522319437857,40.767497361854026],[-73.93471403672622,40.767968340676966],[-73.93416544650864,40.76841299048601],[-73.93357977278134,40.768829406682144],[-73.9329595235853,40.769215805567136],[-73.93230735520544,40.76957053199082],[-73.93162606079126,40.76989206644789],[-73.93155551330388,40.76992068103176],[-73.9315387194662,40.76995452394364],[-73.93124403549037,40.77044795593608],[-73.9309075292325,40.77092567776875],[-73.9305306410341,40.771385643407385],[-73.93011498428719,40.77182588282458],[-73.92966233853406,40.77224451044229],[-73.92917464185332,40.77263973321318],[-73.92865398256446,40.77300985830578],[-73.92810259028658,40.77335330036083],[-73.92752282638959,40.7736685882874],[-73.92691717387858,40.77395437156935],[-73.92677739907252,40.77401105437037],[-73.92668246129254,40.77414580999658],[-73.92632908431453,40.77457701465406],[-73.92593936156035,40.77498972474409],[-73.9255149615631,40.77538217262257],[-73.92505770147542,40.775752677398565],[-73.92456953929153,40.7760996521386],[-73.92405256546382,40.77642161066847],[-73.92350899395014,40.77671717394377],[-73.92294115272992,40.77698507596143],[-73.92235147382985,40.77722416918696],[-73.921742482902,40.7774334294743],[-73.92111678839908,40.77761196045659],[-73.92047707039332,40.777758997389384],[-73.92008143754086,40.777828833947],[-73.91996857034798,40.77801773655648],[-73.9196950625769,40.77840585842034],[-73.91938874398632,40.778779550373535],[-73.91905092594877,40.779137211956325],[-73.918683054813,40.77947731133932],[-73.9182867057146,40.779798391887745],[-73.91786357583354,40.780099078403616],[-73.91741547712738,40.78037808301939],[-73.91694432857133,40.78063421071764],[-73.91645214793841,40.780866364453075],[-73.91594104315482,40.78107354985474],[-73.91541320326786,40.78125487948846],[-73.91487088906487,40.781409576661005],[-73.91431642338371,40.78153697874958],[-73.91375218115641,40.78163654004248],[-73.91318057922857,40.78170783407855],[-73.91260406599858,40.781750555475575],[-73.91202511092096,40.78176452123945],[-73.91144619391928,40.7817496715487],[-73.91086979475381,40.78170607001106],[-73.91029838239008,40.78163390339059],[-73.90973440441375,40.78153348080721],[-73.90918027653754,40.781405232411196],[-73.90863837224524,40.781249707539224],[-73.90811101261743,40.78106757235927],[-73.90760045638267,40.78085960701485],[-73.90710889023673,40.78062670228055],[-73.90663841947185,40.78036985574368],[-73.90619105895573,40.780090167528165],[-73.9057687244996,40.77978883557888],[-73.90537322465188,40.77946715052727],[-73.9050062529529,40.77912649015985],[-73.90466938068379,40.778768313513396],[-73.90436405014049,40.77839415462252],[-73.90409156846188,40.778005615945936],[-73.90385310203803,40.77760436150037],[-73.9036496715227,40.77719210973085],[-73.90348214747132,40.77677062614843],[-73.90335124662273,40.7763417157669],[-73.90325752884074,40.775907215370694],[-73.90320139472817,40.775468985647414],[-73.90318308392365,40.775028903218484],[-73.90320267408805,40.774588852602335],[-73.90326008058469,40.774150718144135],[-73.90335505685454,40.77371637594729],[-73.90348719548473,40.77328768584043],[-73.90365592996524,40.772866483414994],[-73.90386053712622,40.77245457216712],[-73.90410014024543,40.77205371577739],[-73.90437371281216,40.77166563056177],[-73.90468008293126,40.77129197812563],[-73.90501793834855,40.77093435825263],[-73.90538583207571,40.77059430205847],[-73.90578218859055,40.770273265438945],[-73.90620531058627,40.76997262284041],[-73.9066533862402,40.76969366137897],[-73.90712449697153,40.76943757533367],[-73.9076166256545,40.76920546103712],[-73.90773750219493,40.76915646430119],[-73.90782945098192,40.768735802604226],[-73.9079818738465,40.76824115386827],[-73.90817651973579,40.767755143084266],[-73.90841255431698,40.76727985121561],[-73.90868896610435,40.76681731328667],[-73.90900457080333,40.766369509672714],[-73.90917309673334,40.76616393346283],[-73.90894385553791,40.766110864243664],[-73.90811034997594,40.76587159189178],[-73.90729921822034,40.76559137855519],[-73.90651393482969,40.765271424653875],[-73.90575786349123,40.764913100836075],[-73.90503424260034,40.76451794209947],[-73.90434617137973,40.76408764120781],[-73.9036965965985,40.76362404143139],[-73.90308829994767,40.763129128642696],[-73.90252388612676,40.76260502280109],[-73.902005771692,40.76205396886355],[-73.90191212563816,40.76193917654166],[-73.90117437657834,40.76172732831663],[-73.9004241531459,40.761468085851945],[-73.89969784126656,40.76117208515442],[-73.89899855196028,40.76084059422076],[-73.89832928035985,40.76047503305948],[-73.89769289287388,40.76007696760158],[-73.89709211490405,40.759648102985615],[-73.89652951916955,40.75919027624648],[-73.89600751468868,40.7587054484391],[-73.8955283364648,40.75819569623125],[-73.89551354714182,40.758177563300805],[-73.89544515915111,40.758165372626365],[-73.89472082102488,40.75799757221471],[-73.89401247064879,40.757794103398545],[-73.8933231422501,40.757555837781865],[-73.89265578848212,40.75728379601848],[-73.89241088992785,40.75716767759369],[-73.89226750013096,40.75717828134894],[-73.89137712195442,40.75719960883054],[-73.89048681608591,40.75717660228568],[-73.88960039672291,40.75710936027732],[-73.88872166138934,40.756998170878106],[-73.88785437464428,40.756843510434564],[-73.88700225193277,40.7566460415236],[-73.88696487148883,40.75663530130392],[-73.88685226883207,40.75666115473636],[-73.88607124487879,40.75679882241231],[-73.88528004986493,40.75689734672942],[-73.88448207317178,40.75695630561868],[-73.88368073326895,40.7569754465049],[-73.88287946305196,40.756954687389864],[-73.88208169511738,40.75689411720415],[-73.88129084703944,40.75679399542561],[-73.88051030671129,40.75665475096651],[-73.88002157511907,40.75654145999607],[-73.87950445211246,40.756660155891645],[-73.87878849970474,40.75678630579688],[-73.87806322796278,40.75687657411039],[-73.87733174375664,40.75693057414441],[-73.8765971805996,40.75694807457498],[-73.8758626852097,40.75692900043408],[-73.8751314040143,40.756873433431174],[-73.87440646965601,40.756781611602676],[-73.873690987558,40.75665392829127],[-73.87343396710955,40.75659433305705],[-73.87290334236683,40.75674553185799],[-73.87224239758432,40.756897193828486],[-73.87156982099823,40.757015656008335],[-73.87088849364231,40.75710041094781],[-73.87020133407549,40.75715109558529],[-73.86951128586684,40.757167492804264],[-73.8688213049728,40.75714953236425],[-73.86813434706116,40.75709729120204],[-73.8674533548362,40.75701099310182],[-73.86678124541974,40.7568910077355],[-73.86612089784224,40.75673784907748],[-73.86592236413443,40.7566807647692],[-73.86574889523767,40.75673018122304],[-73.86515189841153,40.756867129317826],[-73.86454439887333,40.75697409019587],[-73.86392899881068,40.7570506056903],[-73.86330833428556,40.75709634804569],[-73.86268506393239,40.75711112132342],[-73.8620618575586,40.7570948622416],[-73.8614413846973,40.757047640446544],[-73.86082630316108,40.756969658214196],[-73.86044325073797,40.75690125271117],[-73.860049219571,40.7571152396757],[-73.85957594555555,40.75733823154391],[-73.85908450229621,40.757537206420906],[-73.85857699461553,40.75771131204913],[-73.85805559619814,40.75785980268582],[-73.85752254027493,40.75798204229973],[-73.85698011005096,40.75807750729778],[-73.85643062891862,40.758145788769454],[-73.8558764504978,40.758186594239874],[-73.85531994854611,40.75819974892372],[-73.8547635067824,40.75818519647434],[-73.85420950866754,40.75814299922552],[-73.85366032718609,40.758073337924124],[-73.85311831467335,40.75797651095533],[-73.85258579273096,40.75785293306328],[-73.8520650422749,40.7577031335733],[-73.85155829375832,40.7575277541226],[-73.85133418513277,40.757436293934525],[-73.85127781561978,40.757504964455094],[-73.85101775766223,40.757779936034666],[-73.85073460380869,40.758041384738924],[-73.85042956648232,40.75828819084044],[-73.85010395187228,40.75851929731078],[-73.84975915434083,40.758733714349894],[-73.84939665045198,40.758930523627306],[-73.84901799264712,40.75910888221749],[-73.84862480259473,40.759268026211956],[-73.84821876424282,40.75940727399306],[-73.84780161660368,40.75952602915522],[-73.84737514630223,40.759623783060846],[-73.84694117991961,40.75970011702036],[-73.84650157616521,40.759754704086674],[-73.84605821791054,40.75978731045642],[-73.84561300411929,40.759797796472085],[-73.84516784170819,40.759786117220635],[-73.84472463737377,40.759752322725895],[-73.84428528942003,40.759696557734266],[-73.84385167962205,40.7596190610943],[-73.84342566516088,40.759520164732905],[-73.84300907066398,40.75940029223282],[-73.84260368038555,40.75925995701712],[-73.8422112305604,40.759099760148736],[-73.84183340196414,40.75892038775456],[-73.84147181271165,40.75872260808479],[-73.84112801132474,40.758507268220775],[-73.84080347009872,40.75827529044487],[-73.84049957879637,40.75802766828826],[-73.8402176386962,40.75776546227378],[-73.83995885702086,40.75748979537155],[-73.83972434176901,40.75720184818762],[-73.83951509697322,40.75690285390562],[-73.83933201840394,40.756594093003564],[-73.83917588973789,40.756276887768216],[-73.83904737920727,40.75595259663087],[-73.83894703674406,40.75562260834825],[-73.83887529163137,40.75528833605417],[-73.83883245067209,40.754951211207114],[-73.8388186968823,40.754612677459406],[-73.83883408871495,40.754274184474816],[-73.83887855981722,40.75393718172082],[-73.83895191932218,40.7536031122617],[-73.83905385267354,40.75327340657989],[-73.83918392297987,40.75294947645136],[-73.83934157289215,40.75263270890127],[-73.83952612699676,40.75232446026629],[-73.83973679471342,40.75202605038843],[-73.83997267368551,40.751738756965345],[-73.84023275364828,40.75146381008145],[-73.84051592075838,40.75120238694312],[-73.84082096236581,40.75095560684041],[-73.84114657220817,40.75072452635685],[-73.8414913560048,40.75051013484787],[-73.84185383742667,40.7503133502071],[-73.8422324644168,40.75013501493854],[-73.84262561583397,40.74997589255168],[-73.84303160839123,40.74983666429436],[-73.84344870385985,40.749717926238176],[-73.84387511650756,40.74962018672802],[-73.8443090207397,40.74954386420713],[-73.84474855891027,40.74948928542691],[-73.84519184926994,40.74945668404896],[-73.84563699401671,40.74944619964533],[-73.84608208741523,40.749457877101506],[-73.84652522394977,40.74949166642436],[-73.84696450647644,40.74954742295601],[-73.84729904496281,40.74960721288543],[-73.84747975331878,40.74924399346852],[-73.84771038687687,40.74885866614193],[-73.84797366170143,40.74848563483823],[-73.8482684500262,40.748126496717134],[-73.84859348921792,40.74778278942871],[-73.84894738718839,40.7474559845329],[-73.84932862835934,40.747147481202184],[-73.8497355801546,40.746858600234674],[-73.85016649999189,40.746590578402596],[-73.85061954274384,40.74634456316071],[-73.8510927686369,40.74612160773716],[-73.85158415155384,40.74592266662755],[-73.85209158770456,40.74574859151171],[-73.8526129046283,40.74560012761036],[-73.85314587048862,40.74547791049722],[-73.85368820362142,40.74538246338042],[-73.85423758229555,40.74531419486454],[-73.85479165464423,40.74527339720272],[-73.85534804872478,40.74526024504674],[-73.85534992982025,40.74526029424709],[-73.8555467196981,40.74507853486858],[-73.85597366010767,40.74473298647185],[-73.85642939709071,40.744409413285105],[-73.85691197917123,40.744109200571735],[-73.85741934003113,40.743833633567675],[-73.85794930735544,40.74358389198347],[-73.8584996121298,40.743361044957645],[-73.85906789834999,40.74316604648373],[-73.8596517331025,40.74299973132963],[-73.86024861697267,40.74286281146727],[-73.86085599473651,40.74275587302742],[-73.86147126629005,40.74267937379303],[-73.8620917977701,40.74263364124128],[-73.8627149328187,40.742618871143115],[-73.86333800394351,40.74263512672598],[-73.86336771083188,40.7426373876801],[-73.86367999067659,40.74246774692515],[-73.86426670196575,40.74219121522152],[-73.86487593161606,40.74194445810544],[-73.86550507140738,40.74172853189572],[-73.86615142797159,40.74154436092058],[-73.8668122343139,40.741392733564666],[-73.86748466164784,40.74127429889763],[-73.8681658314934,40.74118956389847],[-73.86885282798667,40.74113889128759],[-73.86954271034888,40.74112249797576],[-73.87023252546122,40.741140454136584],[-73.87065853278783,40.74117285125002],[-73.87098504662907,40.74101892736149],[-73.87073760926269,40.74078891332769],[-73.87042699912213,40.74045819446236],[-73.870145495006,40.74011273139297],[-73.86989430207387,40.73975400366093],[-73.86967449561605,40.73938354759317],[-73.869487016455,40.73900294971991],[-73.8693326669238,40.73861383997778],[-73.86923148109672,40.738281514238366],[-73.86921884157425,40.738281814600654],[-73.868773818794,40.73827022653197],[-73.86833074562215,40.738236522752004],[-73.86789151980075,40.73818084761863],[-73.86745802258179,40.73810343959547],[-73.86703211066403,40.73800463022993],[-73.86661560823573,40.73788484273217],[-73.8662102991568,40.737744590161206],[-73.86581791931431,40.73758447322605],[-73.86544014918422,40.7374051777112],[-73.86507860663119,40.73720747153771],[-73.86473483997716,40.736992201472134],[-73.8644103213689,40.73676028949798],[-73.86410644047251,40.73651272886467],[-73.86382449852228,40.73625057983158],[-73.86356570274901,40.735974965124896],[-73.86333116121207,40.735687065127195],[-73.86312187805694,40.73538811282011],[-73.86293874921867,40.735079388501944],[-73.86278255858961,40.734762214302954],[-73.8626539746677,40.73443794852154],[-73.86257565864958,40.73418062912507],[-73.86234985029985,40.734208711043415],[-73.86197314688872,40.73423647851127],[-73.86159486242191,40.734245444046834],[-73.86121661709136,40.734235569250764],[-73.86084003092128,40.73420689641675],[-73.86046671682548,40.734159548350206],[-73.86009827369533,40.73409372784195],[-73.85973627954776,40.73400971679929],[-73.8593822847631,40.73390787503782],[-73.85903780544157,40.73378863873944],[-73.858704316907,40.73365251858337],[-73.85838324738559,40.73350009755756],[-73.85807597188713,40.733332028460765],[-73.85778380631444,40.73314903110507],[-73.85750800182684,40.732951889231764],[-73.85724973948139,40.732741447153074],[-73.85701012517511,40.732518606134775],[-73.8567901849097,40.732284320534674],[-73.85659086039918,40.73203959371385],[-73.85641300503902,40.73178547373823],[-73.85625738025433,40.73152304888874],[-73.85612465224231,40.7312534429994],[-73.85601538912313,40.73097781064333],[-73.85593005851126,40.73069733218731],[-73.85586902551772,40.730413208736266],[-73.85583255119144,40.7301266569888],[-73.85582079140671,40.72983890402671],[-73.85583379620103,40.729551182059836],[-73.85587150956624,40.72926472314953],[-73.85587846803358,40.72923298561584],[-73.85585317967734,40.72925094437645],[-73.85561194059619,40.72940104908037],[-73.85535831189647,40.729538829159466],[-73.8550933797257,40.72966369454083],[-73.85481827866082,40.72977511045841],[-73.85453418684814,40.729872599744205],[-73.85424232095622,40.72995574487274],[-73.85394393096341,40.73002418975004],[-73.85364029480253,40.73007764123933],[-73.8533327128854,40.73011587041721],[-73.853022502531,40.730138713554396],[-73.8527109923209,40.73014607281735],[-73.8523995164065,40.730137916687475],[-73.85208940879224,40.730114280096245],[-73.85178199761945,40.73007526427538],[-73.8514785994755,40.73002103632324],[-73.85118051375233,40.729951828488666],[-73.85088901707898,40.72986793717595],[-73.85060535785185,40.72976972167481],[-73.85033075088599,40.729657602620826],[-73.85006637221065,40.72953206019324],[-73.84981335403134,40.729393632057544],[-73.84957277987986,40.72924291106196],[-73.84934567997333,40.7290805426972],[-73.84913302680184,40.72890722233133],[-73.848935730964,40.72872369223043],[-73.8487546372677,40.72853073837883],[-73.84871399568996,40.72848082653912],[-73.84828010617255,40.72862969542354],[-73.84767552113098,40.72880189098893],[-73.84705742362723,40.72894363357767],[-73.84642846122662,40.72905431603208],[-73.84579132808024,40.729133464238565],[-73.84514875337388,40.72918073916062],[-73.84450348962604,40.72919593829237],[-73.84385830088559,40.72917899652714],[-73.84321595087982,40.72912998643634],[-73.84257919116375,40.7290491179585],[-73.84195074932192,40.72893673749901],[-73.8413333172734,40.728793326444766],[-73.84072953973022,40.728619499100205],[-73.84014200285918,40.72841600005332],[-73.83957322319542,40.728183700983315],[-73.83902563685584,40.7279235969233],[-73.8385015890984,40.72763680199452],[-73.8380033242724,40.727324544630015],[-73.8375329762028,40.726988162308636],[-73.83709255904968,40.726629095821835],[-73.83668395868244,40.72624888309797],[-73.83630892460529,40.72584915261066],[-73.83596906246873,40.72543161639952],[-73.83566582719918,40.72499806273327],[-73.83545303054277,40.724638966539985],[-73.83510773704482,40.724577193585155],[-73.83457551539485,40.72445353185815],[-73.83405506641728,40.72430365025224],[-73.83354861927354,40.72412819075636],[-73.83305834310285,40.723927904912],[-73.83258633772562,40.72370365059156],[-73.83213462464532,40.72345638832112],[-73.83170513838684,40.72318717716326],[-73.83129971820875,40.72289717017781],[-73.83092010022516,40.72258760947981],[-73.83056790997048,40.72225982091622],[-73.83024465543973,40.72191520838389],[-73.82995172063318,40.721555247813555],[-73.82969035963389,40.72118148084539],[-73.82946169124268,40.72079550822348],[-73.82926669419403,40.72039898293755],[-73.8291062029727,40.719993603141134],[-73.82900320525205,40.71965452280919],[-73.82869895424781,40.71958380752485],[-73.82826181999431,40.719457884738915],[-73.82783644795708,40.719310477411575],[-73.8274246599653,40.71914221690269],[-73.82702821962822,40.718953823883155],[-73.82664882477864,40.71874610524638],[-73.82628810019878,40.71851995065017],[-73.82594759066009,40.71827632870407],[-73.8256287543067,40.71801628281859],[-73.82533295641092,40.71774092673394],[-73.82506146352745,40.71745143974767],[-73.8248154380716,40.71714906166182],[-73.82459593334423,40.71683508747063],[-73.82440388902515,40.71651086181265],[-73.82424012715397,40.716177773209914],[-73.82410534861546,40.71583724811991],[-73.82400013014465,40.71549074482513],[-73.82392492186408,40.7151397471867],[-73.82388004536384,40.71478575828894],[-73.82386569233238,40.714430294001865],[-73.82388192374388,40.714074876489455],[-73.82392866960558,40.71372102769133],[-73.8240057292657,40.71337026280563],[-73.82411277228094,40.713024083801606],[-73.82424933983935,40.712683972988714],[-73.82432996205877,40.71252196297974],[-73.82408428927587,40.71267475290156],[-73.82377630960156,40.712841973252075],[-73.82345461488836,40.71299350751845],[-73.82312058282517,40.71312870669966],[-73.8227756439675,40.71324699175192],[-73.8224212756086,40.713347856069994],[-73.82205899544977,40.713430867658175],[-73.82169035509722,40.713495670981395],[-73.82131693341327,40.71354198848891],[-73.82094032975053,40.71356962180372],[-73.82056215709798,40.713578452572605],[-73.8201840351686,40.71356844297353],[-73.81980758345793,40.71353963587747],[-73.8194344143038,40.71349215466486],[-73.81906612597658,40.71342620269688],[-73.81870429583002,40.713342062443786],[-73.81835047354186,40.71324009427461],[-73.81800617447328,40.71312073491266],[-73.81767287317588,40.71298449556415],[-73.81735199707376,40.7128319597276],[-73.81704492034807,40.71266378069339],[-73.81675295805013,40.71248067874444],[-73.81647736046845,40.71228343806997],[-73.81621930777382,40.71207290340531],[-73.81597990496515,40.71184997641271],[-73.81576017713827,40.71161561181809],[-73.81556106509726,40.711370813320805],[-73.81538342132762,40.71111662929368],[-73.81522800634822,40.71085414829186],[-73.81509548545777,40.710584494389735],[-73.81498642588944,40.71030882236595],[-73.8149012943861,40.710028312757075],[-73.81484045520617,40.709744166801336],[-73.81480416856877,40.70945760129359],[-73.81479258954458,40.709169843374454],[-73.81480576739723,40.708882125274904],[-73.81484364537778,40.7085956790396],[-73.81490606097316,40.70831173125125],[-73.81499274660753,40.70803149777863],[-73.81510333079318,40.707756178570556],[-73.81523733972622,40.70748695251872],[-73.8153941993201,40.707224972410394],[-73.81557323766785,40.706971359993496],[-73.8157736879231,40.70672720117467],[-73.81599469158674,40.706493541371],[-73.8162353021855,40.70627138103509],[-73.81649448932677,40.706061671373114],[-73.81668571907272,40.70592594205624],[-73.8165606387407,40.705922626481424],[-73.8162727980895,40.705900588553526],[-73.81598746802109,40.70586427070134],[-73.81570587053957,40.70581382846647],[-73.81542921165618,40.705749477881795],[-73.8151586762219,40.7056714945459],[-73.81512008855745,40.70565811447355],[-73.81511875638296,40.70568720498102],[-73.8150897930655,40.70590625225659],[-73.81504206586119,40.70612338894895],[-73.81497577896823,40.70633768522245],[-73.81489121606977,40.70654822339607],[-73.81478873912187,40.70675410187358],[-73.81466878680635,40.706954439004896],[-73.81453187265461,40.7071483768624],[-73.81437858285071,40.70733508491551],[-73.81420957372302,40.707513763588274],[-73.81402556893516,40.707683647684156],[-73.81382735638816,40.707844009664115],[-73.81361578484706,40.70799416276302],[-73.81339176030676,40.70813346393184],[-73.81315624211202,40.70826131659236],[-73.81291023884884,40.708377173193114],[-73.81265480402446,40.70848053755513],[-73.81239103155471,40.70857096699781],[-73.81212005107781,40.708648074235505],[-73.81184302311506,40.70871152903689],[-73.81156113409884,40.708761059639755],[-73.81127559128943,40.708796453915475],[-73.81098761760255,40.70881756027796],[-73.81069844636947,40.708824288333034],[-73.8104093160527,40.70881660926579],[-73.81012146493939,40.708794555964126],[-73.80983612583566,40.70875822287776],[-73.80955452078436,40.7087077656135],[-73.80927785582912,40.708643400268606],[-73.80900731584694,40.70856540250485],[-73.80874405947179,40.70847410636746],[-73.80848921413069,40.70836990285375],[-73.80824387121383,40.708253238238065],[-73.80800908139935,40.70812461215967],[-73.80778585015263,40.70798457548213],[-73.80757513341989,40.707833727933334],[-73.80737783353392,40.70767271553611],[-73.80719479535007,40.70750222784073],[-73.80702680262861,40.707322994970795],[-73.80687457467918,40.70713578449583],[-73.80673876328173,40.70694139814297],[-73.80661994989678,40.70674066836298],[-73.80651864317745,40.70653445476446],[-73.80643527679338,40.706323640432025],[-73.80637020757611,40.706109128144],[-73.80632371399375,40.70589183650588],[-73.80629599496146,40.70567269601621],[-73.80628716899261,40.70545264508167],[-73.80629727369451,40.70523262599852],[-73.80632626561055,40.70501358091723],[-73.80637402040948,40.70479644780847],[-73.80644033342092,40.70458215644653],[-73.8065249205149,40.70437162442842],[-73.80662741932127,40.70416575324504],[-73.80674739078427,40.703965424421675],[-73.80688432104488,40.703771495743744],[-73.8070376236434,40.70358479758482],[-73.80720664203251,40.70340612935157],[-73.80739065239015,40.70323625606187],[-73.80758886672005,40.703075905069845],[-73.80780043622656,40.70292576295266],[-73.80802445494965,40.702786472571475],[-73.80825996364408,40.70265863031987],[-73.80850595388641,40.70254278357122],[-73.80862593579693,40.702494232937475],[-73.80849387296591,40.70251743603338],[-73.808318169805,40.7025392125455],[-73.80814097130744,40.70255219661918],[-73.80796303633396,40.7025563326495],[-73.80778512690019,40.702551602923734],[-73.80760800491235,40.70253802769713],[-73.80743242890344,40.70251566510626],[-73.8072591507839,40.70248461091985],[-73.8070889126207,40.70244499812864],[-73.80692244345852,40.70239699637565],[-73.806760456197,40.70234081122944],[-73.8066036445369,40.702276683303666],[-73.806452680009,40.7022048872262],[-73.80630820909762,40.70212573046291],[-73.8061708504719,40.70203955200062],[-73.80604119233605,40.70194672089491],[-73.80591978991045,40.70184763468957],[-73.80580716305396,40.70174271771361],[-73.80570379403795,40.70163241926382],[-73.80561012548134,40.70151721168038],[-73.80552655845561,40.701397588323786],[-73.80545345076798,40.701274061461795],[-73.8053911154298,40.7011471600754],[-73.80533981931707,40.701017427593364],[-73.80529978202853,40.70088541956488],[-73.80527117494624,40.700751701280275],[-73.80525412050294,40.70061684535027],[-73.80524869165876,40.70048142925375],[-73.80525491159014,40.70034603286491],[-73.80527275359165,40.70021123596993],[-73.80530214119166,40.700077615784544],[-73.80534294848093,40.69994574448214],[-73.80539500065295,40.699816186744016],[-73.8054580747536,40.69968949734126],[-73.80553190063681,40.69956621875968],[-73.80561616212229,40.699446878876884],[-73.80571049835036,40.69933198870229],[-73.80581450532772,40.69922204018921],[-73.80592773765802,40.69911750412871],[-73.80604971044956,40.699018828134],[-73.80617990139179,40.69892643472415],[-73.80631775299204,40.69884071951524],[-73.80646267496275,40.69876204952675],[-73.80661404674885,40.69869076161037],[-73.80677122018474,40.69862716100799],[-73.8069335222693,40.698571520044986],[-73.80710025804704,40.69852407696447],[-73.80727071358325,40.698485034907414],[-73.80744415902025,40.6984545610432],[-73.80761985170174,40.698432785853846],[-73.80779703935193,40.69841980257558],[-73.80797496329565,40.6984156667997],[-73.80815286170599,40.698420396234546],[-73.80832997286535,40.69843397062989],[-73.80850553842602,40.69845633186337],[-73.8086788066563,40.698487384189484],[-73.80884903565848,40.69852699464934],[-73.80901549654456,40.69857499363978],[-73.80917747655658,40.69863117563953],[-73.80933428211776,40.69869530008881],[-73.80948524180171,40.69876709241914],[-73.80962970920697,40.69884624522881],[-73.80976706572443,40.69893241959868],[-73.80989672318591,40.69902524654313],[-73.81001812638257,40.69912432858961],[-73.81013075544236,40.699229241480275],[-73.81023412805624,40.69933953598819],[-73.81032780154372,40.69945473984067],[-73.81041137474892,40.69957435974105],[-73.81048448975892,40.699697883480674],[-73.81054683343706,40.69982478213203],[-73.81059813876466,40.69995451231309],[-73.81063818598533,40.7000865185141],[-73.81066680354701,40.70022023547594],[-73.81068386883769,40.700355090610536],[-73.81068930871163,40.70049050645261],[-73.81068309980367,40.70062590313238],[-73.81066526863064,40.700760700858595],[-73.81063589147888,40.70089432240136],[-73.81059509407886,40.70102619556403],[-73.81054305106787,40.701155755633565],[-73.8104799852433,40.70128244779884],[-73.81040616660961,40.70140572952687],[-73.81032191122303,40.701525072886206],[-73.81022757983892,40.70163996680793],[-73.81012357636769,40.701749919274604],[-73.81001034614565,40.701854459427565],[-73.80988837402847,40.701953139583516],[-73.80975818231519,40.70204553715224],[-73.80962032851161,40.70213125644645],[-73.80947540294306,40.70220993037677],[-73.80938899126424,40.702250626446734],[-73.80957308760397,40.702208458398324],[-73.80985495039013,40.70215893262171],[-73.81014046552382,40.702123541839455],[-73.81042841056292,40.70210243757795],[-73.81071755266629,40.7020957101954],[-73.81100665386984,40.70210338849516],[-73.81129447638457,40.70212543960252],[-73.81157978789369,40.7021617691053],[-73.81186136682648,40.702212221458005],[-73.81213800758623,40.702276580647386],[-73.81240852570993,40.702354571117006],[-73.81244711091794,40.70236795210407],[-73.81244844419192,40.702338861615026],[-73.81247741463835,40.70211981490297],[-73.81252514732972,40.70190267916151],[-73.81259143769036,40.701688384176215],[-73.81267600168724,40.70147784755966],[-73.8127784770492,40.70127197082243],[-73.8128984248208,40.701071635513564],[-73.81303533124446,40.700877699446345],[-73.81318860996258,40.70069099302588],[-73.81335760453007,40.7005123156943],[-73.81354159122687,40.70034243250841],[-73.81373978215794,40.70018207086473],[-73.81395132862788,40.700031917386006],[-73.81417532477525,40.69989261498207],[-73.81441081145145,40.69976476009798],[-73.8146567803273,40.69964890016121],[-73.81491217820981,40.699545531238606],[-73.81517591155064,40.699455095913244],[-73.81544685112716,40.699377981390164],[-73.81572383687572,40.699314517839255],[-73.81600568285688,40.699264976982214],[-73.81629118233106,40.69922957092964],[-73.81657911292314,40.699208451273265],[-73.81686824185385,40.699201708437236],[-73.8171573312155,40.69920937129104],[-73.81744514326977,40.69923140702611],[-73.81773044574463,40.69926772129611],[-73.81801201710807,40.69931815862073],[-73.8182886517958,40.69938250305106],[-73.81855916537077,40.6994604790939],[-73.8188223995925,40.699551752890585],[-73.8190772273745,40.699655933646014],[-73.81932255760842,40.6997725753011],[-73.81955733983456,40.699901178441735],[-73.81978056873888,40.70004119243655],[-73.81999128845666,40.70019201779344],[-73.8201885966652,40.7003530087255],[-73.82037164844748,40.7005234759153],[-73.82053965991037,40.700702689465345],[-73.82069191154214,40.700889882022494],[-73.82082775129446,40.70108425206266],[-73.82094659737604,40.70128496732207],[-73.82104794074573,40.70149116835998],[-73.82113134729447,40.70170197223828],[-73.82119645970654,40.701916476301406],[-73.82124299899242,40.70213376204095],[-73.82127076568625,40.70235289902848],[-73.82127964070308,40.70257294889921],[-73.82126958585188,40.70279296937019],[-73.82124064400237,40.70301201827507],[-73.82119293890455,40.70322915759872],[-73.82112667466198,40.703443457494274],[-73.82104213486078,40.70365400026517],[-73.82093968135813,40.703859884295454],[-73.82081975273545,40.70406022791136],[-73.82068286242264,40.70425417315749],[-73.82052959650171,40.704440889471606],[-73.82036061119875,40.704619577242354],[-73.8201766300753,40.70478947123432],[-73.82017502039058,40.704790773779266],[-73.8202077185047,40.70478837450373],[-73.82058584133884,40.70477954488907],[-73.82096391347658,40.70478955318002],[-73.82134031627427,40.70481835652793],[-73.82171343823107,40.70486583161651],[-73.82208168188409,40.70493177518939],[-73.82244347064403,40.70501590491991],[-73.82279725554127,40.70511786061915],[-73.82314152185437,40.70523720577711],[-73.82347479559222,40.70537342943061],[-73.82379564980225,40.7055259483497],[-73.8241027106779,40.70569410953348],[-73.82439466343908,40.70587719300443],[-73.82467025796038,40.706074414889464],[-73.82492831412345,40.706284930774785],[-73.82516772686998,40.70650783931947],[-73.82538747093413,40.706742186113225],[-73.825586605234,40.706986967761246],[-73.82576427690321,40.70724113617909],[-73.82591972494554,40.70750360307862],[-73.82605228349655,40.70777324462676],[-73.8261613846787,40.70804890625623],[-73.8262465610371,40.70832940760832],[-73.82630744754583,40.70861354758608],[-73.82634378317597,40.70890010949696],[-73.82635541201856,40.70918786626186],[-73.82634228395757,40.709475585669566],[-73.82630445488998,40.70976203565301],[-73.82624208649196,40.710045989565366],[-73.82615544553177,40.71032623143312],[-73.82608183719623,40.71050956850049],[-73.82630939663761,40.71034802875141],[-73.82667125037909,40.71012296302597],[-73.82705167114452,40.709916386949374],[-73.82744903007263,40.70972918493786],[-73.82786162582929,40.7095621584543],[-73.82828769188912,40.70941602257893],[-73.82872540409538,40.70929140294998],[-73.82917288846576,40.70918883308688],[-73.8296282292107,40.7091087521078],[-73.83008947693018,40.70905150285094],[-73.83055465695384,40.70901733040787],[-73.83102177778886,40.709006381075],[-73.83148883963969,40.7090187017277],[-73.83195384296307,40.70905423961981],[-73.83241479702217,40.70911284260923],[-73.83286972840283,40.7091942598089],[-73.8333166894564,40.70929814265997],[-73.83375376663211,40.70942404642301],[-73.83417908866448,40.709571432080836],[-73.83459083457997,40.70973966864441],[-73.83498724148922,40.70992803585247],[-73.83536661213138,40.71013572725329],[-73.83572732213845,40.71036185365505],[-73.83606782698833,40.71060544693063],[-73.83638666861711,40.71086546416009],[-73.83668248166222,40.71114079209357],[-73.83695399930973,40.711430251915104],[-73.83720005872061,40.71173260428754],[-73.83729080332343,40.71186236854669],[-73.83733978978432,40.711861217571276],[-73.8378958410198,40.71187585427684],[-73.8384494442546,40.711918130251114],[-73.83899822955324,40.71198786451375],[-73.8395398475876,40.71208475853676],[-73.84007197968597,40.712208397521415],[-73.84059234775125,40.712358252172436],[-73.84109872400641,40.71253368096209],[-73.84158894052523,40.712733932874265],[-73.84206089850788,40.712958150617155],[-73.84251257726186,40.71320537429057],[-73.84294204284961,40.71347454549228],[-73.84334745636623,40.71376451184614],[-73.84372708181164,40.71407403193234],[-73.84386596301945,40.71420326758976],[-73.84389338770572,40.7142012498512],[-73.84453850643075,40.714186054107955],[-73.84518355021585,40.714202992096595],[-73.84582575781396,40.71425199131024],[-73.8464623801067,40.7143328419965],[-73.84709069186087,40.7144451980544],[-73.84770800338327,40.714588578514565],[-73.84831167202408,40.71476236959602],[-73.84889911347986,40.714965827331255],[-73.84946781284803,40.71519808074795],[-73.85001533538559,40.71545813559407],[-73.85053933692623,40.71574487859049],[-73.85103757391146,40.7160570821927],[-73.85150791299266,40.716393409841764],[-73.85194834016357,40.716752421681704],[-73.85235696938335,40.71713258071916],[-73.85273205065415,40.71753225939911],[-73.85307197751794,40.717949746568365],[-73.85337529394081,40.71838325479734],[-73.85364070055506,40.71883092802867],[-73.85386706023208,40.71929084952022],[-73.85405340296236,40.719761050048255],[-73.85419893002123,40.72023951633613],[-73.8543030174023,40.72072419967207],[-73.85436521850401,40.72121302467938],[-73.85438526605708,40.72170389820173],[-73.85436307328462,40.72219471826511],[-73.85429873428971,40.72268338307846],[-73.85421102886117,40.72308340005369],[-73.85425732793811,40.72309414935399],[-73.85454879922322,40.72317803221737],[-73.85483243620526,40.7232762380924],[-73.85510702444977,40.723388346508216],[-73.85537138824782,40.723513877467575],[-73.85562439564846,40.723652293501175],[-73.85586496330433,40.72380300196795],[-73.85609206110942,40.72396535759148],[-73.85630471660963,40.72413866522174],[-73.8565020191665,40.72432218281056],[-73.85668312385714,40.724515124587704],[-73.85684725509296,40.7247166644243],[-73.85699370994213,40.72492593936913],[-73.85712186114122,40.725142053342694],[-73.85723115978338,40.725364080973144],[-73.85732113767126,40.72559107155789],[-73.85739140932475,40.72582205313364],[-73.85744167363467,40.726056036637814],[-73.85747171515563,40.72629202014316],[-73.85748140503203,40.726528993147824],[-73.85747070155352,40.726765940902084],[-73.85746994092709,40.726771719689395],[-73.85752130526966,40.72673013437178],[-73.85779792393991,40.72653367522953],[-73.85809083838542,40.7263513995333],[-73.85839879436509,40.72618408769727],[-73.85872047326806,40.72603245606218],[-73.85905449775849,40.72589715382995],[-73.85939943767104,40.725778760285266],[-73.859753816132,40.72567778231701],[-73.86011611587989,40.72559465224898],[-73.86048478575843,40.72552972599019],[-73.8608582473543,40.7254832815118],[-73.86123490175125,40.72545551765771],[-73.86161313637164,40.72544655329386],[-73.86199133187642,40.725456426799504],[-73.86236786909392,40.72548509590309],[-73.86274113594787,40.72553243786299],[-73.86310953435527,40.72559824999285],[-73.86347148706442,40.725682250528756],[-73.86382544440397,40.725784079834895],[-73.8641698909144,40.72590330194244],[-73.86450335183335,40.72603940641501],[-73.86482439940706,40.726191810532995],[-73.86513165900129,40.72635986178694],[-73.86542381498538,40.72654284067009],[-73.86569961636401,40.72673996375718],[-73.86595788213336,40.726950387057414],[-73.86619750633781,40.72717320962634],[-73.86641746280633,40.727407477421856],[-73.86661680954762,40.72765218738748],[-73.86679469278586,40.72790629174571],[-73.86695035061892,40.7281687024828],[-73.86697735498853,40.72822353765691],[-73.8670516695436,40.72820235750312],[-73.8674779098829,40.72810453032334],[-73.86791164697306,40.728028118662074],[-73.86835102388349,40.72797344965232],[-73.86879415955504,40.7279407573419],[-73.86923915684775,40.72793018169224],[-73.86968411065743,40.72794176797945],[-73.87012711606582,40.7279754666007],[-73.87056627649028,40.72803113328641],[-73.87099971179786,40.72810852971747],[-73.87142556634905,40.728207324544805],[-73.87184201693715,40.72832709480704],[-73.87224728058933,40.72846732774004],[-73.87263962219572,40.72862742297085],[-73.87301736193457,40.7288066950863],[-73.87337888246128,40.72900437656569],[-73.87372263583075,40.72921962106502],[-73.87404715012353,40.72945150703822],[-73.87435103574734,40.72969904168076],[-73.87463299138702,40.72996116517796],[-73.87489180957752,40.73023675524054],[-73.87512638187593,40.73052463190764],[-73.87533570361042,40.7308235625968],[-73.87541733522656,40.73096113704937],[-73.87564137673476,40.73092165321201],[-73.87616864422341,40.73085601483101],[-73.87670042537533,40.73081674776647],[-73.87723444364852,40.730804020119706],[-73.87776841293191,40.73081788637744],[-73.87830004732403,40.7308582871786],[-73.87882707091063,40.73092504956833],[-73.87934722749979,40.73101788773784],[-73.87985829027295,40.73113640424682],[-73.88035807131075,40.73128009172358],[-73.8808444309529,40.731448335035466],[-73.88131528695244,40.731640413920104],[-73.88176862338499,40.73185550606662],[-73.88220249927514,40.732092690633486],[-73.88261505690339,40.732350952188035],[-73.88300452975753,40.73262918505076],[-73.88336925009509,40.73292619802591],[-73.88370765608416,40.73324071949838],[-73.88401829849212,40.73357140287479],[-73.88429984689373,40.73391683234579],[-73.88455109537155,40.73427552894483],[-73.88477096768494,40.73464595687769],[-73.88495852188468,40.735026530095595],[-73.88511295435369,40.735415619083724],[-73.88523360325658,40.73581155783644],[-73.88525686800504,40.73591962472205],[-73.88554374097636,40.73600207994478],[-73.88609094925138,40.73619132876154],[-73.88662071716203,40.736407393093884],[-73.88713077660806,40.73664934797488],[-73.88732844873196,40.736757386927465],[-73.88783205205208,40.73664172205849],[-73.88869958967533,40.73648874394415],[-73.88957842021868,40.73637924573224],[-73.89046478207584,40.73631369609768],[-73.89135488144969,40.736292375605366],[-73.8922449085682,40.73631537551084],[-73.89313105396823,40.73638259737038],[-73.89400952477786,40.736493753461595],[-73.89404590975673,40.736500241972536],[-73.89468104718624,40.736154924826195],[-73.8955135356802,40.73576220284506],[-73.89637799965816,40.73541173108001],[-73.89727073854927,40.7351050096337],[-73.89818793092743,40.73484335132775],[-73.89912565085089,40.734627876091466],[-73.90007988464615,40.7344595061752],[-73.90104654806447,40.734338962208845],[-73.90202150373837,40.73426676012194],[-73.90300057886367,40.734243208939006],[-73.90397958303208,40.73426840945866],[-73.90495432613851,40.734342253823115],[-73.90592063628718,40.734464425978935],[-73.90621373555507,40.73451666345373],[-73.90665826410292,40.734156404908774],[-73.9074552434735,40.733589798925905],[-73.90829921967804,40.73306405048932],[-73.90918657920578,40.73258140995137],[-73.91011352310787,40.732143943104035],[-73.91107608325035,40.73175352234902],[-73.91207013928606,40.731411818695264],[-73.91309143627322,40.73112029461764],[-73.91413560286571,40.730880197807316],[-73.9151981699975,40.73069255584021],[-73.91627458998198,40.730558171786214],[-73.91736025594507,40.73047762077798],[-73.91845052150938,40.73045124755352],[-73.91954072064611,40.7304791649833],[-73.9206261876102,40.73056125358804],[-73.92067828566151,40.73056783373833],[-73.92172220657844,40.73043745587147],[-73.92287433272283,40.73035191832911],[-73.92403134471071,40.73032387467692],[-73.92518829102994,40.730353444930266],[-73.92634022044886,40.730440502540546],[-73.92748220316716,40.73058467493597],[-73.92842968409435,40.73075335905788],[-73.92861352162954,40.73073038721262],[-73.9298099563278,40.73064148793603],[-73.93101147094295,40.73061229308248],[-73.93221292363025,40.730642927591084],[-73.93239944216936,40.73065701306286],[-73.93304888746441,40.73013033608233],[-73.93412199956441,40.7293669048149],[-73.93525842525497,40.72865848878081],[-73.9364532991362,40.72800811974245],[-73.93770150613359,40.72741858095806],[-73.93899770337485,40.72689239529272],[-73.94033634303224,40.72643181444295],[-73.94171169603324,40.726038809320514],[-73.94311787653882,40.72571506163597],[-73.94454886708535,40.72546195671783],[-73.94599854428357,40.725280577597665],[-73.94746070496592,40.72517170038608],[-73.94892909267115,40.725135790959214],[-73.9503974243546,40.72517300296996],[-73.95053003319929,40.72518299701163],[-73.95057391977609,40.72517750397694],[-73.95208037824902,40.725065267302035],[-73.95359325754298,40.725028208718264],[-73.95510608438978,40.725066486791924],[-73.95661238574507,40.725179937738766],[-73.9581057164196,40.7253680761231],[-73.95957968659246,40.72563009692998],[-73.96102798909057,40.725964879001914],[-73.96244442631824,40.72637098982504],[-73.9638229367235,40.726846691645086],[-73.96515762068877,40.72738994888683],[-73.96644276573616,40.72799843684598],[-73.96767287094056,40.72866955161643],[-73.96884267044668,40.7294004212108],[-73.96984626246315,40.73011598210255],[-73.96986770748059,40.73009323283258],[-73.97024072471551,40.729747706225524],[-73.97030157943325,40.72959528170043],[-73.97078033695448,40.728628590544815],[-73.97116090013945,40.727990187795655],[-73.97087948917762,40.727283605425114],[-73.9705867311714,40.726326969360976],[-73.97037684916037,40.72535781440519],[-73.97025073836001,40.72438029107927],[-73.97020893513886,40.72339858556162],[-73.97023594513755,40.72277732608673],[-73.97004252717326,40.72229162632938],[-73.96976494380293,40.72138446882998],[-73.96956594369995,40.72046544055591],[-73.96944637583812,40.71953847733297],[-73.96940674893716,40.718607548805934],[-73.96944722934059,40.71767664143567],[-73.96956764036061,40.71674974142719],[-73.969767463092,40.71583081766144],[-73.97004583869028,40.714923804704256],[-73.97040157210382,40.71403258596491],[-73.97083313724251,40.71316097707624],[-73.97133868356033,40.712312709567684],[-73.97191604402279,40.71149141490046],[-73.9725627444242,40.710700608933394],[-73.97315362254866,40.710073562027674],[-73.97342773805492,40.70938668475341],[-73.97383569771905,40.708562606982674],[-73.97383965334011,40.70855596878332],[-73.97345970529935,40.708152230599254],[-73.97290765101204,40.70747618879003],[-73.97241489226471,40.7067741160957],[-73.97198353776501,40.70604901966666],[-73.97161543302435,40.70530400517074],[-73.97131215248288,40.70454226348265],[-73.97107499279896,40.703767057009685],[-73.9709049673315,40.70298170571279],[-73.97080280183829,40.702189572883015],[-73.97076893140766,40.70139405073435],[-73.97080349863666,40.70059854587473],[-73.97090635306203,40.69980646471719],[-73.9710770518464,40.699021198894364],[-73.97119275693298,40.69864408632809],[-73.97057352274116,40.698140556882194],[-73.9699526898371,40.697564399005046],[-73.96938270753367,40.69695856788212],[-73.96886601589183,40.69632565854124],[-73.96840482651476,40.69566838192278],[-73.96800111309362,40.6949895532585],[-73.96765660297642,40.69429208000493],[-73.96741350988657,40.69368130981115],[-73.96733168442437,40.69364254884369],[-73.96669887333262,40.69329712030483],[-73.96609710556744,40.692920925921435],[-73.96552895825434,40.69251557711778],[-73.9649968643749,40.6920828101705],[-73.9645031023469,40.69162447876493],[-73.96407381476453,40.69116809161906],[-73.96377776711343,40.69113079192474],[-73.96310614884476,40.69101136756597],[-73.96244623285489,40.69085875980841],[-73.9618008458896,40.6906736223653],[-73.96117275239433,40.690456748288625],[-73.96056464266267,40.69020906656866],[-73.95997912130419,40.68993163815067],[-73.95941869608093,40.68962565138605],[-73.95888576716075,40.68929241693754],[-73.95838261683367,40.68893336216012],[-73.95794253873103,40.688575356888194],[-73.95746591954241,40.68861091306232],[-73.95684331056484,40.688626195912455],[-73.95622072167467,40.688610446084695],[-73.95560081975923,40.68856373104403],[-73.95498626018482,40.688486250895664],[-73.95437967541157,40.688378337527105],[-73.95378366370666,40.68824045318517],[-73.9532007780049,40.68807318849413],[-73.95263351496433,40.6878772599233],[-73.95208430426395,40.68765350671547],[-73.95155549818972,40.68740288728885],[-73.95104936155343,40.68712647512827],[-73.95068925645259,40.68690125372678],[-73.95042119000806,40.68690781859194],[-73.9498653227375,40.68689372538181],[-73.94931185706945,40.6868519851077],[-73.94876316370731,40.686782776559134],[-73.94822159289527,40.686686396182],[-73.94768946434289,40.68656325680763],[-73.94716905728114,40.68641388588313],[-73.94666260069263,40.68623892321014],[-73.9461722637578,40.68603911820227],[-73.94570014655834,40.6858153266726],[-73.94524827107783,40.68556850716518],[-73.944818572538,40.685299716846515],[-73.94441289110806,40.68501010697417],[-73.94434458941528,40.68495452257944],[-73.94416140605607,40.6850289446038],[-73.94371548075067,40.685182488936434],[-73.94325731638159,40.685313501146304],[-73.94278887528226,40.685421420085795],[-73.94231216383528,40.68550578351732],[-73.94182922387311,40.685566230094516],[-73.94134212392638,40.685602500911045],[-73.94085295035751,40.68561444061057],[-73.94036379841751,40.685601998052476],[-73.93987676326469,40.68556522653121],[-73.93939393098373,40.68550428354781],[-73.93891736964368,40.685419430134736],[-73.93844912043359,40.685311029737086],[-73.93799118891356,40.68517954665456],[-73.93754553641897,40.685025544051506],[-73.9371140716549,40.68484968154296],[-73.93669864251675,40.68465271236751],[-73.93630102817212,40.68443548015894],[-73.93592293143814,40.68419891533052],[-73.93556597148682,40.683944031087634],[-73.93523167690972,40.68367191908553],[-73.93492147917168,40.68338374475144],[-73.93463670648171,40.683080742290365],[-73.93456361390993,40.68299111204703],[-73.9344502377622,40.68306183646417],[-73.93412457969521,40.68323920644148],[-73.93378437870328,40.683399981441134],[-73.9334310917384,40.68354347287853],[-73.93306623182927,40.68366906618886],[-73.93269136159893,40.68377622346058],[-73.93230808656925,40.683864485740756],[-73.9319180482813,40.68393347500166],[-73.93152291726078,40.68398289576099],[-73.9311243858592,40.68401253634816],[-73.93072416100108,40.68402226981144],[-73.93032395686865,40.68401205446199],[-73.92992548755525,40.68398193405256],[-73.92953045971936,40.683932037589976],[-73.92914056527023,40.68386257878232],[-73.92875747411716,40.68377385512293],[-73.92838282701318,40.68366624661553],[-73.92801822852394,40.68354021414574],[-73.9276652401522,40.683396297505844],[-73.9273253736471,40.683235113081686],[-73.92700008452728,40.683057351211325],[-73.9266907658454,40.68286377322657],[-73.92639874222091,40.68265520819096],[-73.92612526416666,40.68243254934709],[-73.92587150273357,40.68219675028943],[-73.92563854449652,40.681948820878475],[-73.92542738690254,40.68168982291416],[-73.92523893400171,40.68142086558689],[-73.92507399257852,40.68114310072564],[-73.92493326870053,40.68085771786388],[-73.92486494500777,40.68068571895308],[-73.92474069492881,40.68083754231377],[-73.92455907597407,40.68103014048481],[-73.92436129852608,40.68121328300786],[-73.92414820945629,40.681386185558125],[-73.92392072123096,40.681548107658614],[-73.92367980800418,40.68169835585236],[-73.92342650144606,40.681836286673175],[-73.92316188632424,40.6819613094026],[-73.9228870958576,40.68207288860073],[-73.92260330686194,40.68217054640028],[-73.92231173470866,40.6822538645541],[-73.92201362811784,40.68232248622712],[-73.92171026380827,40.682376117525465],[-73.92140294102721,40.68241452875556],[-73.9210929759836,40.68243755540844],[-73.92078169620818,40.68244509886465],[-73.92047043486527,40.682437126816666],[-73.92016052504016,40.68241367340758],[-73.91985329402702,40.682374839084595],[-73.91955005764154,40.682320790168724],[-73.91925211458287,40.682251758142066],[-73.91896074086907,40.682168038656016],[-73.91867718437001,40.682069990264345],[-73.91840265946085,40.68195803288703],[-73.9181383418196,40.68183264601091],[-73.91788536339057,40.681694366635384],[-73.91764480753558,40.68154378697156],[-73.91741770439364,40.68138155190505],[-73.91720502646906,40.68120835623305],[-73.91700768446674,40.68102494168774],[-73.91682652339273,40.68083209375865],[-73.91666231893639,40.680630638327735],[-73.91651577415013,40.680421438131475],[-73.91638751644034,40.68020538906524],[-73.91627809488284,40.679983416345785],[-73.91618797787419,40.67975647054821],[-73.91611755112865,40.679525523534735],[-73.91606711602961,40.67929156429193],[-73.91603688834235,40.67905559469541],[-73.91602699729363,40.67881862521904],[-73.91603748502196,40.67858167060769],[-73.91606830640083,40.67834574553187],[-73.91611932923573,40.67811186024288],[-73.91619033483374,40.67788101624695],[-73.91628101894366,40.67765420201711],[-73.91639099306207,40.67743238876112],[-73.91651978610011,40.677216526263294],[-73.91666684640354,40.67700753881828],[-73.91683154411739,40.676806321274235],[-73.91701317388518,40.676613735202054],[-73.91721095787106,40.67643060520725],[-73.91742404909175,40.67625771540025],[-73.91765153504413,40.67609580603998],[-73.91789244161302,40.675945570365506],[-73.91814573724224,40.675807651628695],[-73.91841033735113,40.67568264034132],[-73.9186851089777,40.67557107174747],[-73.91896887562848,40.675473423533],[-73.91926042231444,40.67539011378109],[-73.91955850075122,40.675321499182985],[-73.9198618347018,40.675267873511565],[-73.92016912543829,40.675229466364065],[-73.9204790573001,40.675206442179665],[-73.92079030332424,40.675198899535566],[-73.92110153092386,40.67520687072538],[-73.92141140759104,40.67523032162067],[-73.92171860659893,40.67526915181729],[-73.9220218126795,40.675323195064834],[-73.92231972765211,40.67539221997815],[-73.92261107597923,40.675475931027584],[-73.92289461022543,40.67557396980372],[-73.92316911639621,40.67568591655108],[-73.92343341913426,40.675811291964735],[-73.9236863867502,40.6759495592414],[-73.9239269360673,40.676100126376966],[-73.92415403705837,40.676262348700234],[-73.92436671725591,40.67643553163197],[-73.92456406591609,40.676618933658055],[-73.92474523791901,40.676811769503125],[-73.92490945738827,40.67701321349198],[-73.92505602101461,40.67722240308397],[-73.92517274284425,40.677418977147795],[-73.92524355325311,40.677300264515324],[-73.9254325957051,40.677031552004294],[-73.92564431579713,40.67677282755855],[-73.92587780675322,40.676525198954344],[-73.92613206861459,40.67628972644713],[-73.92640601252359,40.67606741823349],[-73.92669846538746,40.67585922613623],[-73.92700817490227,40.6756660415308],[-73.92733381491482,40.67548869153058],[-73.92767399110042,40.67532793544741],[-73.92802724693155,40.67518446154217],[-73.92839206991218,40.67505888407972],[-73.92876689805114,40.67495174070037],[-73.92915012654674,40.67486349011945],[-73.92954011465417,40.67479451016446],[-73.92993519270628,40.67474509615846],[-73.93033366925788,40.67471545965652],[-73.93073383832295,40.67470572754047],[-73.93113398667391,40.67471594147608],[-73.93153240117182,40.67474605773479],[-73.93192737609614,40.6747959473808],[-73.93231722044295,40.67486539682266],[-73.93270026516021,40.674954108727306],[-73.93307487028942,40.6750617032921],[-73.9334394319831,40.67518771987002],[-73.93379238936812,40.67533161894067],[-73.9341322312255,40.675492784418786],[-73.93445750245836,40.67567052629061],[-73.93476681032004,40.675864083566395],[-73.93505883037628,40.67607262753696],[-73.93520722179687,40.67619343122393],[-73.93523896827703,40.67616402432465],[-73.93557375062683,40.67589228769206],[-73.93593115684891,40.67563780209735],[-73.93630965651079,40.67540165708505],[-73.93670762892408,40.675184863666125],[-73.93712337008272,40.67498834999186],[-73.93755509995682,40.674812957382706],[-73.93800097011099,40.674659436728774],[-73.9384590716145,40.674528445277176],[-73.93892744320951,40.67442054382036],[-73.9394040797027,40.67433619429675],[-73.93988694054408,40.67427575781477],[-73.94037395855679,40.67423949310798],[-73.94086304878036,40.67422755542827],[-73.94135211738978,40.67423999588159],[-73.94183907065259,40.67427676120957],[-73.94232182388527,40.67433769401714],[-73.94279831037127,40.674422533445906],[-73.94326649020235,40.67453091629008],[-73.94372435900551,40.674662378550316],[-73.94416995651848,40.67481635741853],[-73.94460137497688,40.67499219368576],[-73.94501676727765,40.67518913456248],[-73.94524182219793,40.6753120825374],[-73.94525669878219,40.675302799069954],[-73.94570890623822,40.675056407635466],[-73.94618130813132,40.67483305956208],[-73.94667188187071,40.674633711026424],[-73.94717852712928,40.67445921545262],[-73.94769907483091,40.67431031986135],[-73.9482312964309,40.67418766167443],[-73.94877291345018,40.674091765988244],[-73.94932160722213,40.6740230433276],[-73.9498750288109,40.67398178788984],[-73.95043080905873,40.67396817628641],[-73.95098656871942,40.673982266787526],[-73.95153992863482,40.67402399907284],[-73.95208851991094,40.674093194489565],[-73.95262999405035,40.6741895568165],[-73.95316203299758,40.67431267353112],[-73.95368235905481,40.674462017574086],[-73.95382245598815,40.6745104146887],[-73.95438925085665,40.67437975595396],[-73.95499585364236,40.6742723201491],[-73.9556103850712,40.674195317356116],[-73.95623021444698,40.67414907720778],[-73.95685268841616,40.67413379764797],[-73.95747514231536,40.674149544085],[-73.95809491156702,40.67419624911193],[-73.95870934307472,40.674273712794886],[-73.95931580656963,40.67438160352809],[-73.95991170585962,40.67451945945199],[-73.96049448993337,40.67468669042866],[-73.9610616638717,40.674882580565516],[-73.96115808141099,40.674921860114175],[-73.96120485424981,40.674769438341926],[-73.9614247039314,40.67421851735282],[-73.9614562315743,40.674154824928294],[-73.96130726156613,40.674033619305284],[-73.96113802547131,40.67387647157418],[-73.9609826517748,40.67371123279912],[-73.96084180575922,40.67353861061486],[-73.96071609047823,40.67335934427008],[-73.96060604417532,40.67317420146076],[-73.96059668910947,40.67315525089242],[-73.96039544259668,40.67326494579497],[-73.9601687182655,40.673372181145695],[-73.95993326705748,40.67346789634135],[-73.95969009729947,40.6735516814647],[-73.95944025038689,40.67362317768985],[-73.95918479632249,40.673682078819326],[-73.95892482913233,40.67372813259601],[-73.95866146217884,40.673761141784055],[-73.95839582339067,40.67378096501377],[-73.95812905043026,40.673787517387304],[-73.95786228581935,40.67378077084254],[-73.95759667204399,40.673760754273225],[-73.9573333466594,40.67372755340516],[-73.95707343741613,40.67368131042897],[-73.95681805742834,40.673622223390836],[-73.95656830040471,40.67355054534398],[-73.9563252359629,40.6734665832646],[-73.9560899050471,40.67337069673641],[-73.9558633154688,40.673263296410376],[-73.95564643758972,40.673144842245144],[-73.95544020016528,40.673015841536646],[-73.95524548636672,40.672876846744764],[-73.95506312999868,40.67272845312661],[-73.95489391192855,40.67257129618642],[-73.9547385567428,40.672406048953384],[-73.95459772964485,40.672233419098504],[-73.95447203360727,40.67205414590327],[-73.95436200679119,40.671868997092965],[-73.95426812024309,40.671678765548506],[-73.95419077587968,40.67148426591016],[-73.95413030476884,40.6712863310886],[-73.95408696571415,40.67108580869772],[-73.95406094414916,40.67088355742444],[-73.95405235134592,40.670680443351486],[-73.95406122394112,40.670477336248304],[-73.95408752378196,40.67027510584676],[-73.95413113809225,40.67007461811665],[-73.95419187995799,40.66987673155783],[-73.9542694891304,40.66968229352425],[-73.95436363314266,40.669492136595935],[-73.95447390873602,40.6693070750143],[-73.95459984358851,40.66912790119623],[-73.95474089833942,40.668955382341416],[-73.95489646890032,40.66879025714807],[-73.9550658890431,40.66863323265064],[-73.95524843325381,40.668484981193124],[-73.95544331983987,40.66834613755092],[-73.95564971427757,40.66821729621381],[-73.95586673278551,40.66809900884119],[-73.95609344610843,40.667991781900795],[-73.95632888349574,40.66789607450086],[-73.95657203685703,40.66781229642517],[-73.95682186507743,40.66774080637914],[-73.95705892161887,40.66768614767491],[-73.95695555400005,40.66763714995068],[-73.95644954497259,40.6673607608787],[-73.95596836366215,40.667059761799074],[-73.95551407072934,40.666735441957435],[-73.955088611582,40.66638919046818],[-73.9546938080439,40.66602249036021],[-73.95433135055426,40.66563691222106],[-73.95400279093195,40.66523410746569],[-73.95370953573526,40.66481580125957],[-73.95345284024525,40.6643837851264],[-73.95323380309881,40.66393990927169],[-73.95305336159392,40.66348607465583],[-73.95291228768707,40.66302422485007],[-73.95281118470011,40.6625563377108],[-73.95275048475,40.662084416907604],[-73.95273044691243,40.66161048334138],[-73.95275115612702,40.66113656648959],[-73.95281252284846,40.66066469571516],[-73.95291428344466,40.66019689157698],[-73.95305600134026,40.65973515717856],[-73.95323706890017,40.65928146959229],[-73.95345671004482,40.658837771395746],[-73.95371398358579,40.658405962356525],[-73.95400778726729,40.65798789130066],[-73.95433686249588,40.65758534820001],[-73.95469979973828,40.65720005651199],[-73.95503346529426,40.65689074994809],[-73.95492948955493,40.656629229315115],[-73.95482872335893,40.65629933799779],[-73.95475650447403,40.65596513385249],[-73.9547131417335,40.65562804804628],[-73.9546988203893,40.65528952406476],[-73.95471360132609,40.65495101153037],[-73.95475742080828,40.65461395999465],[-73.9548300907603,40.654279812731275],[-73.95493129957954,40.65395000055623],[-73.95506061347776,40.6536259357018],[-73.95521747834545,40.65330900577043],[-73.95540122213089,40.65300056779441],[-73.95545765465685,40.652920256726404],[-73.9554463293422,40.65290119404475],[-73.95525860398331,40.65252073180168],[-73.95510395435247,40.652131732930364],[-73.95498304215307,40.651735863317256],[-73.95489638457818,40.651334818243036],[-73.95484435210541,40.65093031512152],[-73.95482716692095,40.65052408614387],[-73.95484490197877,40.650117870860456],[-73.95489748069909,40.64971340873152],[-73.95498467730722,40.649312431678794],[-73.95510611781098,40.648916656669996],[-73.9552612816126,40.64852777836781],[-73.95544950374764,40.648147461874885],[-73.95566997774168,40.64777733560593],[-73.9559217590718,40.64741898431737],[-73.95620376921842,40.6470739423241],[-73.95651480028974,40.64674368693297],[-73.95685352019886,40.64642963212023],[-73.95721847837156,40.64613312248068],[-73.9576081119599,40.6458554274739],[-73.95802075253533,40.64559773599236],[-73.95845463323244,40.64536115127455],[-73.95890789631274,40.6451466861846],[-73.95937860111636,40.64495525887923],[-73.95984429678265,40.644794733107375],[-73.95982644671223,40.64473629968159],[-73.95977588465489,40.64450235867665],[-73.95974551815483,40.64426639963435],[-73.95973547703345,40.64402943298345],[-73.95974580407214,40.64379247345683],[-73.95977645483272,40.643556535746164],[-73.95982729785146,40.64332263015682],[-73.9598981152056,40.64309175828213],[-73.95998860345011,40.64286490871455],[-73.96009837492038,40.642643052813206],[-73.96022695939534,40.64242714054509],[-73.96027521640532,40.642358444286195],[-73.96023378370025,40.64229933381821],[-73.96012378996063,40.64211418988363],[-73.96002992885256,40.64192396238947],[-73.9599526021839,40.6417294659587],[-73.95989214094689,40.6415315334883],[-73.95984880390297,40.64133101258207],[-73.95982277647722,40.6411287619206],[-73.95981416996692,40.64092564758399],[-73.9598230210676,40.640722539342846],[-73.95984929171867,40.64052030693391],[-73.95989286926903,40.64031981633555],[-73.95995356696227,40.64012192605993],[-73.9600311247388,40.6399274834769],[-73.96012521035209,40.639737321186026],[-73.96021448696797,40.639587406067335],[-73.95993563739725,40.63949104385474],[-73.95956321192851,40.6393392343954],[-73.95920461955157,40.639169193838185],[-73.95886139599018,40.63898165045834],[-73.95853501110827,40.63877740748824],[-73.95822686261344,40.63855733967576],[-73.9579382700706,40.638322389535574],[-73.95767046925081,40.63807356331084],[-73.95742460684006,40.63781192666161],[-73.95720173553028,40.637538600099056],[-73.95700280951375,40.6372547541847],[-73.95682868040022,40.63696160451574],[-73.95668009357384,40.63666040651739],[-73.95655768500592,40.636352450065154],[-73.95646197853675,40.636039053959514],[-73.95639338363806,40.63572156027733],[-73.95635219366574,40.635401328623665],[-73.95633858461015,40.63507973030887],[-73.95635261434917,40.6347581424761],[-73.95639422240718,40.634437942203796],[-73.95646323022082,40.63412050060911],[-73.95655934191036,40.63380717697703],[-73.95668214555315,40.633499312940614],[-73.95683111495356,40.63319822673697],[-73.95700561190209,40.63290520756385],[-73.95720488891325,40.63262151006086],[-73.95742809243097,40.63234834893872],[-73.95767426648743,40.63208689377984],[-73.95794235679966,40.63183826403252],[-73.95823121528633,40.63160352421945],[-73.95853960498538,40.63138367938202],[-73.95886620535123,40.631179670779],[-73.9592096179092,40.6309923718586],[-73.95956837224259,40.63082258452074],[-73.95994093228708,40.63067103568562],[-73.9603257029053,40.63053837418321],[-73.96041717454547,40.63051218088582],[-73.96039757730658,40.63050147158023],[-73.96029451979275,40.63043697521839],[-73.96019721985115,40.63036748163562],[-73.96010609413766,40.63029328842918],[-73.9600215328639,40.63021471332072],[-73.95994389812647,40.63013209279573],[-73.95987352235638,40.6300457806622],[-73.95981070689585,40.62995614653543],[-73.95975572070822,40.629863574255005],[-73.9597087992265,40.629768460240975],[-73.95967014334576,40.62967121179604],[-73.95963991856331,40.62957224536131],[-73.95961825427061,40.62947198473293],[-73.9596052431998,40.629370859247075],[-73.95960094102726,40.62926930194156],[-73.95960536613586,40.629167747701324],[-73.95961849953689,40.62906663139623],[-73.95964028495212,40.62896638601884],[-73.95967062905535,40.62886744083041],[-73.95970940187289,40.62877021952279],[-73.95975643734046,40.628675138404155],[-73.9598115340151,40.6285826046165],[-73.95987445593819,40.628493014392376],[-73.95994493364631,40.628406751358426],[-73.96002266532557,40.628324184892634],[-73.96010731810419,40.62824566854308],[-73.96019852947829,40.628171538514046],[-73.96029590886415,40.628102112226664],[-73.96039903927097,40.62803768695998],[-73.96050747908627,40.627978538578084],[-73.960620763967,40.62792492034919],[-73.96073840882748,40.62787706186133],[-73.9608599099165,40.62783516803933],[-73.960984746974,40.627799418267735],[-73.96111238545848,40.62776996562262],[-73.96124227883544,40.62774693621634],[-73.9613738709172,40.62773042865776],[-73.96150659824393,40.62772051362994],[-73.9616398924959,40.62771723358763],[-73.9617731829263,40.627720602575494],[-73.96190589880479,40.627730606167994],[-73.96203747186058,40.6277472015312],[-73.96216733871533,40.627770317606014],[-73.96229494329488,40.62779985541258],[-73.96241973920988,40.62783568847382],[-73.96254119209497,40.62787766335699],[-73.96265878189644,40.62792560033051],[-73.96277200509878,40.62797929413344],[-73.96288037688043,40.62803851485417],[-73.96298343318954,40.6281030089147],[-73.96308073273089,40.62817250015636],[-73.96317185885547,40.62824669102201],[-73.96325642134461,40.62832526382995],[-73.96333405808096,40.62840788213412],[-73.96340443659923,40.62849419216451],[-73.96346725551024,40.62858382434184],[-73.9635222457916,40.628676394859795],[-73.96356917194024,40.62877150732859],[-73.96360783298124,40.628868754471874],[-73.963638063329,40.62896771987085],[-73.96365973349684,40.62906797974709],[-73.96367275065211,40.62916910477727],[-73.96367705901429,40.6292706619314],[-73.96367264009463,40.62937221632712],[-73.96365951277593,40.6294733330919],[-73.96363773323236,40.62957357922533],[-73.96360739468962,40.62967252545318],[-73.96356862702632,40.62976974806587],[-73.96352159621851,40.62986483073289],[-73.96346650362942,40.62995736628569],[-73.96340358514777,40.63004695846155],[-73.9633331101781,40.63013322360045],[-73.96328824863585,40.63018087799215],[-73.9636381266213,40.63020724442486],[-73.96405479168146,40.630259789600274],[-73.96446605472543,40.63033298276501],[-73.96487015501937,40.630426510561506],[-73.96526536247532,40.63053997257336],[-73.965649985054,40.630672883038315],[-73.96602237600531,40.63082467292691],[-73.96638094091539,40.63099469237709],[-73.96672414453045,40.63118221347475],[-73.96705051732786,40.631386433368746],[-73.96735866180677,40.63160647770611],[-73.96764725847099,40.63184140437377],[-73.96791507147896,40.63209020753023],[-73.9681609539361,40.632351821910106],[-73.96838385280756,40.6326251273833],[-73.96858281342939,40.6329089537491],[-73.96875698359977,40.63320208574483],[-73.96890561723207,40.633503268247615],[-73.96902807755407,40.633811211647135],[-73.96912383984001,40.634124597366224],[-73.96919249366309,40.63444208350572],[-73.9692337446592,40.63476231058966],[-73.96924741579387,40.63508390738581],[-73.96923344812701,40.635405496777075],[-73.96919190107218,40.63572570165834],[-73.96912295214895,40.63604315083356],[-73.96902689622942,40.63635648488804],[-73.96890414428204,40.63666436201042],[-73.96875522161784,40.63696546373965],[-73.96858076564668,40.637258500612354],[-73.96838152315296,40.6375422176861],[-73.96815834710209,40.637815399915304],[-73.96791219299196,40.638076877356355],[-73.96764411476424,40.63832553017976],[-73.96735526029349,40.63856029346796],[-73.96704686647305,40.63878016177792],[-73.96692649097187,40.63885535943103],[-73.96695713717672,40.638880304026145],[-73.96712629821907,40.63903744383012],[-73.96728160639299,40.639202674967315],[-73.96742239659372,40.639375289949534],[-73.96754806586556,40.63955454966691],[-73.96765807598482,40.63973968655184],[-73.96775195576626,40.63992990786497],[-73.96782930308248,40.64012439908909],[-73.96788978658797,40.64032232741628],[-73.96793314714029,40.64052284531366],[-73.96795919891208,40.640725094152124],[-73.96796783018952,40.64092820788279],[-73.96795900385331,40.64113131674532],[-73.96793275754031,40.64133355099245],[-73.96789611706276,40.64150221922763],[-73.96806928664806,40.64164316215843],[-73.96826665250214,40.64182648994073],[-73.96844785631447,40.642019257723916],[-73.96861212207271,40.64222064012431],[-73.96875874626971,40.642429774864986],[-73.96888710091766,40.642645766466956],[-73.96899663623921,40.64286769008253],[-73.96908688302436,40.643094595454755],[-73.96915745464221,40.643325510985385],[-73.9692080486999,40.64355944789488],[-73.96923844834063,40.643795404455744],[-73.96924852317596,40.64403237028167],[-73.96923822984762,40.64426933065391],[-73.969207612217,40.64450527086634],[-73.96915680118103,40.64473918057074],[-73.96908601411515,40.644970058103425],[-73.96899555394619,40.64519691477509],[-73.9688858078584,40.64541877910508],[-73.96875724563849,40.64563470098217],[-73.96861041766688,40.645843755734134],[-73.96851074655955,40.64596574550545],[-73.96875039525997,40.646136834192916],[-73.96911502433083,40.6464335786604],[-73.96945339567668,40.64674785140449],[-73.96976406021481,40.64707830689704],[-73.97004568742689,40.647423530304856],[-73.9702970710599,40.647782043544055],[-73.9705171342964,40.648152311605955],[-73.97070493437158,40.64853274912677],[-73.97085966661761,40.64892172717319],[-73.97098066791747,40.649317580215076],[-73.97106741955363,40.649718613255274],[-73.97111954943901,40.65012310908591],[-73.9711368337207,40.650529335640556],[-73.97111919774912,40.650935553410314],[-73.97106671640867,40.65134002289234],[-73.97097961380784,40.651741012039146],[-73.97085826233031,40.65213680367606],[-73.97070318105061,40.6525257028559],[-73.97051503352118,40.6529060441188],[-73.97029462493995,40.65327619862617],[-73.97004289871057,40.65363458113852],[-73.96976093240987,40.65397965680662],[-73.96944993317943,40.65430994774745],[-73.96911123256129,40.65462403937654],[-73.96874628079966,40.65492058646913],[-73.96835664063276,40.65519831892478],[-73.96828890786517,40.6552406219036],[-73.96829118007426,40.65529407436822],[-73.96827646795703,40.655632588630056],[-73.96823271610896,40.65596964527282],[-73.96822947845189,40.655984546336974],[-73.96852261140474,40.65616789220404],[-73.96897689561078,40.65649216107095],[-73.9694023637175,40.65683836159125],[-73.96979719374792,40.65720501160809],[-73.9701596948095,40.65759054139106],[-73.97048831433781,40.65799330035258],[-73.97078164474964,40.65841156411067],[-73.97103842947686,40.65884354186798],[-73.97125756835578,40.659287384075604],[-73.97143812234776,40.65974119034888],[-73.9715793175716,40.660203017601496],[-73.97168054862965,40.66067088836295],[-73.97174138121368,40.66114279924388],[-73.97176155397857,40.661616729513156],[-73.97174097967603,40.66209064974976],[-73.97167974554303,40.6625625305328],[-73.971578112943,40.6630303511322],[-73.97143651626129,40.66349210816275],[-73.97125556105895,40.66394582416485],[-73.9710360214931,40.66438955607467],[-73.97077883701412,40.66482140354784],[-73.97048510835391,40.665239517100645],[-73.97015609282228,40.665642106034085],[-73.96979319893109,40.666027446106625],[-73.96939798036938,40.666393886922506],[-73.96897212935504,40.66673985900449],[-73.96851746939132,40.66706388052005],[-73.96803594745931,40.66736456363234],[-73.96752962567963,40.66764062044879],[-73.96700067247929,40.667890868541555],[-73.9664513533013,40.66811423601612],[-73.96588402089719,40.66830976610633],[-73.96530110524385,40.668476621276156],[-73.96470510312824,40.66861408681032],[-73.96409856744457,40.66872157387844],[-73.96348409625007,40.66879862205974],[-73.96286432162645,40.66884490131698],[-73.96224189839472,40.66886021341168],[-73.96161949273241,40.66884449275388],[-73.96140122456596,40.66882805015144],[-73.961523267875,40.66895785066176],[-73.96166410598119,40.66913047210632],[-73.96178981583947,40.66930973750587],[-73.9618998590523,40.66949487926846],[-73.96190921397499,40.669513829739124],[-73.96211044668007,40.66940413213951],[-73.96233715440103,40.66929689291148],[-73.96257258743536,40.66920117274861],[-73.9628157377113,40.66911738148936],[-73.96306556412719,40.669045877895506],[-73.96332099700783,40.66898696811681],[-73.96358094268297,40.668940904380634],[-73.96384428816826,40.668907883912325],[-73.96410990592881,40.66888804809137],[-73.96437665870486,40.66888148184608],[-73.96464340437909,40.66888821329022],[-73.96490900086452,40.66890821360271],[-73.96517231099246,40.668941397150974],[-73.96543220737934,40.668987621857276],[-73.96568757725177,40.66904668980703],[-73.96593732720913,40.66911834809569],[-73.9661803879035,40.669202289911105],[-73.9664157186166,40.669298155846896],[-73.96664231171462,40.669405535440404],[-73.96664485151271,40.66940692234061],[-73.9672592220195,40.66915710658153],[-73.96794812907663,40.66891966861049],[-73.9686559515082,40.668717042100994],[-73.96937965927205,40.66855009441268],[-73.97011615440432,40.66841954017306],[-73.97086228426718,40.66832593822212],[-73.9716148550293,40.66826968922285],[-73.97237064532165,40.66825103394815],[-73.97312642001033,40.6682700522515],[-73.97369211360228,40.66831260841455],[-73.97354591173526,40.66801655832978],[-73.97341046845477,40.66767620646542],[-73.97330455047994,40.667329838034],[-73.97322861093002,40.66697893631971],[-73.97318297452775,40.666625003996735],[-73.97316783621659,40.666269556693464],[-73.97318326033425,40.66591411650179],[-73.97322918034547,40.665560205459016],[-73.97330539913527,40.66520933903048],[-73.97341158986121,40.66486301962083],[-73.97354729736091,40.66452273014131],[-73.97371194010852,40.664189927661226],[-73.97390481271195,40.663866037170365],[-73.97412508893972,40.663552445478864],[-73.97437182526437,40.66325049528123],[-73.97464396490766,40.662961479409255],[-73.97474472515069,40.66286804025829],[-73.97468851254997,40.66280826836531],[-73.97448896327853,40.6625637436756],[-73.97431084417643,40.66230980377695],[-73.97415491779925,40.66204753617941],[-73.9740218516367,40.66177806404383],[-73.97391221525807,40.661502541370865],[-73.97382647787721,40.66122214805795],[-73.97376500634795,40.66093808484564],[-73.97372806359805,40.660651568175005],[-73.97371580750841,40.66036382497789],[-73.97372829024255,40.66007608742269],[-73.97376545802847,40.65978958763783],[-73.97382715139454,40.659505552435746],[-73.97391310585765,40.659225198059865],[-73.974022953061,40.658949724977234],[-73.97415622235631,40.658680312738724],[-73.97431234282384,40.658418114929184],[-73.97449064572113,40.65816425422909],[-73.97469036735042,40.65791981760846],[-73.97491065233181,40.657685851674074],[-73.97515055726862,40.65746335818963],[-73.97540905478894,40.65725328978789],[-73.97568503794596,40.65705654589353],[-73.97597732495855,40.656873968873555],[-73.97628466427139,40.65670634043238],[-73.97660573991324,40.65655437826639],[-73.97693917713046,40.65641873299262],[-73.9772835482714,40.656299985364576],[-73.97763737889687,40.656198643787086],[-73.97799915409018,40.656115142140706],[-73.97836732494028,40.65604983792533],[-73.9787403151698,40.65600301073021],[-73.97911652788001,40.65597486103789],[-73.97949435238384,40.6559655093661],[-73.9798721710977,40.65597499575233],[-73.98024836646276,40.65600327958237],[-73.9806213278662,40.65605023976415],[-73.98098945853259,40.65611567524578],[-73.98135118235653,40.65619930587601],[-73.98170495064674,40.65630077360274],[-73.98204924875333,40.65641964400524],[-73.98238260254956,40.65655540815307],[-73.9827035847408,40.65670748478372],[-73.98301082097326,40.656875222790106],[-73.98330299571687,40.657057904006614],[-73.98357885789676,40.657254746282725],[-73.98383722624952,40.65746490683017],[-73.9840769943812,40.65768748582966],[-73.98429713550537,40.6579215302822],[-73.98449670684109,40.65816603808786],[-73.98467485365181,40.65841996233497],[-73.98483081290787,40.65868221578135],[-73.98496391655695,40.6589516755082],[-73.98507359438841,40.65922718772719],[-73.98515937647909,40.659507572719825],[-73.98522089521018,40.65979162988782],[-73.98525788684627,40.66007814289359],[-73.98527019267,40.66036588486797],[-73.98525775966692,40.660653623663485],[-73.98522064075807,40.66094012713052],[-73.98515899457884,40.66122416839361],[-73.9850730848049,40.66150453110559],[-73.98496327902845,40.66178001465684],[-73.9848300471889,40.66204943931735],[-73.9848202154857,40.66206595568639],[-73.98501177736513,40.66218571482982],[-73.98535258095451,40.66242886763153],[-73.98558885714,40.66262103534471],[-73.98580879106161,40.66230782464],[-73.98609070954389,40.66196270996818],[-73.9864016620521,40.66163237432994],[-73.98674031683531,40.66131823204526],[-73.98710522359764,40.66102162808354],[-73.9874948197109,40.66074383230829],[-73.98790743690657,40.66048603404354],[-73.98834130841898,40.66024933698493],[-73.98879457654868,40.66003475447774],[-73.9892653006139,40.65984320518133],[-73.98975146525599,40.65967550913914],[-73.99025098906355,40.65953238427043],[-73.99076173347801,40.659414443299184],[-73.99108734331904,40.65935665318911],[-73.99109173250693,40.659336420543255],[-73.99119782154425,40.658990084484586],[-73.99133342636483,40.65864977379657],[-73.99149796588254,40.658316945639385],[-73.99169073514724,40.65799302511283],[-73.99191090836983,40.65767939915567],[-73.9921575424639,40.65737741060922],[-73.99242958108876,40.65708835246949],[-73.99272585917656,40.65681346235329],[-73.993045107924,40.65655391720152],[-73.99338596022713,40.656310828242546],[-73.99374695653606,40.656085236236656],[-73.99412655110442,40.655878107022744],[-73.99452311860682,40.655690327385386],[-73.9949349610961,40.65552270126056],[-73.99536031527055,40.655375946295855],[-73.99579736001989,40.655250690780015],[-73.99624422421813,40.65514747095484],[-73.9966989947297,40.655066728721174],[-73.99709812741686,40.655016553325225],[-73.99710648033846,40.65482242595805],[-73.99714790530278,40.654502211689454],[-73.99721673994723,40.654184746380096],[-73.99731268913321,40.65387138941663],[-73.99743534163356,40.65356348257498],[-73.99758417189949,40.65326234427565],[-73.99775854231687,40.65296926393966],[-73.9979577059416,40.65268549646856],[-73.99818080970266,40.65241225687279],[-73.99842689805901,40.6521507150709],[-73.99869491709421,40.65190199088225],[-73.99898371903177,40.651667149233994],[-73.99929206715134,40.65144719560359],[-73.99961864108509,40.65124307171574],[-73.99996204247118,40.65105565151227],[-74.0003208009405,40.65088573741243],[-74.00069338041075,40.65073405687918],[-74.00107818566121,40.65060125930643],[-74.00147356915997,40.6504879132403],[-74.00187783811424,40.65039450394661],[-74.00228926171421,40.65032143133444],[-74.00270607853889,40.65026900824526],[-74.0031265040926,40.65023745911426],[-74.0035487384401,40.650226919010166],[-74.00397097390739,40.650237433057534],[-74.00439140281568,40.65026895624338],[-74.00480822521538,40.65032135361004],[-74.00521965658699,40.65039440083242],[-74.00562393547622,40.6504877851778],[-74.00601933103074,40.65060110684387],[-74.00640415040627,40.65073388066934],[-74.00677674601036,40.65088553820968],[-74.0068886602711,40.650938533339925],[-74.00677143641748,40.650829760274505],[-74.00661600339359,40.65066458270352],[-74.00647508798038,40.65049201594256],[-74.00634929352883,40.650312799003],[-74.00623915862167,40.65012769936926],[-74.0061451547685,40.649937509711705],[-74.00606768438855,40.64974304449133],[-74.00600707908947,40.6495451364715],[-74.00596359824966,40.64934463315137],[-74.00593742791,40.64914239313628],[-74.00592867997969,40.64893928246078],[-74.00593739175986,40.64873617087993],[-74.00596352578641,40.648533928144765],[-74.0060069699933,40.648333420277986],[-74.00606753819494,40.64813550586575],[-74.0061449708862,40.64794103238132],[-74.00623893635601,40.64775083255659],[-74.00634903211008,40.64756572081675],[-74.0064747865965,40.64738648979347],[-74.00661566122679,40.647213906931405],[-74.00677105268369,40.64704871120295],[-74.00694029550593,40.64689160994459],[-74.00712266493869,40.646743275828996],[-74.00731738003763,40.6466043439856],[-74.00752360701318,40.64647540928179],[-74.00774046280084,40.64635702377676],[-74.00796701884197,40.646249694358424],[-74.00820230505919,40.64615388057385],[-74.00844531400924,40.64606999266234],[-74.00869500519546,40.645998389799544],[-74.00895030952154,40.64593937856019],[-74.0092101338675,40.6458932116061],[-74.00947336576837,40.645860086604564],[-74.00973887817553,40.645840145382586],[-74.0100055342802,40.645833473319804],[-74.01027219237886,40.64584009898304],[-74.0105377107595,40.64585999400411],[-74.01080095258777,40.64589307320123],[-74.01106079077255,40.6459391949435],[-74.01121793740157,40.64597548815624],[-74.01120909923415,40.64596063544244],[-74.01113859007233,40.645817996186864],[-74.01108047991727,40.64567214973222],[-74.01103501753111,40.645523720634216],[-74.01100239751048,40.64537334450405],[-74.01098275945449,40.645221665286286],[-74.0109761873685,40.6450693325012],[-74.01098270930581,40.64491699846342],[-74.01100229724914,40.64476531548848],[-74.01103486723204,40.64461493309953],[-74.01108027970008,40.64446649524622],[-74.01113834010972,40.64432063754726],[-74.01120879976294,40.64417798456887],[-74.01129135687331,40.644039147150714],[-74.01138565785959,40.643904719790505]],[[-73.92730629922367,40.861308486901144],[-73.92727180853707,40.861350519082976],[-73.92727552809576,40.86135042898414],[-73.92763221325818,40.861359518543836],[-73.92772479440488,40.86136649996112],[-73.92756474723187,40.861097732016084],[-73.9274988565372,40.86096448412984],[-73.92747206544487,40.861031337454634],[-73.92742481949513,40.86112640222392],[-73.92736948511342,40.8612189174313],[-73.92730629922367,40.861308486901144]]],[[[-73.99491114217533,40.63114741951277],[-73.99493703939852,40.63111988949364],[-73.99496524450109,40.63109370882503],[-73.99499563670362,40.63106898961498],[-73.99502808586173,40.63104583771324],[-73.99506245302345,40.63102435225816],[-73.99509859102416,40.631004625252125],[-73.99513634511683,40.63098674116761],[-73.99517555363458,40.63097077658553],[-73.995216048683,40.63095679986724],[-73.99525765685895,40.630944870861974],[-73.9953001999932,40.630935040650485],[-73.99534349591316,40.63092735132625],[-73.99538735922305,40.630921835815464],[-73.9954316020976,40.63091851773582],[-73.99547603508638,40.630917411295506],[-73.9955204679249,40.63091852123237],[-73.99556471034937,40.630921842793626],[-73.99560857291127,40.63092736175614],[-73.99565186778852,40.63093505448741],[-73.99569440958982,40.63094488804673],[-73.99573601614829,40.630956820326205],[-73.9957765093016,40.63097080023109],[-73.99581571565476,40.630986767898555],[-73.99585346732259,40.631004654953955],[-73.99588960264863,40.63102438480371],[-73.99592396689728,40.63104587296312],[-73.9959564129164,40.631069027418256],[-73.99598680176746,40.63109374901984],[-73.99601500332042,40.631119931907854],[-73.99604089681107,40.6311474639648],[-73.99606437135807,40.63117622729575],[-73.99608532643785,40.63120609873321],[-73.9961036723151,40.631236950364475],[-73.996119330427,40.63126865007941],[-73.99613223371986,40.631301062136075],[-73.99614232693605,40.631334047741966],[-73.99614956685095,40.63136746564838],[-73.9961539224579,40.6314011727553],[-73.99615537510125,40.631435024724],[-73.9961539185561,40.631468876595285],[-73.99614955905521,40.63150258341015],[-73.99614231526228,40.63153600083047],[-73.99613221819217,40.631568985757234],[-73.99611931107812,40.63160139694314],[-73.9961036491867,40.6316330955976],[-73.99608529958118,40.63166394598102],[-73.99606434083452,40.63169381598605],[-73.99604086269281,40.63172257770335],[-73.9960149656911,40.63175010796933],[-73.99598676072291,40.63177628889361],[-73.99595636856539,40.63180100836376],[-73.99592391936213,40.631824160525596],[-73.99588955206589,40.63184564623629],[-73.99585341384356,40.631865373489156],[-73.995815659446,40.631883257807445],[-73.99577645054526,40.63189922260626],[-73.99573595504238,40.63191319952049],[-73.99569434634817,40.63192512869759],[-73.99565180264084,40.6319349590539],[-73.9956085061027,40.63194264849337],[-73.99556464214015,40.63194816408793],[-73.9955203985896,40.631951482218405],[-73.99547596491308,40.63195258867575],[-73.99543153138681,40.63195147872178],[-73.99538728828637,40.63194815710966],[-73.99534342507187,40.63194263806334],[-73.9953001295765,40.63193494521674],[-73.99525758720219,40.631925111512594],[-73.99521598012556,40.631913179061236],[-73.9951754865179,40.63189919896034],[-73.99513627978189,40.631883231076166],[-73.99509852780928,40.63186534378694],[-73.99506239226176,40.631845613690366],[-73.99502802787873,40.631824125275294],[-73.9949955818146,40.631800970560064],[-73.9949651930087,40.63177624869836],[-73.99493699159025,40.63175006555468],[-73.99491109832121,40.631722533250944],[-73.99488762407911,40.63169376968624],[-73.99486666938229,40.63166389803203],[-73.99484832395954,40.63163304620481],[-73.99483266636585,40.63160134631803],[-73.99481976364612,40.631568934116586],[-73.99480967104809,40.63153594839545],[-73.99480243178587,40.631502530405264],[-73.99479807685489,40.631468823247516],[-73.9947966248993,40.631434971261776],[-73.99479808213218,40.63140111940757],[-73.99480244230904,40.63136741264359],[-73.99480968675459,40.631333995307074],[-73.99481978444281,40.63130101049563],[-73.99483269212988,40.63126859945455],[-73.99484835453944,40.63123690097198],[-73.99486670459933,40.63120605078457],[-73.99488766372885,40.631176180996285],[-73.99491114217533,40.63114741951277]]],[[[-73.99332006817423,40.63561293840674],[-73.99337876984397,40.635541035523545],[-73.9934435187049,40.63547221136011],[-73.99351403748354,40.63540676062221],[-73.99359002420225,40.635344963569665],[-73.99367115347246,40.63528708481655],[-73.993757077888,40.635233372198115],[-73.9938474295127,40.63518405570978],[-73.99394182145595,40.63513934652245],[-73.99403984952914,40.63509943607836],[-73.9941410939764,40.63506449527145],[-73.99424512127166,40.63503467371579],[-73.99435148597487,40.63501009910496],[-73.99445973263902,40.634990876665405],[-73.99456939776005,40.63497708870595],[-73.99468001176123,40.63496879426536],[-73.99479110100354,40.634966028859736],[-73.99490218981337,40.63496880433024],[-73.99501280251894,40.63497710879261],[-73.99512246548679,40.63499090668784],[-73.99523070914938,40.635010138934625],[-73.99533707001554,40.63503472318213],[-73.99544109265467,40.63506455416265],[-73.99554233164665,40.635099504142254],[-73.99564035348877,40.635139423467606],[-73.99573473845182,40.635184141206715],[-73.99582508237708,40.635233465880724],[-73.99591099840694,40.63528718628371],[-73.99599211864111,40.63534507238689],[-73.9960680957121,40.63540687632355],[-73.99613860427263,40.63547233345012],[-73.99620334238882,40.63554116347943],[-73.99626203283324,40.63561307168059],[-73.99631442427217,40.635687750141024],[-73.99636029234208,40.63576487908479],[-73.99639944061062,40.63584412824176],[-73.9964317014181,40.63592515826176],[-73.99645693659586,40.63600762216763],[-73.99647503805816,40.63609116684088],[-73.99648592826563,40.636175434533726],[-73.9964895605576,40.63626006440102],[-73.99648591935251,40.63634469404537],[-73.99647502021493,40.63642896106896],[-73.99645690978954,40.636512504625436],[-73.99643166560185,40.63659496696504],[-73.99639939572651,40.63667599496681],[-73.99636023832514,40.6367552416506],[-73.99631436105493,40.63683236766303],[-73.9962619603512,40.63690704273081],[-73.99620326058648,40.63697894707517],[-73.99613851310991,40.637047772781294],[-73.99606799517129,40.637113225117005],[-73.99599200873382,40.63717502379516],[-73.99591087918132,40.63723290417389],[-73.99582495392478,40.63728661839007],[-73.99573460091476,40.637335936420975],[-73.99564020706558,40.63738064706929],[-73.99554217659842,40.637420558867824],[-73.99544092931015,40.63745550089943],[-73.99533689877543,40.637485323529056],[-73.99523053048978,40.63750989904482],[-73.99512227996146,40.637529122204725],[-73.99501261076067,40.63754291068767],[-73.99490199253391,40.637551205445845],[-73.99479089899255,40.637553970957846],[-73.99467980588373,40.63755119538059],[-73.9945691889528,40.63754289060023],[-73.99445952190551,40.63752909218116],[-73.99435127437921,40.637509859213665],[-73.99424490993115,40.63748527406092],[-73.99414088405325,40.63745544200612],[-73.99403964222104,40.637420490801574],[-73.99394161798583,40.63738057012158],[-73.99384723111774,40.6373358509213],[-73.99375688580811,40.637286524704585],[-73.99367096893828,40.63723280270379],[-73.99358984842284,40.63717491497499],[-73.99351387163412,40.63711310941276],[-73.9934433639146,40.63704765068842],[-73.99337862718373,40.63697881911655],[-73.99331993864526,40.63690690945439],[-73.99326754960028,40.636832229639516],[-73.99322168437139,40.63675509947107],[-73.9931825393423,40.63667584924012],[-73.99315028211727,40.636594818315196],[-73.99312505080368,40.63651235368898],[-73.99310695342115,40.63642880849227],[-73.99309606743924,40.636344540481794],[-73.99309243944631,40.63625991050814],[-73.99309608495041,40.636175280970534],[-73.99310698831336,40.636091014264935],[-73.99312510281817,40.63600747123233],[-73.99315035086958,40.63592500961339],[-73.9931826243268,40.63584398251685],[-73.99322178496696,40.63576473690736],[-73.9932676650774,40.635687612119874],[-73.99332006817423,40.63561293840674]]],[[[-73.99232675575345,40.63990743699889],[-73.99241741157202,40.63981108403513],[-73.99251614565188,40.63971945391432],[-73.99262253518795,40.63963293899061],[-73.99273612460037,40.639551909713745],[-73.99285642748542,40.6394767130431],[-73.99298292869825,40.63940767096229],[-73.99311508655866,40.639345079100714],[-73.99325233517035,40.63928920546793],[-73.99339408684381,40.63924028930642],[-73.99353973461234,40.639198540067305],[-73.99368865483054,40.63916413651371],[-73.99384020984422,40.63913722595557],[-73.99399375072015,40.63911792361899],[-73.99414862002402,40.63910631215294],[-73.99430415463478,40.6391024412755],[-73.99445968858343,40.639106327561024],[-73.99461455590378,40.6391179543692],[-73.99476809348327,40.63913727191624],[-73.99491964390175,40.63916419748803],[-73.99506855824562,40.63919861579419],[-73.99521419888582,40.63924037946164],[-73.9953559422075,40.63928930966545],[-73.99549318127971,40.63934519689435],[-73.99562532845376,40.6394078018477],[-73.99575181787908,40.639476856459844],[-73.99587210792599,40.63955206504771],[-73.99598568350459,40.639633105576685],[-73.99609205827035,40.6397196310392],[-73.99619077670663,40.63981127094037],[-73.99628141607539,40.639907632884196],[-73.99636358822748,40.64000830425341],[-73.9964369412652,40.64011285397608],[-73.9965011610495,40.64022083437131],[-73.99655597254564,40.64033178306588],[-73.99660114100169,40.64044522497393],[-73.99663647295434,40.64056067433114],[-73.99666181705813,40.64067763677474],[-73.99667706473446,40.64079561146016],[-73.99668215063728,40.64091409320566],[-73.99667705293396,40.64103257465558],[-73.99666179339957,40.6411505484528],[-73.99663643732465,40.64126750941141],[-73.9966010932365,40.641382956680054],[-73.99655591243538,40.64149639588673],[-73.99650108834737,40.641607341256],[-73.99643685569689,40.641715317689204],[-73.9963634895023,40.6418198627993],[-73.99628130389883,40.64192052889107],[-73.99619065079388,40.64201688487843],[-73.99609191836056,40.64210851813094],[-73.99598552937574,40.64219503624076],[-73.99587193940987,40.642276068703694],[-73.99575163487613,40.642351268505834],[-73.9956251309476,40.64242031361],[-73.99549296935093,40.64248290833506],[-73.99535571604636,40.642538784622424],[-73.99521395880367,40.64258770318424],[-73.99506830468489,40.642629454528304],[-73.99491937744403,40.64266385985543],[-73.99476781485548,40.64269077182541],[-73.99461426598204,40.64271007518794],[-73.99445938839492,40.64272168727649],[-73.99430384535682,40.642725558362365],[-73.99414830298099,40.64272167186758],[-73.9939934273778,40.64271004443608],[-73.99383988180152,40.64269072586231],[-73.99368832380912,40.642663798877955],[-73.99353940244383,40.64262937879755],[-73.9933937554548,40.64258761302453],[-73.99325200656557,40.64253868041988],[-73.99311476280229,40.642482790535915],[-73.99298261189396,40.642420182718716],[-73.99285611975499,40.642351125082975],[-73.99273582806157,40.64227591336343],[-73.9926222519317,40.64219486964833],[-73.9925158777194,40.64210834099974],[-73.9924171609318,40.64201669796706],[-73.99232652427875,40.64192033299989],[-73.99224435586292,40.641819658767226],[-73.99217100751808,40.64171510638993],[-73.99210679330302,40.64160712359441],[-73.99205198815713,40.6414961727949],[-73.99200682672374,40.6413827291133],[-73.99197150234598,40.64126727834426],[-73.99194616623967,40.64115031487472],[-73.9919309268466,40.641032339566806],[-73.9919258493711,40.64091385761287],[-73.99193095550162,40.64079537637221],[-73.99194622331886,40.64067740319832],[-73.99197158739057,40.640560443266416],[-73.99200693905262,40.640444997410356],[-73.99205212687515,40.64033155997791],[-73.99210695731199,40.64022061671422],[-73.99217119553005,40.640112642681856],[-73.99224456641569,40.64000810022682],[-73.99232675575345,40.63990743699889]]],[[[-73.99121667777246,40.644710244307774],[-73.99135914957168,40.644558833930816],[-73.99151431632768,40.64441484520602],[-73.99168151356653,40.64427889466568],[-73.99186002531525,40.644151564420355],[-73.99204908716789,40.64403339966728],[-73.99224788955871,40.64392490635646],[-73.99245558122838,40.64382654902504],[-73.99267127286845,40.64373874880885],[-73.99289404092858,40.64366188163986],[-73.99312293156994,40.643596276637076],[-73.99335696474824,40.643542214697845],[-73.99359513840874,40.64349992729558],[-73.99383643277523,40.64346959548912],[-73.99407981471488,40.64345134914766],[-73.99432424216005,40.64344526639493],[-73.99456866856838,40.643451373274964],[-73.99481204740196,40.643469643640444],[-73.99505333660646,40.64349999926476],[-73.99529150307112,40.6435423101767],[-73.99552552705052,40.64359639521682],[-73.99575440652931,40.64366202281279],[-73.99597716151098,40.64373891197051],[-73.99619283821269,40.643826733476835],[-73.996400513148,40.64392511130858],[-73.99659929708012,40.64403362424223],[-73.99678833882872,40.64415180765655],[-73.9969668289141,40.64427915552165],[-73.99713400302306,40.644415122564844],[-73.99728914528164,40.64455912660486],[-73.99743159132078,40.64471055104392],[-73.99756073112164,40.64486874750716],[-73.9976760116286,40.645033038618436],[-73.99777693911854,40.6452027209],[-73.9978630813162,40.64537706778431],[-73.99793406924691,40.64555533272454],[-73.9979895988182,40.64573675239101],[-73.99802943212393,40.64592054993917],[-73.9980533984651,40.64610593833595],[-73.99806139508296,40.64629212372967],[-73.99805338760122,40.64647830884915],[-73.99802941017568,40.646663696417846],[-73.99798956535012,40.646847492567844],[-73.99793402361954,40.64702891023954],[-73.99786302270215,40.647207172552285],[-73.99777686652354,40.64738151613134],[-73.9976759239171,40.647551194377435],[-73.99756062704635,40.64771548066418],[-73.99743146955589,40.647873671450505],[-73.99728900445874,40.64802508929374],[-73.99713384176931,40.64816908575158],[-73.99696664589196,40.64830504415949],[-73.99678813277635,40.64843238227223],[-73.99659906685184,40.648550554757975],[-73.99640025775382,40.64865905553441],[-73.9961925568564,40.648757419936636],[-73.99597685362589,40.64884522670788],[-73.99575407181098,40.648922099803976],[-73.99552516548584,40.648987710004526],[-73.99529111496311,40.64904177632322],[-73.99505292259428,40.64908406721174],[-73.9948116084757,40.649114401551564],[-73.99456820607816,40.64913264943021],[-73.99432375781929,40.64913873269755],[-73.99407931059761,40.649132625300844],[-73.99383591130719,40.6491143533962],[-73.99359460235233,40.64908399523657],[-73.99335641718174,40.649041680836554],[-73.99312237586089,40.64898759141526],[-73.9928934807019,40.64892195862],[-73.99267071196951,40.64884506353382],[-73.99245502368188,40.648757235471344],[-73.99224733952366,40.64865885056784],[-73.99204854888946,40.64855033016794],[-73.9918595030743,40.64843213902055],[-73.99168101162742,40.64830478328792],[-73.99151383888534,40.6481688083773],[-73.99135870069864,40.648024796604595],[-73.9912162613667,40.64787336469994],[-73.9910871307936,40.64771516116585],[-73.99097186187706,40.64755086349956],[-73.99087094814189,40.647381175290874],[-73.99078482162803,40.647206823208826],[-73.99071385104175,40.647028553889115],[-73.99065834017878,40.64684713073639],[-73.99061852662513,40.646663330654874],[-73.99059458074187,40.64647794072092],[-73.99058660493772,40.64629175481258],[-73.99059463323279,40.64610557020977],[-73.99061863111518,40.645920184180234],[-73.9906584956911,40.64573639056556],[-73.9907140561276,40.64555497638192],[-73.99078507438644,40.64537671845035],[-73.99087124624526,40.645202380070586],[-73.99097220260242,40.645032707752954],[-73.99108751105908,40.64486842802238],[-73.99121667777246,40.644710244307774]]],[[[-73.97704235908908,40.63554366652438],[-73.97709417166836,40.635488614556884],[-73.9771505995434,40.63543626199252],[-73.97721140107798,40.63538683300645],[-73.9772763159094,40.635340539254514],[-73.97734506606356,40.635297578967],[-73.97741735714524,40.63525813609987],[-73.97749287959859,40.635222379547216],[-73.97757131003272,40.635190462418095],[-73.97765231260627,40.635162521381005],[-73.97773554046547,40.635138676078704],[-73.97782063722917,40.63511902861605],[-73.97790723851466,40.635103663122784],[-73.97799497349779,40.63509264539332],[-73.97808346650066,40.63508602260518],[-73.97817233859999,40.6350838231168],[-73.97826120924944,40.63508605634631],[-73.97834969790891,40.63509271273116],[-73.9784374256737,40.63510376376897],[-73.97852401689681,40.6351191621396],[-73.97860910079719,40.63513884190789],[-73.9786923130472,40.63516271880576],[-73.97877329733251,40.63519069059305],[-73.97885170687763,40.63522263749532],[-73.97892720593067,40.63525842271659],[-73.97899947120091,40.635297893025054],[-73.97906819324302,40.63534087940911],[-73.97913307778215,40.635387197801045],[-73.97919384697387,40.63543664986505],[-73.97925024059398,40.63548902384647],[-73.97930201715295,40.635544095478444],[-73.97934895492983,40.6356016289421],[-73.97939085292208,40.63566137787632],[-73.97942753170624,40.63572308643256],[-73.9794588342064,40.63578649037034],[-73.97948462636721,40.63585131818865],[-73.97950479772794,40.635917292288546],[-73.97951926189585,40.63598413016176],[-73.97952795691643,40.636051545600374],[-73.9795308455389,40.6361192499225],[-73.97952791537611,40.63618695320822],[-73.97951917895779,40.63625436554122],[-73.97950467367731,40.63632119825025],[-73.97948446163174,40.636387165145265],[-73.97945862935632,40.63645198374287],[-73.9794272874541,40.63651537647621],[-73.97939057012265,40.63657707188346],[-73.97934863457954,40.63663680577036],[-73.9793016603894,40.63669432234165],[-73.97924984869512,40.636749375296624],[-73.97919342135663,40.63680172888366],[-73.97913262000102,40.63685115891014],[-73.97906770498788,40.63689745370242],[-73.97899895429445,40.63694041501243],[-73.9789266623252,40.63697985886668],[-73.9788511386511,40.637015616354184],[-73.97877270668398,40.637047534349925],[-73.9786917022914,40.637075476170565],[-73.97860847235827,40.637099322159926],[-73.97852337330123,40.637118970201406],[-73.97843676954221,40.63713433615533],[-73.9783490319477,40.63714535421943],[-73.97826053624028,40.63715197721047],[-73.97817166138951,40.63715417676652],[-73.97808278798878,40.637151943468275],[-73.97799429662531,40.637145286879544],[-73.97790656625001,40.63713423550612],[-73.9778199725546,40.637118836673864],[-73.9777348863624,40.63709915632589],[-73.97765167204028,40.637075278740205],[-73.97757068593802,40.63704730616868],[-73.97749227486219,40.63701535839921],[-73.97741677459086,40.636979572242616],[-73.97734450843565,40.6369401009467],[-73.97727578585695,40.63689711353994],[-73.97721090113886,40.6368507941076],[-73.97715013212886,40.636801341003256],[-73.977093739048,40.636748965999345],[-73.97704196337664,40.63669389338025],[-73.97699502682049,40.63663635898173],[-73.97695313036124,40.63657660918089],[-73.97691645339611,40.636514899841096],[-73.97688515296986,40.636451495216264],[-73.9768593631024,40.63638666681916],[-73.9768391942152,40.63632069225859],[-73.97682473265864,40.636253854050736],[-73.97681604034263,40.636186438409204],[-73.9768131544716,40.63611873401942],[-73.97681608738567,40.636051030802406],[-73.97682482650801,40.635983618673315],[-73.97683933439899,40.63591678629992],[-73.97685954891686,40.63585081986654],[-73.97688538348412,40.6357860018486],[-73.97691672745843,40.63572260980309],[-73.97695344660686,40.63566091518006],[-73.97699538368066,40.635601182160364],[-73.97704235908908,40.63554366652438]]],[[[-73.97741844345313,40.64289035250471],[-73.97752207931508,40.642780248295956],[-73.97763494663782,40.6426755428031],[-73.97775656209241,40.64257668436489],[-73.97788640489817,40.64248409628165],[-73.97802391905296,40.64239817500308],[-73.9781685157139,40.64231928843106],[-73.97831957571866,40.64224777434468],[-73.97847645223641,40.64218393895425],[-73.97863847353719,40.642128055590476],[-73.97880494586758,40.642080363534404],[-73.97897515642073,40.6420410669931],[-73.97914837638776,40.64201033422555],[-73.97932386407764,40.64198829682237],[-73.97950086809216,40.641975049142495],[-73.97967863054235,40.64197064790935],[-73.97985639029271,40.64197511196791],[-73.98003338621929,40.64198842220419],[-73.98020886046777,40.64201052162696],[-73.98038206169744,40.642041315611664],[-73.9805522482975,40.64208067230558],[-73.9807186915616,40.642128423192204],[-73.98088067880734,40.642184363812504],[-73.98103751642705,40.642248254640336],[-73.98118853285726,40.64231982210757],[-73.98133308145371,40.64239875977533],[-73.9814705432598,40.64248472964573],[-73.98160032965679,40.64257736360884],[-73.981721884884,40.64267626501846],[-73.98183468841859,40.64278101039031],[-73.9819382572047,40.64289115121484],[-73.98203214772212,40.64300621587745],[-73.98211595788592,40.643125711677556],[-73.98218932876877,40.643249126938066],[-73.98225194613862,40.64337593319598],[-73.98230354180507,40.64350558746505],[-73.9823438947687,40.64363753456065],[-73.98237283216845,40.64377120947687],[-73.98239023002293,40.643906039805806],[-73.98239601376245,40.64404144818847],[-73.98239015854955,40.64417685478713],[-73.98237268938652,40.644311679768194],[-73.98234368100964,40.64444534578514],[-73.9823032575702,40.64457728045099],[-73.98225159210416,40.64470691878934],[-73.98218890579211,40.64483370565412],[-73.98211546701334,40.64495709810684],[-73.98203159019731,40.64507656774198],[-73.98193763447813,40.64519160294992],[-73.98183400215734,40.64530171110828],[-73.98172113698176,40.64540642069168],[-73.98159952224358,40.64550528329138],[-73.9814696787112,40.645597875535856],[-73.98133216239921,40.6456838009042],[-73.98118756218742,40.64576269142457],[-73.98103649729889,40.64583420925032],[-73.980879614648,40.64589804810716],[-73.98071758606969,40.64595393460504],[-73.98055110544188,40.64600162940934],[-73.98038088571337,40.64604092826591],[-73.98020765585008,40.64607166287618],[-73.98003215771233,40.64609370161804],[-73.97985514287711,40.6461069501096],[-73.97967736941854,40.64611135161356],[-73.97949959866045,40.64610688728031],[-73.97932259191515,40.646093576228544],[-73.9791471072221,40.646071475463465],[-73.97897389610068,40.64604067963256],[-73.97880370033096,40.646001320620144],[-73.97863724877618,40.6459535669824],[-73.9784752542606,40.64589762322542],[-73.97831841051628,40.64583372892904],[-73.97816738921148,40.645762157720746],[-73.97802283707387,40.645683216103386],[-73.97788537312061,40.64559724214244],[-73.97775558600723,40.64550460401785],[-73.97763403150665,40.64540569844697],[-73.97752123012924,40.645300948985344],[-73.97741766489399,40.64519080421247],[-73.97732377926036,40.64507573581051],[-73.97723997522968,40.64495623654397],[-73.97716661162436,40.64483281814935],[-73.97710400255194,40.64470600914323],[-73.97705241606084,40.64457635255888],[-73.97701207299347,40.64444440362055],[-73.97698314604159,40.64431072736566],[-73.97696575900781,40.64417589622503],[-73.97695998627668,40.64404048757155],[-73.97696585249732,40.643905081247574],[-73.97698333247904,40.64377025708199],[-73.9770123513005,40.64363659240738],[-73.97705278463168,40.643504659587755],[-73.9771044592674,40.643375023567884],[-73.9771671538701,40.64324823945422],[-73.97724059991872,40.64312485013816],[-73.97732448285936,40.64300538397159],[-73.97741844345313,40.64289035250471]]],[[[-73.97238645291215,40.64905589835341],[-73.97254193339823,40.64889074892111],[-73.972711261478,40.648733698079184],[-73.97289371203165,40.648585418284426],[-73.9730885037676,40.648446544433604],[-73.97329480256825,40.648317671145826],[-73.9735117250616,40.64819935021727],[-73.97373834240355,40.64809208825937],[-73.97397368425432,40.64799634453028],[-73.97421674293253,40.64791252896942],[-73.97446647772864,40.647841000442604],[-73.97472181935971,40.64778206520631],[-73.97498167454611,40.6477359755969],[-73.97524493069086,40.64770292895054],[-73.97551046064153,40.64768306675874],[-73.9757771275143,40.64767647406275],[-73.97604378955955,40.6476831790896],[-73.97630930504833,40.647703153131296],[-73.97657253715873,40.64773631066774],[-73.97683235884112,40.647782509732565],[-73.97708765764199,40.64784155252102],[-73.97733734046498,40.647913186236224],[-73.9775803382496,40.64799710417132],[-73.97781561054693,40.648092947022114],[-73.97804214997325,40.64820030442484],[-73.97825898652232,40.6483187167126],[-73.97846519171787,40.64844767688284],[-73.97865988258857,40.648586632767284],[-73.97884222544857,40.64873498939558],[-73.97901143946727,40.64889211154191],[-73.97916680001309,40.649057326444186],[-73.9793076417571,40.64922992668374],[-73.97943336152287,40.64940917321383],[-73.97954342087048,40.64959429852333],[-73.97963734840393,40.6497845099225],[-73.97971474179127,40.649978992936504],[-73.97977526948976,40.65017691479269],[-73.97981867216764,40.65037742798585],[-73.97984476381717,40.65057967390705],[-73.9798534325537,40.65078278651988],[-73.9798446410975,40.650985896068896],[-73.97981842693602,40.65118813280384],[-73.97977490216616,40.65138863070418],[-73.97971425301691,40.65158653118777],[-73.97963673905444,40.651780986787685],[-73.97954269207307,40.651971164781784],[-73.97943251467673,40.65215625075898],[-73.97930667855701,40.65233545210738],[-73.97916572247507,40.652508001409295],[-73.97901024995613,40.652673159728145],[-73.97884092670627,40.6528302197736],[-73.97865847776264,40.65297850893145],[-73.97846368438925,40.65311739214466],[-73.97825738073178,40.65324627463395],[-73.97804045024527,40.65336460444571],[-73.97781382191064,40.65347187481652],[-73.97757846625571,40.65356762634421],[-73.97733539119807,40.65365144895603],[-73.97708563772751,40.65372298366547],[-73.9768302754465,40.65378192411027],[-73.97657039798803,40.65382801786493],[-73.97630711833011,40.65386106752239],[-73.97604156402751,40.65388093153959],[-73.97577487238071,40.653887524844066],[-73.97550818556324,40.65388081919837],[-73.97524264572787,40.653860843321084],[-73.97497939011316,40.65382768276373],[-73.9747195461708,40.653781479544335],[-73.97446422673526,40.65372243153875],[-73.97421452525593,40.65365079163312],[-73.97397151111255,40.65356686664023],[-73.97373622503389,40.653471015985026],[-73.9735096746395,40.65336365016482],[-73.97329283012327,40.6532452289905],[-73.97308662009783,40.653116259616745],[-73.97289192761711,40.65297729436923],[-73.97270958639453,40.65282892837854],[-73.97254037723269,40.6526717970307],[-73.97238502468001,40.652506573245226],[-73.97224419392869,40.652333964592785],[-73.9721184879671,40.652154710264035],[-73.97200844499889,40.65196957790358],[-73.97191453613989,40.65177936032181],[-73.97183716340247,40.6515848720993],[-73.97177665797606,40.65138694609786],[-73.97173327881137,40.65118642989357],[-73.97170721151377,40.650984182147],[-73.97169856755126,40.65078106892567],[-73.9717073837797,40.650577959995495],[-73.97173362228774,40.65037572509614],[-73.97177717056194,40.650175230216725],[-73.97183784197114,40.649977333887705],[-73.97191537656828,40.64978288350489],[-73.97200944220597,40.64959271170123],[-73.97211963596109,40.64940763278186],[-73.97224548586215,40.64922843923784],[-73.97238645291215,40.64905589835341]]],[[[-73.95386110759007,40.586766484590356],[-73.95387284784266,40.5867521079753],[-73.9538857963063,40.586738347528176],[-73.95389989753333,40.58672526217288],[-73.95391509113993,40.58671290794247],[-73.95393131206465,40.586701337739306],[-73.9539484908471,40.58669060110831],[-73.95396655392528,40.58668074402501],[-73.9539854239507,40.5866718086985],[-73.9540050201195,40.58666383339093],[-73.95402525851848,40.58665685225334],[-73.95404605248443,40.58665089517981],[-73.95406731297527,40.58664598767914],[-73.95408894895117,40.586642150765734],[-73.95411086776458,40.58663940086968],[-73.95413297555685,40.586637749766346],[-73.95415517766004,40.58663720452591],[-73.9541773790025,40.58663776748314],[-73.95419948451573,40.58663943622741],[-73.95422139954164,40.58664220361297],[-73.95424303023773,40.586646057789615],[-73.95426428397907,40.58665098225331],[-73.95428506975479,40.586656955916986],[-73.95430529855781,40.5866639532008],[-73.95432488376603,40.5866719441416],[-73.9543437415132,40.58668089452132],[-73.95436179104803,40.58669076601341],[-73.95437895508,40.586701516347055],[-73.9543951601103,40.58671309948805],[-73.95441033674658,40.586725465836054],[-73.95442442000007,40.58673856243685],[-73.9544373495639,40.58675233320922],[-73.95444907007135,40.586766719184986],[-73.95445953133292,40.58678165876158],[-73.95446868855123,40.58679708796577],[-73.95447650251299,40.58681294072767],[-73.95448293975676,40.58682914916357],[-73.95448797271634,40.5868456438667],[-73.95449157983886,40.586862354204406],[-73.95449374567701,40.58687920862059],[-73.95449446095527,40.5868961349421],[-73.95449372260958,40.58691306068792],[-73.95449153380058,40.586929913379315],[-73.95448790389997,40.58694662085044],[-73.95448284845054,40.58696311155716],[-73.95447638909945,40.5869793148836],[-73.95446855350579,40.58699516144436],[-73.95445937522189,40.587010583381755],[-73.95444889354987,40.587025514656396],[-73.95443715337322,40.58703989132992],[-73.95442420496472,40.5870536518388],[-73.95441010377108,40.587066737258056],[-73.95439491017557,40.587079091553484],[-73.9543786892394,40.58709066182171],[-73.95436151042323,40.587101398516616],[-73.95434344728955,40.58711125566162],[-73.95432457718786,40.58712019104653],[-73.95430498092333,40.58712816640828],[-73.95428474241075,40.58713514759482],[-73.95426394831529,40.587141104711286],[-73.95424268768129,40.58714601224811],[-73.95422105155097,40.5871498491903],[-73.95419913257454,40.587152599107206],[-73.9541770246135,40.58715425022319],[-73.95415482233857,40.58715479546783],[-73.95413262082442,40.58715423250627],[-73.95411051514246,40.587152563749214],[-73.95408859995366,40.58714979634262],[-73.95406696910331,40.5871459421371],[-73.954045715219,40.58714101763716],[-73.95402492931403,40.587135043930445],[-73.95400470039769,40.58712804659758],[-73.95398511509401,40.58712005560254],[-73.9539662572709,40.587111105164325],[-73.95394820768094,40.5871012336105],[-73.95393104361557,40.58709048321292],[-73.95391483857419,40.587078900006865],[-73.95389966194936,40.587066533593834],[-73.95388557872963,40.58705343692912],[-73.95387264922125,40.587039666095045],[-73.95386092879008,40.58702528006085],[-73.95385046762426,40.587010340430105],[-73.95384131051954,40.58699491117695],[-73.95383349668727,40.58697905837213],[-73.95382705958669,40.58696284990006],[-73.95382202678151,40.586946355168166],[-73.95381841982199,40.58692964480956],[-73.95381625415263,40.586912790380744],[-73.9538155390461,40.58689586405503],[-73.95381627756348,40.58687893831355],[-73.95381846654122,40.58686208563493],[-73.95382209660471,40.586845378184826],[-73.9538271522084,40.586828887507],[-73.95383361170245,40.58681268421683],[-73.95384144742538,40.5867968376991],[-73.9538506258226,40.586781415810734],[-73.95386110759007,40.586766484590356]]],[[[-73.95491153578742,40.607231139402884],[-73.95504105776209,40.607093533967856],[-73.95518211051312,40.60696267917668],[-73.95533409000953,40.606839135328656],[-73.95549634544469,40.60672343141581],[-73.95566818202325,40.60661606285831],[-73.95584886393624,40.60651748938387],[-73.9560376175116,40.606428133059644],[-73.95623363452647,40.60634837648565],[-73.95643607566734,40.60627856115707],[-73.95664407412309,40.606218986002425],[-73.95685673929546,40.606169906104206],[-73.95707316061144,40.60613153160679],[-73.95729241142082,40.60610402681729],[-73.95751355296258,40.606087509502025],[-73.957735638383,40.60608205038254],[-73.95795771678843,40.60608767283294],[-73.95817883731523,40.6061043527798],[-73.95839805319964,40.60613201880523],[-73.95861442583013,40.60617055245252],[-73.95882702876489,40.606219788733235],[-73.95903495169723,40.60627951683327],[-73.95923730435224,40.60634948101536],[-73.95943322029751,40.606429381713575],[-73.95962186065212,40.60651887681562],[-73.95980241767792,40.60661758312727],[-73.95997411823735,40.60672507801251],[-73.96013622710375,40.60684090120279],[-73.96028805010917,40.60696455676707],[-73.96042893711687,40.60709551523501],[-73.96055828480542,40.6072332158633],[-73.96067553925255,40.60737706903631],[-73.96078019830782,40.60752645879013],[-73.96087181374362,40.60768074544961],[-73.9609499931757,40.60783926836704],[-73.96101440174468,40.608001348750456],[-73.96106476355124,40.60816629256994],[-73.96110086283933,40.60833339352922],[-73.96112254492165,40.608501936089745],[-73.96112971684386,40.60867119853448],[-73.96112234778445,40.60884045605836],[-73.9611004691887,40.60900898387193],[-73.96106417463578,40.609176060305],[-73.96101361944001,40.609340969897154],[-73.96094901998748,40.609503006461715],[-73.96087065281117,40.609661476109956],[-73.96077885340841,40.60981570022291],[-73.96067401480558,40.60996501835782],[-73.96055658587636,40.61010879107671],[-73.96042706942075,40.610246402685206],[-73.96028602001263,40.610377263869715],[-73.96013404162579,40.61050081422152],[-73.9599717850479,40.610616524637344],[-73.95979994509385,40.61072389958571],[-73.95961925763034,40.61082247922956],[-73.95943049642443,40.610911841396245],[-73.95923446982952,40.61099160338569],[-73.95903201732307,40.61106142361011],[-73.95882400591066,40.6111210030572],[-73.9586113264122,40.611170086571036],[-73.95839488964586,40.61120846394533],[-73.9581756225262,40.6112359708238],[-73.95795446409333,40.61125248940436],[-73.95773236148997,40.61125794894384],[-73.95751026590376,40.61125232606091],[-73.95728912849233,40.6112356448364],[-73.95706989630833,40.611207976710084],[-73.95685350824219,40.61116944017463],[-73.95664089099982,40.61112020026785],[-73.95643295513271,40.61106046786591],[-73.9562305911371,40.610990498779685],[-73.95603466563945,40.61091059265903],[-73.95584601768408,40.610821091708985],[-73.95566545513924,40.61072237922387],[-73.9554937512369,40.6106148779453],[-73.95533164126093,40.61049904825124],[-73.95517981939825,40.61037538618398],[-73.95503893576605,40.61024442132518],[-73.95490959362802,40.61010671452747],[-73.95479234681143,40.60996285551201],[-73.9546876973362,40.60981346034273],[-73.95459609326599,40.6096591687874],[-73.95451792679056,40.609500641577526],[-73.95445353254767,40.609338557578525],[-73.95440318619147,40.609173610882145],[-73.95436710321364,40.60900650783388],[-73.95434543802243,40.608837964008075],[-73.95433828328318,40.60866870114336],[-73.95434566952335,40.608499444052],[-73.95436756500374,40.60833091751607],[-73.95440387585623,40.608163843183895],[-73.95445444648766,40.607998936479916],[-73.9545190602478,40.60783690354139],[-73.95459744035888,40.607678438195066],[-73.95468925110224,40.60752421898625],[-73.95479409925747,40.6073749062738],[-73.95491153578742,40.607231139402884]]],[[[-73.95967369636342,40.62446349521798],[-73.95972551466636,40.62440845101262],[-73.95978194679635,40.624356106910724],[-73.95984275109889,40.62430668705121],[-73.95990766719949,40.62426040305081],[-73.95997641711861,40.62421745309802],[-73.96004870646202,40.624178021104605],[-73.96012422568133,40.624142275918125],[-73.96020265139951,40.62411037059892],[-73.9602836477954,40.62408244176488],[-73.96036686804169,40.62405860900655],[-73.96045195578981,40.62403897437508],[-73.96053854669564,40.62402362194526],[-73.96062626997953,40.62401261745558],[-73.96071475001361,40.62400600802683],[-73.96080360793017,40.6240038219603],[-73.96089246324362,40.624006068616616],[-73.96098093547947,40.62401273837569],[-73.9610686458034,40.62402380267794],[-73.96115521864301,40.62403921414644],[-73.96124028329602,40.62405890678987],[-73.96132347551719,40.62408279628508],[-73.96140443907794,40.62411078033795],[-73.96148282729153,40.62414273912152],[-73.96155830449739,40.624178535788914],[-73.96163054749834,40.624218017059356],[-73.96169924694445,40.624261013874296],[-73.96176410865755,40.62430734212131],[-73.96182485489099,40.62435680342242],[-73.96188122551888,40.62440918598344],[-73.96193297915009,40.62446426550074],[-73.96197989416193,40.62452180612166],[-73.96202176964928,40.62458156145449],[-73.96205842628503,40.62464327562326],[-73.96208970708817,40.624706684363424],[-73.96211547809622,40.62477151615344],[-73.96213562893902,40.62483749337734],[-73.96215007331175,40.62490433351348],[-73.96215874934461,40.62497175034429],[-73.96216161986816,40.62503945518182],[-73.96215867257276,40.62510715810403],[-73.96214992006149,40.62517456919612],[-73.96213539979665,40.625241399792195],[-73.96211517393951,40.62530736371118],[-73.96208932908442,40.62537217848251],[-73.96205797588833,40.625435566555645],[-73.96202124859717,40.62549725648872],[-73.9619793044712,40.625556984110936],[-73.96193232311177,40.62561449365388],[-73.96188050569249,40.62566953884688],[-73.96182407409782,40.6257218839716],[-73.96176326997309,40.62577130487163],[-73.96169835368975,40.62581758991242],[-73.96162960323048,40.62586054088766],[-73.96155731299874,40.6258999738681],[-73.9614817925581,40.62593571998935],[-73.96140336530654,40.625967626175004],[-73.96132236709141,40.62599555579236],[-73.96123914477116,40.626019389237456],[-73.96115405472986,40.62603902444744],[-73.96106746135084,40.626054377337596],[-73.96097973545609,40.626065382161535],[-73.96089125271813,40.626071991792784],[-73.96080239205095,40.62607417792658],[-73.96071353398723,40.62607193120114],[-73.96062505904848,40.626065261237734],[-73.96053734611529,40.626054196599455],[-73.96045077080467,40.62603878466895],[-73.9603657038612,40.62601909144544],[-73.96028250956934,40.62599520126206],[-73.96020154419304,40.62596721642465],[-73.96012315445016,40.62593525677361],[-73.96004767602741,40.62589945917063],[-73.9599754321428,40.62585997691255],[-73.95990673216137,40.62581697907478],[-73.95984187027045,40.62577064978726],[-73.95978112421976,40.62572118744576],[-73.95972475413201,40.62566880386229],[-73.95967300138915,40.62561372335794],[-73.95962608759862,40.62555618180228],[-73.95958421364467,40.62549642560302],[-73.95954755882816,40.62543471065093],[-73.95951628009898,40.625371301224],[-73.95949051138412,40.62530646885547],[-73.9594703630145,40.62524049117124],[-73.95945592125264,40.625173650700816],[-73.95944724792363,40.625106233667516],[-73.95944438015069,40.625038528762694],[-73.95944733019638,40.62497082590964],[-73.95945608541055,40.62490341502186],[-73.95947060828466,40.62483658476184],[-73.95949083661282,40.62477062130484],[-73.95951668375835,40.6247058071136],[-73.95954803902515,40.62464241972863],[-73.95958476813183,40.62458073058009],[-73.9596267137871,40.624521003825365],[-73.95967369636342,40.62446349521798]]],[[[-73.95026156083136,40.6624829535904],[-73.95028506953525,40.66245420132424],[-73.95031099732687,40.66242668145671],[-73.950339233178,40.662400511830555],[-73.95036965617753,40.662375804506496],[-73.9504021360492,40.66235266528342],[-73.95043653370956,40.66233119324534],[-73.95047270186339,40.66231148033721],[-73.95051048563452,40.66229361097111],[-73.950549723229,40.66227766166497],[-73.95059024662791,40.66226370071473],[-73.95063188230674,40.662251787902065],[-73.95067445197846,40.66224197423841],[-73.95071777335687,40.662234301746395],[-73.95076166093718,40.66222880328013],[-73.95080592679018,40.662225502384324],[-73.95085038136705,40.66222441319357],[-73.9508948343109,40.662225540371885],[-73.95093909527179,40.662228879092595],[-73.95098297472184,40.662234415059146],[-73.95102628476671,40.66224212456622],[-73.95106883995007,40.66225197460125],[-73.95111045804781,40.66226392298581],[-73.95115096084814,40.66227791855616],[-73.95119017491476,40.662293901382405],[-73.9512279323295,40.662311803025034],[-73.95126407141126,40.662331546827915],[-73.95129843740833,40.66235304824668],[-73.95133088316113,40.66237621521057],[-73.95136126973223,40.662400948516776],[-73.95138946700136,40.66242714225513],[-73.95141535422266,40.66245468426169],[-73.95143882054161,40.66248345659893],[-73.95145976546989,40.66251333606075],[-73.95147809931562,40.66254419470011],[-73.95149374356755,40.66257590037688],[-73.95150663123125,40.66260831732354],[-73.9515167071161,40.66264130672667],[-73.95152392807164,40.66267472732133],[-73.95152826317242,40.66270843599597],[-73.95152969385056,40.66274228840516],[-73.95152821397522,40.6627761395878],[-73.9515238298791,40.6628098445878],[-73.95151656033116,40.662843259074876],[-73.9515064364566,40.66287623996254],[-73.9514935016034,40.662908646020774],[-73.9514778111569,40.66294033848097],[-73.95145943230273,40.662971181630034],[-73.95143844373898,40.66300104339161],[-73.95141493533951,40.66302979589167],[-73.95138900776892,40.66305731600605],[-73.95136077205163,40.66308348588788],[-73.95133034909645,40.663108193472],[-73.95129786917886,40.66313133295513],[-73.95126347138317,40.66315280524876],[-73.95122730300686,40.663172518403584],[-73.95118951892991,40.66319038800327],[-73.95115028095151,40.66320633752596],[-73.95110975709716,40.663220298671945],[-73.95106812089917,40.66323221165622],[-73.9510255506534,40.66324202546444],[-73.95098222865592,40.66324969807144],[-73.95093834042213,40.663255196621215],[-73.95089407389236,40.66325849756758],[-73.95084961862705,40.6632595867751],[-73.95080516499486,40.66325845957943],[-73.9507609033575,40.66325512080758],[-73.95071702325446,40.663249584756976],[-73.95067371259121,40.66324187513438],[-73.95063115683467,40.66323202495433],[-73.95058953821878,40.66322007639772],[-73.95054903496417,40.66320608063122],[-73.95050982051491,40.66319009758811],[-73.95047206279575,40.66317219571163],[-73.95043592349299,40.66315245166186],[-73.95040155736208,40.66313094998743],[-73.95036911156494,40.66310778276347],[-73.95033872503973,40.66308304919722],[-73.95031052790593,40.66305685520331],[-73.95028464090711,40.66302931295006],[-73.95026117489398,40.66300054037923],[-73.95024023034962,40.66297066070085],[-73.95022189695933,40.66293980186573],[-73.95020625322658,40.66290809601736],[-73.95019336613692,40.66287567892617],[-73.95018329087112,40.66284268940801],[-73.9501760705691,40.662809268729845],[-73.95017173614508,40.662775560004654],[-73.95017030615537,40.66274170757872],[-73.95017178671905,40.662707856413434],[-73.95017617149165,40.662674151464536],[-73.95018344169257,40.662640737061515],[-73.95019356618552,40.662607756289404],[-73.9502065016119,40.66257535037618],[-73.95022219257653,40.66254365808805],[-73.950240571885,40.662512815135116],[-73.95026156083136,40.6624829535904]]],[[[-73.9492705759247,40.66716349647462],[-73.94933540098648,40.66709469740446],[-73.94940599646982,40.66702927396053],[-73.94948206006866,40.6669675062858],[-73.9495632660652,40.66690965886857],[-73.94964926672475,40.66685597940988],[-73.94973969378471,40.66680669776316],[-73.94983416003143,40.66676202495014],[-73.94993226095822,40.66672215225728],[-73.95003357649723,40.666687250416885],[-73.95013767281804,40.66665746887616],[-73.95024410418503,40.666632935157345],[-73.95035241486578,40.666613754311825],[-73.95046214108211,40.66660000847026],[-73.95057281299576,40.66659175649114],[-73.9506839567197,40.6665890337087],[-73.95079509634706,40.666591851781604],[-73.95090575598849,40.66660019864317],[-73.95101546180953,40.66661403855286],[-73.9511237440592,40.666633312249424],[-73.95123013908108,40.6666579372046],[-73.9513341912983,40.666687807976345],[-73.95143545516412,40.66672279666032],[-73.95153349706929,40.66676275343749],[-73.95162789719866,40.666807507215466],[-73.95171825132863,40.66685686636111],[-73.95180417255776,40.66691061952085],[-73.95188529296355,40.66696853652567],[-73.95196126517776,40.667030369376455],[-73.95203176387382,40.66709585330591],[-73.9520964871601,40.667164707912036],[-73.95215515787262,40.667236638358716],[-73.95220752476213,40.66731133663811],[-73.95225336357016,40.66738848288935],[-73.95229247798967,40.66746774676828],[-73.95232470050587,40.6675487888616],[-73.952349893114,40.66763126214045],[-73.9523679479106,40.66771481344621],[-73.95237878755609,40.66779908500269],[-73.95238236560627,40.667883715948165],[-73.95237866671182,40.66796834388064],[-73.95236770668436,40.66805260640961],[-73.95234953242928,40.668136142707915],[-73.95232422174534,40.66821859505698],[-73.95229188299201,40.66829961037851],[-73.9522526546258,40.66837884174665],[-73.9522067046078,40.66845594987369],[-73.95215422968487,40.66853060456282],[-73.9520954545473,40.66860248612256],[-73.95203063086707,40.6686712867357],[-73.95196003622026,40.668736711777484],[-73.95188397289861,40.66879848107764],[-73.95180276661519,40.66885633012009],[-73.9517167651096,40.66891001117596],[-73.95162633665889,40.66895929436444],[-73.95153186850051,40.66900396863749],[-73.95143376517389,40.669043842683635],[-73.9513324467879,40.66907874574741],[-73.9512283472217,40.66910852836072],[-73.95112191226644,40.669133062982915],[-73.95101359771596,40.66915224454722],[-73.95090386741458,40.66916599091059],[-73.95079319127053,40.66917424320568],[-73.95068204324318,40.66917696609282],[-73.95057089931304,40.669174147911555],[-73.9504602354431,40.66916580073043],[-73.95035052554014,40.66915196029545],[-73.95024223942501,40.66913268587683],[-73.95013584082027,40.66910806001521],[-73.95003178536405,40.669078188168136],[-73.94993051865858,40.669043198258336],[-73.94983247436164,40.66900324012585],[-73.94973807232932,40.668958484886225],[-73.94964771681781,40.668909124197626],[-73.94956179475214,40.668855369440024],[-73.94948067406915,40.66879745080978],[-73.94940470214185,40.668735616333755],[-73.94933420429183,40.66867013080715],[-73.9492694823963,40.66860127465924],[-73.94921081359543,40.668529342752535],[-73.94915844910575,40.66845464311987],[-73.94911261314468,40.66837749564522],[-73.94907350197056,40.668298230693736],[-73.94904128304263,40.66821718769702],[-73.94901609430427,40.66813471369941],[-73.9489980435927,40.66805116187184],[-73.94898720817761,40.66796688999939],[-73.94898363443083,40.6678822589492],[-73.94898733762807,40.667797631125076],[-73.94899830188405,40.66771336891569],[-73.94901648022105,40.667629833142655],[-73.94904179477044,40.66754738151566],[-73.94907413710663,40.66746636710057],[-73.94911336871183,40.66738713680775],[-73.94915932156948,40.66731002990656],[-73.94921179888419,40.66723537657273],[-73.9492705759247,40.66716349647462]]],[[[-73.94341973308346,40.69376181942587],[-73.94397319836736,40.693889904742136],[-73.9445144750001,40.69404526533982],[-73.94504124571415,40.694227236127475],[-73.94555125528923,40.69443503809082],[-73.94604232020109,40.694667781625014],[-73.94651233796465,40.694924470339906],[-73.94695929613142,40.6952040053226],[-73.94738128090307,40.69550518983841],[-73.94777648532413,40.69582673445089],[-73.94814321701875,40.6961672625384],[-73.94836536383623,40.69640350666318],[-73.94870092823795,40.69642881310839],[-73.94933750465569,40.69650909502847],[-73.94996582137045,40.696620889798865],[-73.95058318866833,40.69676371885302],[-73.95118696366146,40.69693697077049],[-73.95177456159206,40.69713990389192],[-73.95234346688883,40.69737164949099],[-73.9528912439285,40.69763121548978],[-73.9534155474567,40.69791749070214],[-73.95391413262365,40.69822924958643],[-73.95438486459187,40.698565157488005],[-73.95446524757376,40.698630545217846],[-73.95485698548653,40.698660065906274],[-73.95555944641121,40.69874861505415],[-73.95625279632743,40.698871937088036],[-73.95693406722084,40.699029504113696],[-73.95760034272709,40.699220641642945],[-73.95824877060397,40.69944453147788],[-73.95859316346191,40.69958479185317],[-73.9592715657277,40.699635888900524],[-73.96001794767558,40.699729943588295],[-73.96075465165211,40.699860944556555],[-73.9614785241254,40.70002833105305],[-73.9621864664261,40.70023138657178],[-73.96287544799834,40.70046924191657],[-73.96354251936049,40.70074087891768],[-73.96418482472095,40.70104513478554],[-73.96479961419482,40.701380707083096],[-73.96538425556977,40.701746159295695],[-73.96593624557055,40.7021399269746],[-73.96645322057395,40.70256032442806],[-73.9669329667291,40.70300555193152],[-73.9673734294386,40.703473703426006],[-73.96777272216119,40.70396277467214],[-73.96812913449709,40.70447067182473],[-73.96844113952197,40.704995220391496],[-73.9687074003376,40.7055341745378],[-73.96892677581113,40.70608522669739],[-73.96909832547801,40.706646017448236],[-73.96922131358751,40.70721414561158],[-73.96929521227293,40.70778717853022],[-73.9693197038327,40.708362662483104],[-73.96929468211233,40.70893813319074],[-73.969220252981,40.70951112636727],[-73.96909673389979,40.71007918827328],[-73.96892465258402,40.710639886224925],[-73.96870474476408,40.71119081901342],[-73.96843795105464,40.71172962719141],[-73.96812541294496,40.71225400318073],[-73.96776846792741,40.71276170115951],[-73.96736864378451,40.71325054668519],[-73.96692765205891,40.71371844601284],[-73.96644738073404,40.71416339506816],[-73.9659298861564,40.71458348803721],[-73.96537738423437,40.71497692553535],[-73.9647922409507,40.71534202232085],[-73.96417696222959,40.715677214519566],[-73.96353418320162,40.71598106632977],[-73.9628666569127,40.716252276178324],[-73.96217724252539,40.71648968230166],[-73.96146889306328,40.7166922677274],[-73.96074464275135,40.71685916463552],[-73.96000759400627,40.7169896580798],[-73.95926090413329,40.71708318905409],[-73.95850777178647,40.71713935688949],[-73.95775142325073,40.71715792097299],[-73.95699509860492,40.71713880177918],[-73.95624203782546,40.717082081211416],[-73.95549546689034,40.71698800225061],[-73.95475858394347,40.71685696791301],[-73.95403454557905,40.71668953952189],[-73.95332645330481,40.71648643430004],[-73.95263734024273,40.716248522294094],[-73.95197015812428,40.715976822643256],[-73.95132776463615,40.71567249920909],[-73.95071291117108,40.71533685558467],[-73.9501282310363,40.714971329505104],[-73.94965178652524,40.71463139646558],[-73.94926070030476,40.714519199677135],[-73.94861215597082,40.71429525964625],[-73.94798425355368,40.714039520414275],[-73.94737968245713,40.71375307745188],[-73.94680103204793,40.71343715773584],[-73.94625078055935,40.71309311448817],[-73.94573128447264,40.712722421374615],[-73.94524476842255,40.712326666186996],[-73.94479331566983,40.71190754403673],[-73.94437885918164,40.71146685008871],[-73.94400317335824,40.71100647186712],[-73.94391713503465,40.71088379658422],[-73.94362825035401,40.710800898915984],[-73.94304055680212,40.71059792456352],[-73.94247157096858,40.71036613337797],[-73.94192372985466,40.71010651821718],[-73.94139937981109,40.70982019110853],[-73.94090076648352,40.709508378481544],[-73.94043002519125,40.7091724159105],[-73.93998917178038,40.70881374238939],[-73.93958009399067,40.70843389416396],[-73.93920454337294,40.708034498147164],[-73.93886412779185,40.707617264946684],[-73.9385603045459,40.70718398153406],[-73.93829437413422,40.70673650358735],[-73.93823580855342,40.70661783545785],[-73.9377368931996,40.70647462992698],[-73.93721004564561,40.706292625992795],[-73.93669997135564,40.70608478738257],[-73.93620885496118,40.70585200432818],[-73.93573879982823,40.70559527389591],[-73.93529181904468,40.70531569571254],[-73.93486982679582,40.70501446725184],[-73.93447463016508,40.70469287870227],[-73.934107921395,40.704352307437134],[-73.93377127064159,40.70399421211189],[-73.93346611925328,40.70362012641301],[-73.93319377360294,40.70323165248606],[-73.93312049222868,40.703108315952356],[-73.93302797193023,40.70308689818197],[-73.93252828882095,40.702943438789234],[-73.93204200678707,40.70277541316109],[-73.93157120858278,40.70258354099028],[-73.93111791059192,40.702368644103245],[-73.93094040963483,40.70227168170095],[-73.93079260566267,40.70234150657602],[-73.9303999458097,40.702500930852075],[-73.92999442419817,40.70264046788994],[-73.9295777776265,40.70275952004512],[-73.92915179057286,40.702857577408004],[-73.92871828754798,40.702934219989274],[-73.928279125276,40.702989119519955],[-73.92783618473698,40.70302204085838],[-73.92739136310495,40.70303284299796],[-73.92694656561657,40.70302147967163],[-73.92650369740507,40.70298799955009],[-73.92606465533444,40.70293254603326],[-73.92563131986955,40.70285535663564],[-73.92520554701639,40.702756761968175],[-73.92478916036765,40.702637184321524],[-73.92438394328745,40.7024971358559],[-73.92399163126909,40.702337216406235],[-73.92361390449832,40.70215811091127],[-73.92325238065445,40.70196058647826],[-73.92312852960052,40.701883093577834],[-73.92301916086157,40.701951280514436],[-73.92272957805702,40.70210891362855],[-73.92242706723678,40.702251794501656],[-73.92211292392449,40.70237931120009],[-73.92178849348794,40.702490917588946],[-73.92145516537542,40.702586135672206],[-73.92111436716259,40.70266455764107],[-73.92076755843576,40.70272584762133],[-73.92041622453765,40.70276974311277],[-73.9200618702026,40.70279605611395],[-73.9197060131085,40.702804673927865],[-73.91935017737299,40.70279555964492],[-73.91899588702225,40.70276875230108],[-73.91864465945993,40.70272436671056],[-73.9182979989647,40.702662592973844],[-73.91795739024408,40.70258369566302],[-73.91762429207236,40.70248801268813],[-73.9173001310399,40.70237595384903],[-73.91698629544051,40.70224799907936],[-73.9166841293235,40.70210469639023],[-73.9163949267355,40.701946659521745],[-73.91611992617699,40.70177456531337],[-73.91586030529739,40.7015891508039],[-73.91581342040266,40.70155098019809],[-73.91570565799057,40.70165071742494],[-73.91550770810134,40.70181125450847],[-73.91529638486575,40.70196159451026],[-73.91507259321492,40.70210109358088],[-73.91483729149593,40.702229154294635],[-73.91459148736737,40.70234522820913],[-73.91433623348338,40.70244881821472],[-73.91407262298455,40.70253948066446],[-73.9138017848152,40.70261682727485],[-73.91352487888692,40.702680526789365],[-73.91324309110925,40.7027303063978],[-73.91295762830875,40.70276595290509],[-73.91266971305832,40.70278731364489],[-73.91238057843893,40.70279429713355],[-73.9120914627562,40.70278687346228],[-73.91180360423463,40.70276507442509],[-73.91151823571211,40.702728993382735],[-73.9112365793576,40.70267878486261],[-73.91113595636351,40.70265547031927],[-73.91114050817356,40.70276467544397],[-73.91113300179641,40.70293392790588],[-73.91111096595246,40.703102444354236],[-73.91107449489394,40.70326950316746],[-73.91102374469077,40.703434388960574],[-73.91095893256384,40.70359639564877],[-73.91088033595668,40.70375482947122],[-73.9107882913489,40.703909011962374],[-73.91068319281675,40.704058282857645],[-73.91056549034697,40.70420200292137],[-73.91043568791079,40.70433955668466],[-73.91029434130681,40.7044703550816],[-73.91014205578146,40.704593837972354],[-73.90997948343778,40.70470947654255],[-73.90980732044291,40.704816775568375],[-73.90962630404708,40.704915275537964],[-73.9094372094261,40.705004554619805],[-73.90924084636139,40.705084230469716],[-73.90903805577142,40.705153961868774],[-73.90882970610986,40.70521345018509],[-73.90861668964537,40.70526244065305],[-73.90839991863938,40.70530072346482],[-73.90818032143807,40.70532813466912],[-73.9079588384953,40.70534455687363],[-73.90773641834375,40.705349919747874],[-73.90751401353118,40.70534420032456],[-73.90729257653967,40.70532742309794],[-73.907073055705,40.705299659918936],[-73.90685639115388,40.70526102968725],[-73.90664351077643,40.705211697842024],[-73.90643532625108,40.705151875653065],[-73.90623272913903,40.70508181931579],[-73.9060365870651,40.70500182885369],[-73.90584774000106,40.704912246832954],[-73.90566699666786,40.70481345689511],[-73.90549513107153,40.70470588211338],[-73.90543619747353,40.70466378504125],[-73.90541117440155,40.70477835684656],[-73.90537563867619,40.70489377513375],[-73.9053302596189,40.70500717757178],[-73.90527523150472,40.705118078542554],[-73.9052107899317,40.70522600313755],[-73.90513721081292,40.7053304891917],[-73.90505480919535,40.70543108926262],[-73.90496393791149,40.70552737254697],[-73.90486498606882,40.70561892672553],[-73.90475837738379,40.7057053597292],[-73.90464456836777,40.70578630141812],[-73.90452404637209,40.70586140516717],[-73.90439732750113,40.70593034935045],[-73.90426495440214,40.70599283871902],[-73.90412749394113,40.7060486056655],[-73.90398553477517,40.70609741137025],[-73.90383968483107,40.70613904682437],[-73.90369056870156,40.70617333372499],[-73.90353882497001,40.70620012523902],[-73.90338510347509,40.70621930663204],[-73.9032300625273,40.7062307957599],[-73.903074366089,40.70623454342038],[-73.90291868093044,40.70623053356415],[-73.90276367377352,40.706218783363425],[-73.90261000843587,40.70619934313837],[-73.90245834298744,40.70617229614168],[-73.90230932693157,40.70613775820184],[-73.90216359842296,40.706095877227],[-73.90202178153417,40.706046832571445],[-73.9018844835826,40.705990834267396],[-73.90175229252921,40.70592812212519],[-73.90162577446027,40.70585896470626],[-73.9015054711629,40.70578365817266],[-73.90139189780479,40.70570252501864],[-73.90128554072788,40.70561591268925],[-73.90118685536586,40.7055241920922],[-73.90109626429388,40.70542775600924],[-73.90101415541925,40.70532701741386],[-73.90094088032066,40.705222407702536],[-73.9008767527431,40.705114374847085],[-73.90082204725479,40.70500338147616],[-73.90077699807216,40.704889902893896],[-73.90074179805754,40.70477442504433],[-73.90071659789406,40.7046574424303],[-73.90070150544123,40.704539455995956],[-73.90069658527405,40.70442097098118],[-73.90070185840722,40.70430249475834],[-73.90071730220623,40.70418453465944],[-73.9007428504852,40.70406759580364],[-73.90077839379107,40.703952178934486],[-73.90082377987336,40.70383877827564],[-73.90087881433685,40.7037278794147],[-73.90094326147477,40.70361995722409],[-73.9010168452789,40.703515473827785],[-73.90109925062207,40.70341487662266],[-73.90119012460802,40.70331859636302],[-73.90128907808308,40.70322704531631],[-73.90139568730282,40.70314061549812],[-73.90150949574675,40.703059676993725],[-73.90163001607333,40.702984576373794],[-73.90175673220672,40.702915635210694],[-73.90188910154653,40.70285314870165],[-73.90202655729107,40.70279738440516],[-73.90216851086396,40.7027485810955],[-73.90231435443408,40.70270694774058],[-73.90246346351778,40.70267266260738],[-73.90261519965223,40.70264587249873],[-73.90276891312877,40.70262669212497],[-73.90292394577408,40.702615203612915],[-73.90307963376785,40.70261145615414],[-73.90323531048433,40.702615465794565],[-73.90339030934608,40.70262721536567],[-73.90354396667738,40.70264665455804],[-73.90369562454528,40.702673700136685],[-73.90384463357616,40.70270823629737],[-73.90399035573549,40.702750115162395],[-73.90413216705934,40.70279915741354],[-73.90426946032558,40.70285515305976],[-73.90434497020665,40.70289097475656],[-73.90433949210453,40.70275922409344],[-73.90434701570965,40.70258997207127],[-73.90436906848205,40.70242145690719],[-73.90440555587982,40.702254400200815],[-73.90445632155351,40.70208951730106],[-73.90452114801751,40.70192751424326],[-73.90459975758294,40.701769084726095],[-73.90469181354854,40.7016149071415],[-73.90479692164367,40.70146564167002],[-73.90491463171797,40.7013219274546],[-73.90504443967009,40.70118437986402],[-73.90518578960709,40.701053587858596],[-73.90533807622548,40.700930111468786],[-73.90550064740353,40.70081447939775],[-73.90567280699405,40.70070718675807],[-73.90585381780502,40.700608692952365],[-73.90604290475623,40.70051941970667],[-73.9062392581975,40.700439749265335],[-73.90644203737497,40.70037002275473],[-73.90665037403029,40.70031053872308],[-73.90686337611729,40.70026155186268],[-73.90708013162059,40.70022327191967],[-73.90729971245926,40.70019586279622],[-73.90752117845938,40.70017944184909],[-73.90774358137818,40.70017407938718],[-73.90796596896277,40.700179798370776],[-73.9080807723532,40.70018849653046],[-73.90804859272828,40.70008295991221],[-73.90800177197761,40.69986570932054],[-73.90797372124968,40.699646593293046],[-73.90796456047838,40.699426550131875],[-73.90797432870475,40.6992065221001],[-73.90800298391304,40.69898745138672],[-73.90805040321375,40.69877027607229],[-73.90811638337307,40.698555926112014],[-73.90820064168616,40.69834531935395],[-73.9083028171906,40.69813935760922],[-73.90842247221475,40.69793892279098],[-73.90855909425433,40.6977448731387],[-73.90871209816916,40.697558039544006],[-73.90888082869057,40.69737922199364],[-73.90906456322877,40.6972091861449],[-73.90926251496813,40.69704866004807],[-73.90947383623708,40.69689833103014],[-73.90969762213815,40.69675884275254],[-73.90993291442263,40.69663079245631],[-73.91017870559334,40.69651472840564],[-73.91043394321788,40.69641114754134],[-73.91069753443387,40.69632049335397],[-73.91096835062687,40.69624315398566],[-73.91124523226136,40.69617946056903],[-73.91152699384348,40.696129685809936],[-73.91181242899485,40.69609404282046],[-73.91210031561567,40.69607268420682],[-73.91238942111484,40.69606570141618],[-73.91267850768497,40.69607312434547],[-73.91296633759971,40.696094921213344],[-73.91325167851063,40.69613099869616],[-73.91353330872121,40.69618120232743],[-73.91381002241533,40.69624531715885],[-73.91408063481788,40.696323068680236],[-73.91434398726544,40.69641412399425],[-73.9145989521655,40.696518093241295],[-73.9148444378229,40.69663453126783],[-73.91493576307856,40.69668444265647],[-73.91500204660183,40.69659027912153],[-73.91519033350724,40.696360319477414],[-73.91539797659684,40.69614022458081],[-73.9156240866204,40.69593093681052],[-73.91586769528534,40.695733352263964],[-73.91612775940402,40.69554831692172],[-73.91640316536099,40.69537662302689],[-73.91669273388152,40.69521900569414],[-73.9169952250804,40.69507613976396],[-73.9173093437697,40.6949486369143],[-73.91763374500293,40.69483704304313],[-73.91796703983148,40.694741835932284],[-73.9183078012492,40.694663423202805],[-73.91865457029937,40.69460214057082],[-73.9190058623181,40.694558250410836],[-73.91936017328763,40.69453194063304],[-73.91971598627212,40.694523323879295],[-73.92007177790859,40.694532437041055],[-73.92042602492545,40.69455924110155],[-73.92077721066048,40.694603621302726],[-73.9211238315507,40.694665387636334],[-73.92146440356625,40.69474427565692],[-73.92179746856083,40.694839947613424],[-73.9218566400954,40.69486040218941],[-73.92200547335155,40.69470261505972],[-73.92228807863792,40.69444098900305],[-73.92259255775211,40.694193990560684],[-73.92291760683962,40.693962677251086],[-73.92326183402011,40.693748039426644],[-73.92362376534713,40.693550996035604],[-73.92400185111829,40.69337239068987],[-73.92439447250882,40.693212988055166],[-73.92479994850038,40.69307347057929],[-73.92521654307508,40.69295443557203],[-73.92564247264445,40.69285639264956],[-73.92607591368137,40.692779761554135],[-73.9265150105223,40.69272487035819],[-73.92695788330671,40.692691954060834],[-73.92740263601988,40.69268115358234],[-73.92784736460436,40.69269251516138],[-73.92829016510593,40.69272599015714],[-73.92872914181909,40.6927814352574],[-73.92916241539727,40.69285861309173],[-73.92958813089338,40.69295719324694],[-73.92967963527602,40.692983471071294],[-73.92989124431199,40.69281177782085],[-73.93028126447359,40.692534176953856],[-73.93069429952716,40.69227658496492],[-73.9311285809186,40.692040104666575],[-73.93158224919428,40.69182574847598],[-73.93205336195996,40.69163443408355],[-73.93253990219358,40.69146698052706],[-73.93303978687638,40.69132410468764],[-73.93355087590548,40.69120641822314],[-73.93407098124999,40.691114424951685],[-73.93459787631129,40.69104851869652],[-73.93512930544802,40.69100898160129],[-73.9356629936246,40.690995982923326],[-73.93619665614273,40.69100957830956],[-73.93672800841381,40.69104970955855],[-73.9372547757311,40.69111620486945],[-73.93777470299963,40.691208779576804],[-73.93828556438253,40.69132703736825],[-73.93878517282263,40.691470471979706],[-73.93927138939878,40.69163846936112],[-73.93974213247675,40.69183031030307],[-73.94019538661595,40.692045173513456],[-73.9406292111939,40.69228213913098],[-73.9410417487113,40.6925401926605],[-73.94143123274277,40.69281822931329],[-73.9417959954988,40.693115058733845],[-73.9421344749667,40.693429410093145],[-73.94228497402179,40.6935894897892],[-73.94228575616677,40.69358954881972],[-73.94285644854993,40.6936615577148],[-73.94341973308346,40.69376181942587]]],[[[-73.9030565654079,40.677181896416],[-73.90316037728893,40.67707185969982],[-73.90327341935404,40.67696722764529],[-73.90339520752603,40.67686844827671],[-73.90352522028483,40.676775944555764],[-73.90366290090063,40.676690112570974],[-73.90380765981783,40.67661131984179],[-73.90395887717946,40.67653990374551],[-73.90411590548102,40.67647617007284],[-73.9042780723427,40.676420391718956],[-73.90444468338795,40.67637280751529],[-73.90461502521599,40.6763336212071],[-73.90478836845595,40.676303000581356],[-73.90496397088907,40.6762810767485],[-73.9051410806259,40.67626794358124],[-73.90531893932481,40.67626365731262],[-73.90549678543826,40.67626823629541],[-73.90567385747252,40.67628166092353],[-73.90584939724745,40.676303873715916],[-73.90602265314173,40.676334779562644],[-73.90619288331052,40.67637424613201],[-73.9063593588609,40.676422104437016],[-73.90652136697214,40.676478149558726],[-73.90667821394725,40.67654214152345],[-73.90682922818259,40.67661380633007],[-73.90697376304324,40.67669283712287],[-73.90711119963134,40.67677889550521],[-73.907240949436,40.67687161298813],[-73.90736245685314,40.67697059256782],[-73.90747520156454,40.67707541042519],[-73.90757870076607,40.67718561774032],[-73.90767251123536,40.677300742613866],[-73.90775623123014,40.67742029208741],[-73.90782950220904,40.677543754253946],[-73.90789201036768,40.67767060044963],[-73.90794348798316,40.6778002875171],[-73.90798371456148,40.6779322601313],[-73.90801251778265,40.678065953176954],[-73.90802977423975,40.67820079416853],[-73.90803540996849,40.678336205701285],[-73.90802940076509,40.67847160792397],[-73.90801177229125,40.678606421021705],[-73.90798259996535,40.67874006769878],[-73.90794200864073,40.67887197565103],[-73.9078901720722,40.67900158001638],[-73.90782731217314,40.679128325794224],[-73.9077536980661,40.67925167022192],[-73.90766964493137,40.67937108509963],[-73.9075755126582,40.67948605905221],[-73.90747170430421,40.679596099719504],[-73.90735866437008,40.67970073586519],[-73.9072368768965,40.679799519394955],[-73.90710686339163,40.67989202727589],[-73.90696918059805,40.67997786334832],[-73.9068244181086,40.68005666002283],[-73.90667319584135,40.68012807985465],[-73.90651616138477,40.68019181698914],[-73.90635398722398,40.68024759847185],[-73.90618736786045,40.6802951854179],[-73.90601701683723,40.68033437403506],[-73.90584366368253,40.680364996496834],[-73.9056680507848,40.680386921661416],[-73.90549093021251,40.680400055633264],[-73.90531306049269,40.68040434216558],[-73.90513520336144,40.68039976290111],[-73.904958120501,40.68038633745071],[-73.90478257027682,40.680364123309545],[-73.90460930448893,40.68033321561061],[-73.9044390651515,40.68029374671727],[-73.90427258131429,40.680245885656355],[-73.90411056593983,40.68018983739391],[-73.90395371284943,40.68012584195734],[-73.90380269375129,40.68005417340722],[-73.9036581553636,40.6799751386633],[-73.90352071664454,40.67988907618979],[-73.90339096614144,40.679796354545715],[-73.90326945947038,40.67969737080603],[-73.90315671693678,40.679592548861024],[-73.9030532213075,40.679482337600554],[-73.90295941574382,40.67936720899148],[-73.90287570190407,40.679247656056106],[-73.90280243822426,40.67912419076071],[-73.90273993838393,40.67899734182268],[-73.90268846996362,40.678867652446236],[-73.90264825330001,40.678735677996],[-73.90261946054346,40.678601983618634],[-73.90260221492183,40.67846714182248],[-73.90259659021402,40.67833173002601],[-73.90260261043518,40.678196328085],[-73.9026202497352,40.678061515809546],[-73.90264943251037,40.67792787048124],[-73.90269003372859,40.67779596438121],[-73.90274187946576,40.67766636233982],[-73.90280474765167,40.6775396193179],[-73.9028783690219,40.677416278030925],[-73.90296242827195,40.677296866625056],[-73.9030565654079,40.677181896416]]],[[[-73.90870971568923,40.676914115643164],[-73.90883913980103,40.67675602511281],[-73.90898186701857,40.676604717422144],[-73.90913728611923,40.67646084044602],[-73.90930473154869,40.676325010238145],[-73.90948348627145,40.67619780839382],[-73.9096727848414,40.67607977956049],[-73.90987181667937,40.67597142910613],[-73.9100797295438,40.675873220956184],[-73.91029563317932,40.6757855756077],[-73.91051860312807,40.67570886832957],[-73.910747684687,40.675643427556174],[-73.91098189699453,40.67558953348169],[-73.9112202372291,40.67554741686083],[-73.91146168490144,40.67551725802114],[-73.91170520622244,40.67549918609129],[-73.9119497585278,40.675493278448215],[-73.91219429474062,40.6754995603862],[-73.91243776785288,40.67551800500843],[-73.91267913540663,40.67554853334215],[-73.91291736395566,40.675591014676705],[-73.91315143348871,40.67564526712294],[-73.91338034179529,40.675711058391734],[-73.91360310875538,40.67578810678818],[-73.91381878053477,40.675876082417304],[-73.91402643366793,40.675974608596036],[-73.91422517901127,40.67608326346556],[-73.91441416554953,40.676201581796924],[-73.91459258403917,40.676329056982524],[-73.91475967047336,40.67646514320446],[-73.91491470935331,40.676609257771084],[-73.91505703675236,40.67676078361131],[-73.91518604315944,40.67691907191604],[-73.91530117608986,40.677083444915745],[-73.91540194245214,40.677253198782005],[-73.91548791066074,40.67742760664064],[-73.91555871248578,40.677605921683714],[-73.91561404463145,40.67778738036683],[-73.91565367003683,40.6779712056783],[-73.91567741889295,40.67815661046612],[-73.9156851893722,40.678342800808245],[-73.91567694806649,40.678528979412285],[-73.9156527301328,40.67871434902948],[-73.91561263914473,40.67889811586866],[-73.91555684665133,40.679079492995704],[-73.91548559144458,40.67925770370346],[-73.91539917853908,40.67943198483808],[-73.91529797786757,40.67960159006767],[-73.91518242269879,40.679765793078445],[-73.91505300778354,40.679923890685835],[-73.91491028723733,40.68007520584621],[-73.91475487216863,40.68021909055694],[-73.91458742806277,40.68035492863197],[-73.91440867193263,40.68048213834133],[-73.91421936924839,40.68060017490309],[-73.9140203306596,40.68070853281699],[-73.91381240852336,40.68080674802997],[-73.91359649325364,40.680894399924114],[-73.91337350950738,40.680971113118524],[-73.91314441222374,40.68103655907762],[-73.91291018253332,40.68109045751848],[-73.91267182355512,40.68113257761167],[-73.9124303560991,40.681162738970244],[-73.9121868142929,40.68118081242247],[-73.91194224115132,40.681186720565286],[-73.91169768410778,40.6811804380959],[-73.91145419052668,40.68116199192025],[-73.91121280321626,40.681131461037616],[-73.91097455596072,40.68108897620231],[-73.91074046909144,40.68103471936333],[-73.91051154511548,40.680968922885015],[-73.910288764421,40.680891868551385],[-73.91007308107723,40.680803886358994],[-73.90986541874753,40.68070535310323],[-73.90966666673286,40.68059669076397],[-73.90947767616264,40.68047836469799],[-73.90929925634937,40.680350881645275],[-73.90913217132257,40.680214787558285],[-73.90897713655691,40.68007066526321],[-73.90883481590869,40.67991913196347],[-73.90870581877344,40.6797608365957],[-73.90859069747721,40.67959645705036],[-73.90848994491245,40.679426697267786],[-73.90840399242855,40.679252284223466],[-73.9083332079864,40.679073964814016],[-73.90827789458436,40.67889250265857],[-73.90823828896264,40.67870867482819],[-73.90821456059172,40.678523268518035],[-73.90820681094871,40.67833707767614],[-73.90821507308513,40.678150899603494],[-73.90823931148765,40.67796553153974],[-73.90827942223241,40.67778176724947],[-73.90833523343233,40.67760039362317],[-73.90840650597531,40.67742218730816],[-73.9084929345502,40.67724791138306],[-73.90859414895607,40.677078312090664],[-73.90870971568923,40.676914115643164]]],[[[-73.91793685072386,40.864232195099795],[-73.91797224170978,40.86418907789421],[-73.91801127142034,40.86414781024653],[-73.91805377272115,40.86410856886757],[-73.91809956361317,40.86407152179128],[-73.91814844801213,40.86403682765515],[-73.91820021658822,40.86400463502107],[-73.91825464766241,40.86397508173917],[-73.9183115081557,40.86394829435755],[-73.91837055458721,40.863924387580546],[-73.91843153411662,40.86390346377753],[-73.91849418562686,40.863885612544586],[-73.91855824084205,40.86387091032101],[-73.9186234254763,40.86385942006188],[-73.91868946040796,40.86385119096858],[-73.91875606287483,40.86384625827817],[-73.91882294768473,40.863844643112465],[-73.91888982843665,40.86384635238758],[-73.91895641874692,40.8638513787844],[-73.91902243347543,40.863859700779905],[-73.91908758994647,40.8638712827392],[-73.919151609159,40.86388607506823],[-73.91921421698122,40.86390401442608],[-73.91927514532436,40.863925023996146],[-73.9193341332905,40.863949013815045],[-73.91939092828964,40.86397588115782],[-73.9194452871213,40.86400551097775],[-73.91949697701583,40.86403777639898],[-73.91954577663108,40.86407253925969],[-73.91959147700025,40.86410965070371],[-73.91963388242668,40.86414895181794],[-73.91967281132185,40.86419027431258],[-73.919708096983,40.864233441241986],[-73.91973958830708,40.864278267762074],[-73.91976715043782,40.86432456192193],[-73.91979066534334,40.86437212548568],[-73.91981003232165,40.86442075478132],[-73.91982516843203,40.86447024157281],[-73.91983600885035,40.86452037395176],[-73.91984250714678,40.864570937244814],[-73.91984463548481,40.864621714932966],[-73.91984238474053,40.86467248957857],[-73.91983576454201,40.86472304375653],[-73.91982480322815,40.864773160985365],[-73.91980954772747,40.864822626654224],[-73.91979006335741,40.86487122894181],[-73.9197664335447,40.86491875972361],[-73.91973875946829,40.86496501546298],[-73.91970715962628,40.865009798082944],[-73.91967176932847,40.86505291581437],[-73.91963274011714,40.86509418401704],[-73.91959023911815,40.8651334259707],[-73.91954444832538,40.865170473631565],[-73.91949556382139,40.8652051683521],[-73.9194437949378,40.86523736156046],[-73.91938936335892,40.86526691539668],[-73.91933250217232,40.86529370330315],[-73.9192734548708,40.865317610566585],[-73.91921247430955,40.86533853480927],[-73.91914982162332,40.86535638642761],[-73.91908576510806,40.86537108897568],[-73.91902057907195,40.86538257949293],[-73.9189545426606,40.86539080877348],[-73.91888793866154,40.8653957415771],[-73.91882105229315,40.86539735678007],[-73.91875416998313,40.86539564746554],[-73.9186875781418,40.86539062095335],[-73.91862156193545,40.86538229876857],[-73.9185564040651,40.86537071654922],[-73.91849238355574,40.86535592389387],[-73.91842977456133,40.86533798414899],[-73.9183688451907,40.86531697413784],[-73.91830985635937,40.86529298383128],[-73.91825306067213,40.86526611596269],[-73.91819870134124,40.86523648558774],[-73.9181470111449,40.865204219591824],[-73.91809821143039,40.865169456146546],[-73.91805251116624,40.86513234411809],[-73.91801010604732,40.865093042429606],[-73.91797117765687,40.86505171938065],[-73.917935892689,40.86500855192638],[-73.91790440223492,40.864963724919875],[-73.917876841136,40.864917430320325],[-73.9178533274065,40.864869866371194],[-73.91783396172826,40.86482123675105],[-73.91781882701976,40.86477174970147],[-73.91780798808112,40.86472161713526],[-73.91780149131688,40.86467105372898],[-73.91779936453733,40.86462027600361],[-73.9178016168397,40.864569501397405],[-73.91780823856928,40.864518947334794],[-73.91781920136097,40.86446883029524],[-73.91783445826097,40.86441936488646],[-73.91785394392788,40.86437076292518],[-73.9178775749128,40.86432323253042],[-73.91790525001667,40.86427697723214],[-73.91793685072386,40.864232195099795]]],[[[-73.89566550334001,40.67415301320758],[-73.8957008078569,40.674109901610954],[-73.8957397401102,40.674068640327185],[-73.89578213338284,40.67402940603979],[-73.89582780613841,40.67399236675239],[-73.89587656279852,40.67395768106909],[-73.89592819458035,40.6739254975156],[-73.89598248039063,40.673895953903134],[-73.89603918777244,40.67386917673842],[-73.89609807390048,40.673845280682016],[-73.89615888662084,40.67382436805739],[-73.89622136553074,40.67380652841277],[-73.89628524309336,40.67379183813782],[-73.89635024578348,40.67378036013639],[-73.89641609525856,40.6737721435575],[-73.89648250955045,40.673767223584534],[-73.89654920427274,40.67376562128484],[-73.89661589383834,40.67376734351949],[-73.8966822926822,40.67377238291388],[-73.89674811648408,40.673780717889265],[-73.89681308338574,40.67379231275526],[-73.89687691519786,40.673807117862495],[-73.89693933859112,40.673825069815344],[-73.8970000862664,40.673846091743265],[-73.8970588980994,40.673870093629986],[-73.89711552225432,40.67389697269886],[-73.89716971626225,40.67392661385297],[-73.89722124805927,40.67395889016791],[-73.89726989698026,40.67399366343523],[-73.89731545470369,40.674030784754244],[-73.89735772614371,40.67407009516947],[-73.89739653028558,40.674111426351374],[-73.89743170096077,40.67415460131706],[-73.89746308755862,40.67419943518807],[-73.89749055567135,40.674245735982005],[-73.89751398766971,40.67429330543455],[-73.8975332832068,40.67434193984852],[-73.8975483596478,40.674391430965954],[-73.89755915242422,40.674441566859926],[-73.89756561531024,40.67449213284208],[-73.89756772062104,40.67454291238181],[-73.89756545933142,40.674593688033575],[-73.89755884111462,40.67464424236799],[-73.8975478943011,40.67469435890291],[-73.89753266575737,40.674743823030376],[-73.89751322068548,40.67479242293578],[-73.89748964234394,40.674839950504726],[-73.89746203169135,40.674886202214395],[-73.89743050695422,40.67493098000502],[-73.8973952031208,40.67497409212816],[-73.89735627136314,40.675015353967595],[-73.89731387838982,40.67505458883034],[-73.89726820573215,40.675091628702944],[-73.89721944896682,40.67512631497122],[-73.89716781687848,40.67515849909953],[-73.89711353056559,40.675188043266786],[-73.89705682249374,40.675214820956775],[-73.8969979355,40.67523871749992],[-73.89693712175308,40.6752596305645],[-73.89687464167336,40.67527747059468],[-73.89681076281764,40.67529216119425],[-73.89674575873326,40.675303639453745],[-73.89667990778669,40.67531185621981],[-73.89661349197117,40.67531677630581],[-73.89654679569921,40.67531837864249],[-73.89648010458443,40.67531665636808],[-73.89641370421838,40.675311616857954],[-73.89634787894735,40.675303281692784],[-73.8962829106547,40.675291686566204],[-73.89621907755354,40.67527688113207],[-73.8961566529953,40.67525892879157],[-73.89609590429897,40.675237906421906],[-73.89603709160636,40.67521390404689],[-73.89598046676797,40.675187024451496],[-73.8959262722644,40.67515738274171],[-73.89587474016805,40.67512510585141],[-73.89582609114917,40.67509033199891],[-73.89578053353095,40.67505321009491],[-73.89573826239744,40.675013899104854],[-73.89569945875817,40.674972567368165],[-73.89566428877303,40.67492939187721],[-73.89563290304089,40.67488455751945],[-73.89560543595469,40.67483825628559],[-73.89558200512617,40.67479068644747],[-73.8955627108822,40.6747420517089],[-73.89554763583541,40.674692560333355],[-73.89553684453054,40.67464242425221],[-73.89553038316814,40.67459185815705],[-73.89552827940699,40.67454107858035],[-73.89553054224581,40.674490302968316],[-73.89553716198479,40.67443974874965],[-73.89554811026748,40.67438963240452],[-73.89556334020219,40.67434016853762],[-73.89558278656311,40.674291568959134],[-73.89560636606964,40.67424404177783],[-73.89563397774327,40.67419779050993],[-73.89566550334001,40.67415301320758]]],[[[-73.79997977064363,40.70156993273168],[-73.80003178064648,40.70151496109229],[-73.80008840333696,40.701462695936186],[-73.80014939624465,40.70141336106423],[-73.80021449818747,40.70136716772923],[-73.80028343039017,40.70132431373148],[-73.80035589767797,40.70128498257183],[-73.80043158974063,40.70124934266603],[-73.800510182461,40.70121754662362],[-73.80059133930293,40.7011897305946],[-73.80067471275206,40.70116601368652],[-73.80075994580389,40.701146497454346],[-73.80084667349217,40.701131265465975],[-73.80093452445156,40.70112038294413],[-73.80102312250757,40.70111389648738],[-73.80111208828713,40.70111183387041],[-73.80120104084277,40.701114203925265],[-73.80128959928369,40.70112099650348],[-73.8013773844064,40.701132182519515],[-73.80146402031829,40.70114771407532],[-73.80154913604693,40.70116752466538],[-73.8016323671284,40.70119152946141],[-73.80171335716771,40.701219625675655],[-73.80179175936469,40.70125169300086],[-73.80186723799886,40.70128759412537],[-73.80193946986691,40.701327175321076],[-73.8020081456665,40.701370267101574],[-73.8020729713207,40.70141668494777],[-73.80213366923718,40.70146623009801],[-73.8021899794969,40.701518690399055],[-73.80224166096714,40.701573841214355],[-73.80228849233417,40.701631446385974],[-73.80233027305094,40.70169125924571],[-73.80236682419613,40.701753023671294],[-73.80239798924035,40.701816475182945],[-73.80242363471673,40.70188134207591],[-73.80244365079265,40.70194734658391],[-73.80245795174024,40.702014206068434],[-73.80246647630386,40.70208163422904],[-73.80246918796261,40.70214934232927],[-73.8024660750871,40.702217040433034],[-73.8024571509894,40.70228443864618],[-73.80244245386656,40.702351248357886],[-73.80242204663713,40.70241718347653],[-73.80239601667216,40.702481961654854],[-73.80236447542126,40.70254530549901],[-73.80232755793564,40.70260694375648],[-73.80228542229001,40.70266661247773],[-73.80223824890591,40.702724056146565],[-73.80218623977923,40.70277902877441],[-73.8021296176154,40.70283129495364],[-73.80206862487589,40.70288063086592],[-73.80200352273985,40.702926825240596],[-73.80193458998589,40.702969680259635],[-73.80186212179815,40.70300901240469],[-73.80178642850234,40.70304465324316],[-73.80170783423667,40.703076450149524],[-73.80162667556374,40.703104266958995],[-73.80154330002922,40.70312798455075],[-73.80145806467333,40.70314750135801],[-73.8013713345017,40.7031627338031],[-73.80128348092218,40.70317361665547],[-73.80119488015411,40.70318010331091],[-73.80110591161696,40.703182165991336],[-73.80101695630535,40.703179795863576],[-73.80092839515726,40.703173003077396],[-73.8008406074225,40.70316181672186],[-73.80075396903838,40.70314628470085],[-73.8006688510196,40.703126473527824],[-73.80058561786929,40.70310246804102],[-73.80050462601784,40.70307437104008],[-73.80042622229642,40.70304230284565],[-73.80035074245158,40.7030064007843],[-73.80027850970737,40.70296681860016],[-73.8002098333811,40.70292372579653],[-73.80014500755874,40.70287730691002],[-73.80008430983548,40.70282776072006],[-73.80002800012704,40.70277529939776],[-73.7999763195567,40.70272014759705],[-73.79992948942285,40.70266254149276],[-73.79988771025138,40.70260272776907],[-73.79985116093721,40.702540962563006],[-73.79981999797836,40.702477510367736],[-73.79979435480604,40.70241264289969],[-73.79977434121348,40.702346637934944],[-73.79976004288599,40.702279778119866],[-73.79975152103445,40.70221234976059],[-73.79974881213329,40.702144641596924],[-73.79975192776479,40.70207694356605],[-73.79976085456963,40.70200954556088],[-73.79977555430453,40.70194273618864],[-73.7997959640062,40.70187680153522],[-73.7998219962613,40.70181202393986],[-73.79985353958104,40.70174868078647],[-73.7998904588788,40.70168704331574],[-73.79993259604888,40.70162737546367],[-73.79997977064363,40.70156993273168]]],[[[-73.89469978674356,40.705667344626185],[-73.89474688250878,40.70560986311686],[-73.8947988174853,40.7055548487162],[-73.89485536927393,40.70550253699798],[-73.89491629570779,40.705453151962466],[-73.89498133588945,40.705406905077254],[-73.89505021130806,40.70536399437197],[-73.89512262703198,40.70532460359029],[-73.89519827297173,40.70528890140324],[-73.89527682520765,40.70525704068711],[-73.89535794737687,40.70522915786879],[-73.89544129211353,40.705205372341794],[-73.89552650253606,40.70518578595502],[-73.89561321377505,40.70517048257664],[-73.89570105453562,40.70515952773517],[-73.89578964868691,40.70515296833876],[-73.89587861687258,40.70515083247449],[-73.89596757813489,40.705153129288036],[-73.8960561515457,40.70515984894451],[-73.89614395783748,40.70517096267065],[-73.89623062102694,40.705186422877944],[-73.8963157700249,40.70520616336638],[-73.89639904022499,40.70523009960788],[-73.89648007506473,40.705258129108195],[-73.89655852755212,40.70529013184574],[-73.89663406175139,40.70532597078547],[-73.89670635422131,40.70536549246552],[-73.89677509540009,40.70540852765434],[-73.89683999093084,40.705454892075196],[-73.89690076292209,40.70550438719517],[-73.89695715113758,40.70555680107525],[-73.89700891411088,40.70561190927775],[-73.89705583017924,40.705669475827115],[-73.89709769843297,40.70572925422061],[-73.89713433957587,40.70579098848352],[-73.89716559669328,40.70585441426523],[-73.89719133592403,40.70591925997121],[-73.89721144703404,40.705985247925916],[-73.89722584388855,40.70605209556174],[-73.8972344648212,40.70611951662895],[-73.89723727289845,40.706187222421505],[-73.89723425607801,40.7062549230132],[-73.89722542726065,40.70632232849925],[-73.8972108242354,40.70638915023772],[-73.89719050951784,40.706455102085506],[-73.89716457008285,40.70651990162366],[-73.89713311699238,40.70658327136693],[-73.89709628492005,40.706644939951936],[-73.89705423157484,40.70670464329923],[-73.8970071370258,40.7067621257444],[-73.89695520293121,40.70681714113277],[-73.89689865167519,40.706869453873665],[-73.89683772541548,40.70691883994933],[-73.89677268504654,40.706965087874345],[-73.89670380908247,40.70700799960135],[-73.89663139246416,40.707047391369144],[-73.89655574529645,40.70708309448984],[-73.89647719152,40.70711495607116],[-73.89639606752404,40.707142839671434],[-73.89631272070565,40.70716662588375],[-73.8962275079821,40.7071862128475],[-73.89614079426208,40.7072015166846],[-73.89605295088299,40.707212471858746],[-73.89596435402045,40.707219031456034],[-73.89587538307721,40.70722116738602],[-73.89578641905821,40.70721887050185],[-73.8956978429387,40.7072121506396],[-73.89561003403261,40.70720103657611],[-73.89552336836795,40.70718557590564],[-73.89543821707623,40.70716583483611],[-73.8953549448031,40.70714189790557],[-73.89527390814649,40.707113867620016],[-73.89519545412949,40.70708186401452],[-73.89511991871404,40.70704602413897],[-73.89504762536218,40.70700650147123],[-73.89497888365081,40.70696346525972],[-73.89491398794588,40.70691709979872],[-73.89485321614193,40.706867603638905],[-73.8947968284719,40.70681518873712],[-73.89474506639297,40.70676007954852],[-73.89469815155257,40.7067025120655],[-73.8946562848394,40.70664273280681],[-73.89461964552324,40.70658099776194],[-73.89458839048753,40.706517571294924],[-73.89456265355783,40.70645272501197],[-73.89454254492883,40.70638673659851],[-73.89452815069286,40.70631988863005],[-73.89451953247146,40.70625246736193],[-73.89451672715177,40.706184761503685],[-73.89451974672893,40.70611706098264],[-73.89452857825495,40.70604965570233],[-73.89454318389453,40.70598283430121],[-73.89456350108729,40.705916882916625],[-73.89458944281603,40.70585208395955],[-73.89462089797955,40.70578871490532],[-73.89465773186873,40.70572704710553],[-73.89469978674356,40.705667344626185]]],[[[-73.80050268588025,40.70612136636221],[-73.80063271852613,40.7059839367092],[-73.80077428339786,40.70585327310256],[-73.80092677427179,40.7057299350229],[-73.80108953815184,40.705614450581095],[-73.80126187806586,40.70550731425759],[-73.80144305604996,40.705408984785635],[-73.80163229630828,40.70531988318763],[-73.80182878853444,40.7052403909729],[-73.80203169138048,40.705170848504665],[-73.8022401360587,40.70511155354321],[-73.80245323006058,40.70506275997122],[-73.80267006097725,40.7050246767072],[-73.802889700405,40.70499746681125],[-73.80311120791913,40.70498124678708],[-73.80333363509916,40.704976086083306],[-73.80355602958834,40.704982006796385],[-73.80377743916979,40.70499898357575],[-73.80399691584223,40.70502694373262],[-73.80421351987758,40.70506576755089],[-73.80442632384322,40.705115288799654],[-73.8046344165717,40.705175295444725],[-73.80483690706099,40.70524553055606],[-73.80503292828837,40.70532569340774],[-73.80522164092197,40.705415440764895],[-73.80540223691386,40.70551438835315],[-73.80557394295944,40.70562211250336],[-73.80573602380817,40.70573815196519],[-73.80588778541174,40.70586200988157],[-73.80602857789593,40.70599315591553],[-73.8061577983436,40.70613102852055],[-73.80627489337692,40.706275037344525],[-73.80637936152755,40.70642456575689],[-73.80647075538486,40.7065789734887],[-73.80654868351296,40.706737599373646],[-73.80661281212802,40.706899764178694],[-73.80666286652911,40.7070647735123],[-73.80669863227602,40.70723192079755],[-73.80671995610932,40.70740049029732],[-73.8067267466083,40.707569760179084],[-73.8067189745845,40.70773900560579],[-73.80669667320836,40.707907501839614],[-73.8066599378693,40.7080745273455],[-73.80660892576891,40.70823936688093],[-73.80654385524971,40.708401314559126],[-73.80646500486182,40.70855967687188],[-73.80637271217176,40.70871377565975],[-73.8062673723183,40.70886295101653],[-73.80614943632175,40.70900656411562],[-73.80601940915358,40.70914399994613],[-73.80587784757495,40.70927466994711],[-73.80572535775312,40.709398014528524],[-73.80556259266619,40.709513505468244],[-73.80539024930697,40.70962064817465],[-73.80520906569829,40.70971898380529],[-73.80501981773223,40.70980809123239],[-73.80482331584707,40.70988758884688],[-73.80462040155602,40.70995713619312],[-73.80441194384262,40.710016435427434],[-73.80419883543844,40.71006523259397],[-73.80398198899877,40.71010331871271],[-73.8037623331929,40.710130530674746],[-73.8035408087258,40.710146751941004],[-73.80331836430798,40.71015191304159],[-73.80309595259116,40.71014599187335],[-73.802874526087,40.7101290137945],[-73.8026550330863,40.710101051516155],[-73.80243841359653,40.71006222479068],[-73.80222559531475,40.71001269989875],[-73.80201748965337,40.70995268893685],[-73.8018149878357,40.709882448908914],[-73.80161895707826,40.70980228062499],[-73.80143023687604,40.709712527412854],[-73.8012496354064,40.709613573647104],[-73.80107792606775,40.70950584310256],[-73.80091584416691,40.70938979713898],[-73.8007640837702,40.709265932724705],[-73.80062329473124,40.70913478030782],[-73.80049407990813,40.70899690154411],[-73.80037699258256,40.708852886891066],[-73.80027253409094,40.70870335307892],[-73.80018115167863,40.708548940469086],[-73.8001032365857,40.70839031031132],[-73.80003912237294,40.708228141911725],[-73.79998908349486,40.70806312972338],[-73.79995333412606,40.70789598037204],[-73.79993202724575,40.707727409630174],[-73.79992525398453,40.70755813935159],[-73.79993304323598,40.70738889438009],[-73.79995536153484,40.707220399445724],[-73.79999211320217,40.70705337606133],[-73.80004314075697,40.7068885394331],[-73.8001082255923,40.70672659539807],[-73.80018708891309,40.706568237402145],[-73.80027939293156,40.70641414353089],[-73.80038474231506,40.70626497360634],[-73.80050268588025,40.70612136636221]]],[[[-73.79213338745464,40.70982037226817],[-73.79219237133425,40.70974857292255],[-73.79225739982856,40.70967986284148],[-73.79232819446676,40.709614536242235],[-73.79240445209008,40.70955287285307],[-73.79248584614999,40.7094951367156],[-73.79257202810656,40.709441575054484],[-73.792662628921,40.70939241721871],[-73.79275726063568,40.70934787369981],[-73.79285551803547,40.70930813523061],[-73.7929569803826,40.70927337196869],[-73.79306121321804,40.70924373276789],[-73.79316777022173,40.709219344540905],[-73.79327619512333,40.70920031171615],[-73.7933860236556,40.709186715790494],[-73.79349678554223,40.70917861498049],[-73.79360800651098,40.709176043973066],[-73.79371921032424,40.70917901377702],[-73.79382992081783,40.709187511675935],[-73.79393966393955,40.70920150128259],[-73.79404796977867,40.70922092269477],[-73.79415437457779,40.70924569275162],[-73.79425842271813,40.70927570538979],[-73.79435966867032,40.70931083209758],[-73.79445767890185,40.7093509224648],[-73.79455203373308,40.7093958048271],[-73.79464232913433,40.709445287000754],[-73.79472817845556,40.70949915710532],[-73.79480921408211,40.709557184471045],[-73.79488508900862,40.70961912062626],[-73.79495547832511,40.70968470036123],[-73.79502008060818,40.709753642863724],[-73.7950786192119,40.70982565292125],[-73.79513084345264,40.70990042218501],[-73.79517652968266,40.709977630490165],[-73.79521548224818,40.71005694722676],[-73.79524753432742,40.71013803275521],[-73.79527254864533,40.71022053986058],[-73.7952904180619,40.71030411523934],[-73.79530106603126,40.71038840101222],[-73.79530444692999,40.71047303625659],[-73.79530054625292,40.71055765855194],[-73.79528938067573,40.710641905531936],[-73.79527099798396,40.710725416435935],[-73.79524547686898,40.71080783365406],[-73.79521292659135,40.71088880425844],[-73.79517348651333,40.71096798151469],[-73.7951273255027,40.71104502636671],[-73.79507464120985,40.71111960888873],[-73.79501565922169,40.71119140969825],[-73.79495063209605,40.71126012132375],[-73.79487983828024,40.711325449521624],[-73.79480358091901,40.711387114536244],[-73.79472218655638,40.71144485229813],[-73.7946360037375,40.711498415554885],[-73.79454540151589,40.71154757493019],[-73.79445076787324,40.7115921199062],[-73.7943525080577,40.711631859725095],[-73.79425104284836,40.711666624206245],[-73.79414680675322,40.71169626447499],[-73.7940402461481,40.71172065360029],[-73.793931817365,40.7117396871384],[-73.79382198473752,40.711753283580215],[-73.7937112186121,40.71176138470037],[-73.79359999333347,40.711763955806646],[-73.79348878521299,40.71176098588854],[-73.79337807048854,40.711752487664405],[-73.79326832328472,40.71173849752703],[-73.79316001358208,40.71171907538776],[-73.79305360520416,40.71169430441983],[-73.79294955383095,40.71166429070218],[-73.79284830504712,40.71162916276505],[-73.7927502924337,40.71158907103958],[-73.79265593571098,40.71154418721338],[-73.7925656389411,40.711494703495276],[-73.79247978879746,40.71144083179209],[-73.79239875290884,40.711382802800934],[-73.792322878285,40.7113208650213],[-73.79225248983084,40.71125528369069],[-73.79218788895494,40.71118633964865],[-73.79212935227918,40.711114328134045],[-73.7920771304542,40.711039557520586],[-73.79203144708639,40.710962347996166],[-73.79199249778058,40.710883030191646],[-73.79196044930278,40.710801943764885],[-73.79193543886636,40.710719435946146],[-73.79191757354499,40.710635860051234],[-73.79190692981442,40.71055157396819],[-73.79190355322557,40.710466938624975],[-73.79190745820985,40.71038231644378],[-73.79191862801791,40.71029806978902],[-73.79193701479177,40.71021455941572],[-73.79196253977027,40.710132142924714],[-73.79199509362672,40.710051173231406],[-73.7920345369376,40.70997199705461],[-73.79208070077985,40.70989495343195],[-73.79213338745464,40.70982037226817]]],[[[-73.78353468379268,40.71250169201385],[-73.78354769182431,40.712487950983835],[-73.7835618530667,40.712474886743706],[-73.78357710687902,40.7124625552361],[-73.78359338794205,40.71245100926605],[-73.78361062653785,40.712440298274736],[-73.78362874884833,40.71243046812786],[-73.78364767727133,40.71242156091923],[-73.78366733075295,40.71241361479051],[-73.78368762513453,40.7124066637679],[-73.78370847351323,40.71240073761641],[-73.78372978661388,40.712395861712466],[-73.7837514731714,40.71239205693523],[-73.7837734403217,40.71238933957713],[-73.78379559399906,40.7123877212742],[-73.78381783933914,40.71238720895616],[-73.78384008108509,40.712387804816814],[-73.78386222399543,40.71238950630464],[-73.7838841732519,40.71239230613369],[-73.7839058348655,40.71239619231479],[-73.78392711607881,40.7124011482069],[-73.78394792576337,40.71240715258836],[-73.78396817480973,40.71241417974781],[-73.78398777650908,40.71242219959411],[-73.78400664692457,40.712431177785454],[-73.78402470525064,40.712441075876214],[-73.78404187415914,40.71245185148163],[-73.78405808013038,40.712463458459325],[-73.78407325376794,40.71247584710685],[-73.78408733009593,40.712488964374536],[-73.78410024883712,40.71250275409264],[-73.78411195467109,40.71251715721185],[-73.78412239747121,40.71253211205618],[-73.78413153251917,40.71254755458707],[-73.78413932069654,40.712563418677476],[-73.78414572865232,40.712579636395276],[-73.78415072894576,40.71259613829389],[-73.78415430016382,40.71261285370988],[-73.78415642701293,40.71262971106535],[-73.78415710038455,40.712646638174625],[-73.78415631739405,40.71266356255325],[-73.78415408139324,40.71268041172841],[-73.78415040195591,40.712697113549275],[-73.78414529483696,40.71271359649591],[-73.78413878190482,40.71272978998566],[-73.784130891048,40.71274562467525],[-73.78412165605549,40.71276103275786],[-73.78411111647223,40.71277594825337],[-73.78409931742974,40.712790307291044],[-73.78408630945282,40.71280404838285],[-73.78407214824328,40.71281711268693],[-73.7840568944414,40.71282944425955],[-73.78404061336623,40.71284099029457],[-73.7840233747359,40.712851701349706],[-73.7840052523691,40.71286153155815],[-73.78398632386894,40.71287043882506],[-73.78396667029067,40.712878385007755],[-73.78394637579453,40.71288533607913],[-73.78392552728542,40.712891262273324],[-73.7839042140407,40.71289613821319],[-73.78388252732788,40.71289994301895],[-73.78386056001375,40.71290266039769],[-73.78383840616682,40.712904278713005],[-73.78381616065433,40.712904791034994],[-73.78379391873608,40.712904195169735],[-73.7837717756565,40.712902493668885],[-73.78374982623674,40.71289969381859],[-73.78372816446863,40.71289580760841],[-73.78370688311216,40.71289085167984],[-73.78368607329831,40.71288484725518],[-73.78366582413871,40.71287782004658],[-73.7836462223441,40.712869800145924],[-73.78362735185299,40.71286082189601],[-73.7836092934722,40.71285092374349],[-73.78359212453084,40.71284014807412],[-73.78357591854916,40.712828541031406],[-73.78356074492373,40.712816152318894],[-73.7835466686303,40.712803034987395],[-73.78353374994543,40.71278924520773],[-73.78352204418862,40.71277484203023],[-73.78351160148517,40.71275988713192],[-73.78350246655175,40.712744444552285],[-73.78349467850478,40.712728580419146],[-73.78348827069308,40.71271236266543],[-73.78348327055494,40.71269586073831],[-73.7834796995007,40.71267914530169],[-73.78347757282116,40.71266228793384],[-73.78347689962196,40.71264536082061],[-73.78347768278475,40.71262843644657],[-73.78347991895481,40.71261158728443],[-73.78348359855542,40.71259488548481],[-73.7834887058289,40.71257840256727],[-73.78349521890418,40.71256220911398],[-73.7835031098903,40.712546374467564],[-73.78351234499605,40.71253096643412],[-73.78352288467457,40.712516050992946],[-73.78353468379268,40.71250169201385]]],[[[-73.82635609650137,40.7577254276921],[-73.82652520044685,40.757546732426796],[-73.82670931109618,40.757376829522435],[-73.82690764002345,40.757216446459985],[-73.82711933794221,40.75706626995393],[-73.8273434983425,40.75692694301273],[-73.82757916137237,40.75679906218654],[-73.82782531794751,40.75668317501395],[-73.82808091407124,40.7565797776784],[-73.82834485534651,40.75648931288469],[-73.8286160116604,40.756412167964],[-73.82889322202138,40.75634867321643],[-73.82917529952843,40.75629910049722],[-73.82946103645078,40.75626366205344],[-73.82974920939685,40.756242509615475],[-73.83003858454984,40.75623573374784],[-73.83032792294803,40.75624336346147],[-73.83061598578699,40.75626536608967],[-73.83090153972117,40.75630164742782],[-73.83118336214204,40.756352052136684],[-73.83146024641056,40.75641636440693],[-73.83173100702125,40.75649430888303],[-73.83199448467609,40.75658555184148],[-73.83224955124636,40.75668970261923],[-73.83249511460143,40.75680631528549],[-73.83273012328358,40.756934890550276],[-73.83295357100914,40.75707487790156],[-73.83316450097652,40.75722567796129],[-73.83336200996278,40.7573866450509],[-73.83354525219113,40.757557089954986],[-73.83371344295296,40.757736282871534],[-73.83386586196866,40.75792345653567],[-73.83400185647308,40.758117809504235],[-73.8341208440121,40.75831850958654],[-73.8342223149387,40.75852469740687],[-73.83430583459732,40.75873549008369],[-73.83437104518772,40.75894998500938],[-73.83441766729968,40.759167263714744],[-73.83444550111237,40.75938639580141],[-73.8344544272531,40.759606442925616],[-73.83444440731168,40.7598264628162],[-73.83441548400796,40.760045513309315],[-73.83436778101219,40.76026265638306],[-73.83430150241863,40.76047696217452],[-73.83421693187454,40.76068751296194],[-73.83411443136845,40.76089340709508],[-73.83399443968277,40.7610937628569],[-73.83385747051722,40.761287722240056],[-73.83370411029118,40.761474454621776],[-73.83353501563442,40.76165316032196],[-73.83335091057661,40.76182307402841],[-73.83315258344798,40.76198346807528],[-73.83294088350418,40.76213365556018],[-73.83271671728986,40.762272993286786],[-73.83248104475642,40.76240088452041],[-73.83223487515079,40.76251678154439],[-73.83197926269261,40.76262018800669],[-73.83171530205843,40.7627106610464],[-73.83144412369235,40.76278781319121],[-73.83116688896327,40.762851314017446],[-73.83088478518916,40.76290089156582],[-73.83059902055018,40.762936333506666],[-73.8303108189122,40.762957488049764],[-73.8300214145829,40.76296426459455],[-73.82973204702327,40.76295663411853],[-73.82944395553663,40.762934629301434],[-73.82915837395879,40.762898344385306],[-73.82887652537119,40.7628479347707],[-73.82859961686061,40.76278361635076],[-73.82832883434735,40.76270566458634],[-73.82806533750414,40.762614413325565],[-73.82781025478806,40.762510253373584],[-73.82756467860598,40.76239363081819],[-73.82732966063512,40.76226504511851],[-73.82710620731802,40.76212504696514],[-73.82689527555202,40.76197423592099],[-73.82669776859079,40.76181325785252],[-73.82651453217647,40.76164280216303],[-73.82634635091821,40.76146359883905],[-73.82619394493298,40.76127641532354],[-73.82605796676303,40.76108205322818],[-73.82593899858293,40.7608813448999],[-73.82583754970852,40.76067514985544],[-73.82575405441798,40.76046435109998],[-73.82568887009467,40.7602498513451],[-73.82564227569932,40.7600325691427],[-73.82561447057856,40.759813434950914],[-73.8256055736141,40.75959338714954],[-73.82561562271698,40.75937336802136],[-73.82564457466837,40.75915431971715],[-73.82569230530783,40.75893718022133],[-73.82575861006812,40.75872287933566],[-73.82584320485427,40.7585123346979],[-73.82594572726292,40.75830644785311],[-73.82606573813696,40.75810610039358],[-73.82620272344833,40.757912150184666],[-73.82635609650137,40.7577254276921]]],[[[-73.8659200053289,40.83064439051028],[-73.86599808990262,40.8305618899511],[-73.86608311088428,40.83048344505274],[-73.86617470419327,40.83040939171355],[-73.8662724776105,40.83034004702627],[-73.86637601245792,40.83027570792053],[-73.86648486539137,40.830216649891476],[-73.86659857029885,40.83016312582049],[-73.86671664029627,40.830115364892414],[-73.86683856981215,40.830073571614335],[-73.86696383675205,40.83003792494024],[-73.86709190473387,40.83000857750483],[-73.8672222253842,40.82998565496995],[-73.86735424068597,40.829969255486866],[-73.8674873853673,40.829959449275854],[-73.86762108932153,40.829956278325746],[-73.86775478004773,40.82995975621407],[-73.86788788510162,40.82996986804905],[-73.86801983454617,40.8299865705332],[-73.86815006339144,40.8300097921488],[-73.86827801401338,40.83003943346401],[-73.86840313854097,40.83007536755857],[-73.86852490120182,40.83011744056713],[-73.8686427806158,40.830165472337875],[-73.8687562720273,40.83021925720398],[-73.86886488946627,40.83027856486385],[-73.8689681678289,40.830343141367244],[-73.86906566486911,40.83041271020241],[-73.86915696309207,40.830486973479914],[-73.86924167154206,40.830565613207995],[-73.86931942747655,40.83064829265401],[-73.86938989791973,40.83073465778606],[-73.86945278108851,40.830824338788894],[-73.86950780768521,40.83091695164715],[-73.86955474205098,40.831012099789625],[-73.86959338317551,40.83110937578719],[-73.86962356555821,40.83120836309747],[-73.86964515991754,40.83130863784819],[-73.86965807374523,40.83140977065224],[-73.86966225170296,40.831511328446354],[-73.86965767586015,40.83161287634538],[-73.86964436577132,40.83171397950462],[-73.86962237839309,40.8318142049818],[-73.86959180784092,40.83191312359121],[-73.86955278498677,40.83201031174149],[-73.86950547689926,40.83210535324964],[-73.86945008612888,40.83219784112338],[-73.86938684984112,40.832287379304155],[-73.8693160388013,40.83237358436316],[-73.86923795621561,40.83245608714364],[-73.86915293643288,40.83253453434176],[-73.8690613435132,40.83260859001979],[-73.86896356966902,40.832677937044984],[-73.86886003358566,40.83274227844772],[-73.86875117862847,40.83280133869351],[-73.86863747094408,40.83285486486309],[-73.86851939746403,40.8329026277357],[-73.86839746381946,40.832944422770964],[-73.86827219217541,40.83298007098484],[-73.8681441189945,40.83300941971629],[-73.86801379273905,40.83303234328126],[-73.8678817715221,40.8330487435109],[-73.86774862071667,40.83305855017214],[-73.86761491053426,40.83306172126845],[-73.86748121358234,40.83305824321977],[-73.86734810241173,40.8330481309207],[-73.86721614706411,40.83303142767658],[-73.86708591263043,40.83300820501817],[-73.86695795683035,40.832978562395134],[-73.86683282762347,40.832942626750146],[-73.8667110608623,40.83290055197507],[-73.86659317799707,40.832852518251926],[-73.86647968384248,40.83279873128096],[-73.86637106441547,40.832739421399786],[-73.86626778485392,40.83267484259663],[-73.86617028742441,40.83260527142262],[-73.86607898962839,40.83253100580722],[-73.86599428241433,40.83245236378213],[-73.86591652850358,40.83236968211938],[-73.86584606083734,40.832283314888734],[-73.86578318115116,40.832193631941365],[-73.86572815868317,40.83210101732593],[-73.86568122902155,40.832005867643694],[-73.86564259309611,40.83190859035008],[-73.86561241631851,40.8318096020097],[-73.86559082787437,40.83170932651244],[-73.86557792017078,40.831608193258134],[-73.86557374844122,40.83150663531782],[-73.86557833050975,40.83140508757913],[-73.86559164671529,40.83130398488403],[-73.86561363999658,40.831203760166794],[-73.86564421613717,40.83110484260019],[-73.86568324416947,40.83100765575776],[-73.86573055693626,40.83091261580003],[-73.86578595180698,40.83082012969281],[-73.86584919154599,40.83073059346442],[-73.8659200053289,40.83064439051028]]],[[[-73.85996701943722,40.832793648447904],[-73.86000606670018,40.83275240020543],[-73.86004858214794,40.832713179987515],[-73.86009438372086,40.83267615573745],[-73.86014327528898,40.832641485995055],[-73.86019504749176,40.83260931921771],[-73.8602494786347,40.83257979314483],[-73.8603063356385,40.83255303420801],[-73.86036537503722,40.83252915698979],[-73.86042634402067,40.83250826373297],[-73.86048898151692,40.832490443902834],[-73.86055301931013,40.83247577380417],[-73.860618183189,40.832464316254516],[-73.86068419412078,40.83245612031522],[-73.86075076944601,40.83245122108137],[-73.86081762408872,40.832449639531475],[-73.8608844717771,40.83245138243778],[-73.86095102626902,40.832456442337104],[-73.86101700257778,40.83246479756298],[-73.86108211819213,40.83247641233824],[-73.861146094286,40.83249123692829],[-73.86120865691221,40.83250920785409],[-73.86126953817552,40.83253024816384],[-73.86132847737956,40.832554267762546],[-73.86138522214316,40.83258116379773],[-73.86143952948093,40.832610821099806],[-73.86149116684369,40.83264311267522],[-73.86153991311426,40.83267790025021],[-73.86158555955421,40.83271503486273],[-73.86162791069785,40.83275435750044],[-73.86166678518906,40.832795699781464],[-73.86170201655804,40.83283888467536],[-73.86173345393424,40.83288372726114],[-73.86176096269239,40.83293003551908],[-73.86178442502914,40.83297761115295],[-73.86180374046762,40.833026250439026],[-73.86181882628783,40.83307574509849],[-73.86182961788096,40.833125883189304],[-73.86183606902627,40.833176450013625],[-73.86183815208916,40.833227229037284],[-73.86183585813964,40.83327800281694],[-73.86182919699077,40.833328553931196],[-73.8618181971568,40.8333786659117],[-73.86180290573125,40.83342812417002],[-73.86178338818537,40.83347671691666],[-73.86175972808802,40.833524236067895],[-73.86173202674784,40.83357047813693],[-73.86170040277966,40.833615245105314],[-73.86166499159663,40.83365834527088],[-73.86162594483046,40.83369959406872],[-73.86158342968221,40.833738814861576],[-73.86153762820639,40.83377583969635],[-73.86148873653129,40.83381051002321],[-73.86143696401926,40.833842677374776],[-73.86138253237014,40.8338722040018],[-73.86132567467183,40.83389896346322],[-73.86126663440221,40.83392284116752],[-73.86120566438636,40.83394373486359],[-73.86114302571386,40.8339615550786],[-73.86107898662065,40.83397622550118],[-73.86101382134035,40.83398768330829],[-73.86094780892961,40.83399587943412],[-73.86088123207325,40.83400077878045],[-73.86081437587339,40.8340023603668],[-73.86074752662853,40.83400061742033],[-73.86068097060738,40.833995557404876],[-73.86061499282286,40.833987201988926],[-73.86054987581143,40.83397558695289],[-73.86048589842311,40.83396076203581],[-73.86042333462717,40.83394279072233],[-73.86036245233892,40.83392174997089],[-73.86030351227221,40.83389772988405],[-73.86024676682302,40.83387083332262],[-73.86019245898845,40.833841175465196],[-73.86014082132618,40.83380888331482],[-73.86009207495853,40.83377409515513],[-73.86004642862555,40.83373695995815],[-73.86000407779115,40.833697636746194],[-73.85996520380614,40.83365629391103],[-73.85992997313164,40.833613108492536],[-73.85989853662633,40.83356826542067],[-73.85987102890059,40.833521956723494],[-73.85984756774009,40.833474380704764],[-73.85982825360159,40.83342574109476],[-73.85981316918284,40.83337624617782],[-73.85980237906868,40.83332610790047],[-73.8597959294545,40.83327554096368],[-73.85979384794875,40.83322476190359],[-73.85979614345476,40.833173988164106],[-73.85980280613285,40.83312343716596],[-73.85981380744258,40.83307332537553],[-73.8598291002652,40.83302386737798],[-73.85984861910553,40.83297527495836],[-73.85987228037261,40.832927756194806],[-73.85989998273776,40.83288151456746],[-73.8599316075686,40.83283674808723],[-73.85996701943722,40.832793648447904]]],[[[-73.88508021939619,40.83612084393893],[-73.88518641122886,40.83599152189898],[-73.88530351159089,40.83586775158738],[-73.88543101901186,40.835750062975485],[-73.88556838746807,40.83563895999084],[-73.88571502872102,40.83553491835974],[-73.88587031483651,40.83543838357067],[-73.88603358087333,40.835349768967305],[-73.88620412773047,40.835269453978945],[-73.88638122514008,40.835197782496415],[-73.88656411479415,40.83513506139994],[-73.88675201359064,40.835081559245545],[-73.88694411698594,40.8350375051154],[-73.88713960243882,40.83500308763733],[-73.88733763293145,40.83497845417742],[-73.88753736055223,40.834963710209124],[-73.88773793012517,40.83495891886188],[-73.88793848287048,40.834964100650794],[-73.88813816008039,40.83497923338902],[-73.88833610679467,40.835004252282495],[-73.88853147546035,40.835039050207406],[-73.88872342955949,40.83508347816879],[-73.88891114718992,40.8351373459381],[-73.88909382458347,40.835200422867636],[-73.88927067954673,40.835272438877844],[-73.88944095480944,40.835353085613235],[-73.88960392126643,40.83544201776247],[-73.88975888109904,40.835538854536516],[-73.88990517076283,40.83564318129858],[-73.89004216382865,40.835754551339214],[-73.89016927366505,40.83587248778858],[-73.89028595595043,40.83599648565781],[-73.89039171100414,40.83612601400099],[-73.8904860859268,40.83626051818817],[-73.89056867654021,40.83639942227982],[-73.89063912911921,40.836542131492706],[-73.89069714190711,40.83668803474629],[-73.89074246640928,40.83683650727913],[-73.89077490845833,40.83698691332395],[-73.89079432904707,40.83713860882976],[-73.89080064492516,40.83729094421962],[-73.89079382895719,40.83744326717213],[-73.89077391024024,40.83759492541476],[-73.8907409739811,40.837745269516894],[-73.8906951611326,40.8378936556711],[-73.89063666779172,40.838039448450026],[-73.89056574436115,40.83818202352778],[-73.89048269447837,40.8383207703536],[-73.89038787371645,40.838455094766786],[-73.89028168806263,40.838584421541434],[-73.89016459218053,40.838708196850064],[-73.89003708746394,40.83882589063577],[-73.88989971989028,40.83893699888249],[-73.88975307768294,40.839041045773875],[-73.88959778879247,40.83913758573147],[-73.88943451820754,40.83922620532319],[-73.889263965107,40.839306525034296],[-73.8890868598655,40.83937820089324],[-73.88890396092508,40.839440925944835],[-73.88871605154665,40.83949443156549],[-73.8885239364549,40.83953848861363],[-73.8883284383912,40.83957290841151],[-73.88813039458911,40.83959754355341],[-73.88793065318801,40.83961228853706],[-73.88773006959963,40.83961708021567],[-73.88752950284359,40.839611898068405],[-73.8873298118674,40.839596764288345],[-73.8871318518668,40.839571743687294],[-73.88693647062213,40.83953694341829],[-73.88674450486656,40.83949251251645],[-73.88655677670167,40.8394386412606],[-73.88637409007589,40.83937556035807],[-73.8861972273406,40.83930353995646],[-73.88602694589903,40.839222888486354],[-73.88586397496212,40.83913395134009],[-73.88570901242512,40.839037109392244],[-73.8855627218788,40.838932777368115],[-73.88542572976736,40.83882140206715],[-73.88529862270593,40.838703460449274],[-73.88518194496868,40.83857945759173],[-73.88507619615837,40.83844992452578],[-73.8849818290676,40.838315415962185],[-73.88489924774053,40.83817650791538],[-73.88482880574347,40.83803379523627],[-73.884770804652,40.83788788906471],[-73.88472549276068,40.83773941421203],[-73.88469306402108,40.837589006485224],[-73.88467365721267,40.837437309964066],[-73.88466735535,40.83728497424286],[-73.88467418532872,40.83713265164865],[-73.88469411781193,40.83698099444791],[-73.8847270673574,40.83683065205334],[-73.8847728927849,40.83668226824321],[-73.88483139778222,40.83653647840474],[-73.88490233174724,40.83639390681355],[-73.88498539086225,40.83625516396069],[-73.88508021939619,40.83612084393893]]],[[[-73.87863367988251,40.83957464743708],[-73.87869874596953,40.83950588990609],[-73.87876959384614,40.83944051145887],[-73.87884592012551,40.83937879204569],[-73.87892739796506,40.839320995948185],[-73.87901367846607,40.83926737064769],[-73.87910439216766,40.8392181457657],[-73.87919915062889,40.8391735320809],[-73.87929754809181,40.83913372062657],[-73.8793991632189,40.83909888187278],[-73.87950356089698,40.839069164996644],[-73.8796102941001,40.83904469724348],[-73.87971890580349,40.839025583382224],[-73.8798289309401,40.83901190525675],[-73.87993989839175,40.839003721435546],[-73.88005133300608,40.839001066961046],[-73.88016275763071,40.83900395319942],[-73.880273695156,40.83901236779207],[-73.88038367055773,40.83902627470847],[-73.88049221293062,40.839045614400476],[-73.88059885750445,40.83907030405718],[-73.88070314763391,40.83910023795951],[-73.88080463675345,40.83913528793281],[-73.8809028902894,40.83917530389557],[-73.88099748752039,40.83922011450197],[-73.8810880233788,40.83926952787556],[-73.88117411018501,40.83932333243048],[-73.88125537930752,40.839381297777685],[-73.88133148274115,40.83944317571105],[-73.88140209459745,40.83950870127015],[-73.8814669125001,40.83957759387478],[-73.8815256588799,40.83964955852605],[-73.88157808216344,40.83972428706962],[-73.8816239578507,40.83980145951508],[-73.88166308947655,40.83988074540601],[-73.88169530945238,40.83996180523489],[-73.88172047978418,40.84004429189686],[-73.88173849266371,40.84012785217599],[-73.88174927093077,40.84021212825762],[-73.88175276840383,40.84029675926066],[-73.88174897007845,40.84038138278285],[-73.8817378921919,40.84046563645251],[-73.88171958215412,40.84054915948049],[-73.88169411834521,40.840631594204915],[-73.88166160978022,40.84071258762302],[-73.88162219564272,40.84079179290275],[-73.88157604468927,40.84086887086801],[-73.88152335452703,40.84094349145128],[-73.881464350768,40.84101533510705],[-73.88139928606307,40.8410840941804],[-73.88132843902048,40.8411494742245],[-73.88125211301276,40.84121119526176],[-73.88117063487786,40.841268992982776],[-73.88108435351957,40.84132261987845],[-73.88099363841337,40.84137184629989],[-73.88089887802431,40.84141646144219],[-73.8808004781433,40.84145627424708],[-73.88069886014922,40.841491114221384],[-73.88059445920432,40.84152083216713],[-73.88048772239043,40.84154530082065],[-73.88037910679412,40.84156441539765],[-73.88026907754906,40.841578094041964],[-73.88015810584368,40.84158627817624],[-73.88004666690316,40.841588932752735],[-73.87993523795389,40.841586046403485],[-73.8798242961795,40.841577631488995],[-73.87971431667695,40.8415637240453],[-73.87960577042165,40.84154438362957],[-73.87949912225024,40.841519693065095],[-73.87939482886962,40.84148975808648],[-73.87929333690093,40.84145470688678],[-73.87919508096662,40.841414689568516],[-73.8791004818291,40.841369877500654],[-73.8790099445886,40.84132046258473],[-73.87892385694836,40.84126665643292],[-73.8788425875542,40.841208689461624],[-73.87876648441592,40.84114680990478],[-73.87869587341693,40.84108128275051],[-73.87863105691885,40.84101238860639],[-73.87857231246689,40.84094042249765],[-73.87851989160143,40.840865692603515],[-73.87847401878116,40.840788518937536],[-73.87843489042214,40.84070923197702],[-73.87840267405709,40.84062817124777],[-73.87837750761821,40.840545683870076],[-73.87835949884712,40.8404621230721],[-73.8783487248338,40.840377846677384],[-73.87834523168692,40.84029321557233],[-73.87834903433695,40.84020859216105],[-73.87836011647259,40.8401243388132],[-73.87837843061119,40.84004081631254],[-73.87840389830251,40.83995838231183],[-73.87843641046508,40.839877389801494],[-73.87847582785373,40.83979818559805],[-73.87852198165635,40.839721108859166],[-73.87857467421694,40.83964648963142],[-73.87863367988251,40.83957464743708]]],[[[-73.87292188308675,40.84160582894599],[-73.87294791269369,40.84157832723655],[-73.87297625500452,40.84155217728529],[-73.87300678865226,40.8415274910686],[-73.87303938288686,40.84150437429504],[-73.87307389813509,40.841482925952526],[-73.87311018659828,40.84146323788447],[-73.87314809288505,40.841445394396615],[-73.87318745467688,40.8414294718961],[-73.873228103423,40.84141553856406],[-73.87326986506218,40.841403654063924],[-73.87331256076804,40.84139386928585],[-73.8733560077147,40.84138622612886],[-73.87340001985966,40.84138075732136],[-73.87344440874038,40.841377486281125],[-73.87348898428122,40.841376427014886],[-73.87353355560732,40.84137758405851],[-73.87357793186187,40.84138095245745],[-73.87362192302325,40.84138651778806],[-73.87366534071882,40.841394256219274],[-73.87370799903127,40.84140413461467],[-73.87374971529488,40.84141611067441],[-73.87379031087754,40.84143013311622],[-73.87382961194565,40.84144614189513],[-73.87386745020846,40.841464068460525],[-73.87390366363869,40.84148383604955],[-73.87393809716629,40.84150536001595],[-73.87397060334243,40.84152854819244],[-73.87400104297099,40.84155330128535],[-73.8740292857045,40.841579513299806],[-73.87405521060232,40.84160707199354],[-73.87407870664867,40.84163585935766],[-73.87409967322786,40.84166575212168],[-73.87411802055531,40.841696622281574],[-73.874133670062,40.84172833764788],[-73.87414655473098,40.841760762411596],[-73.87415661938442,40.84179375772584],[-73.87416382091992,40.84182718230032],[-73.87416812849521,40.84186089300645],[-73.8741695236602,40.841894745490094],[-73.87416800043616,40.84192859478985],[-73.87416356534132,40.841962295957714],[-73.87415623736307,40.84199570467974],[-73.87414604787674,40.842028677894156],[-73.8741330405113,40.842061074403816],[-73.87411727096256,40.84209275548096],[-73.87409880675484,40.84212358546128],[-73.87407772695178,40.84215343232481],[-73.87405412181788,40.84218216826126],[-73.87402809243198,40.842209670217464],[-73.87399975025448,40.84223582042428],[-73.87396921665011,40.84226050690079],[-73.87393662236815,40.8422836239341],[-73.87390210698264,40.84230507253186],[-73.87386581829462,40.842324760846225],[-73.87382791169928,40.84234260456722],[-73.87378854952046,40.84235852728382],[-73.87374790031551,40.84237246081111],[-73.87370613815355,40.842384345482344],[-73.87366344186988,40.842394130404436],[-73.87361999430028,40.84240177367591],[-73.87357598149791,40.842407242566395],[-73.87353159193654,40.84241051365668],[-73.87348701570345,40.84241157293921],[-73.87344244368539,40.84241041587781],[-73.873398066751,40.84240704742733],[-73.87335407493345,40.84240148201231],[-73.87331065661672,40.842393743465266],[-73.87326799772869,40.84238386492461],[-73.87322628094493,40.84237188869264],[-73.87318568490647,40.84235786605456],[-73.8731463834547,40.842341857058756],[-73.87310854488692,40.84232393025952],[-73.87307233123565,40.842304162423694],[-73.8730378975747,40.842282638201794],[-73.87300539135519,40.842259449765464],[-73.872974951774,40.842234696412795],[-73.87294670917777,40.84220848414312],[-73.87292078450477,40.84218092520307],[-73.87289728876699,40.84215213760579],[-73.8728763225748,40.842122244625706],[-73.87285797570617,40.84209137427053],[-73.87284232672226,40.84205965873313],[-73.8728294426311,40.842027233825405],[-73.87281937860061,40.84199423839667],[-73.87281217772251,40.841960813739206],[-73.87280787082787,40.84192710298302],[-73.87280647635511,40.841893250483096],[-73.87280800027112,40.84185940120112],[-73.87281243604582,40.84182570008479],[-73.8728197646802,40.84179229144719],[-73.8728299547877,40.84175931834861],[-73.87284296272874,40.84172692198421],[-73.87285873279761,40.84169524107927],[-73.87287719746114,40.84166441129521],[-73.87289827764786,40.84163456464861],[-73.87292188308675,40.84160582894599]]],[[[-73.8906769630682,40.8655376144604],[-73.8908071210082,40.86540008639814],[-73.89094884798642,40.865269315176924],[-73.89110153708478,40.86514586073821],[-73.8912645344581,40.86503025169121],[-73.89143714213415,40.864922983049965],[-73.89161862100235,40.864824514114375],[-73.89180819397838,40.86473526650399],[-73.8920050493311,40.864655622353425],[-73.89220834415775,40.86458592267648],[-73.89241720799224,40.864526465906586],[-73.89263074653141,40.8644775066193],[-73.89284804546317,40.86443925444272],[-73.89306817438005,40.86441187316014],[-73.8932901907617,40.864395480009115],[-73.8935131440091,40.86439014517957],[-73.89373607951329,40.86439589151345],[-73.89395804274125,40.86441269440687],[-73.89417808332145,40.86444048191557],[-73.89439525911165,40.86447913506262],[-73.89460864023145,40.86452848834792],[-73.89481731304255,40.86458833045637],[-73.89502038405944,40.86465840516245],[-73.89521698377398,40.864738412427],[-73.89540627037766,40.86482800968138],[-73.89558743336518,40.86492681329384],[-73.89575969700431,40.86503440021177],[-73.89592232365715,40.865150309772396],[-73.89607461693844,40.86527404567482],[-73.89621592469743,40.86540507810458],[-73.89634564181061,40.86554284600161],[-73.8964632127734,40.865686759462164],[-73.8965681340794,40.865836202264056],[-73.89665995637745,40.86599053450492],[-73.89673828639674,40.866149095341726],[-73.89680278863231,40.866311205820104],[-73.89685318678299,40.866476171781166],[-73.8968892649362,40.866643286833735],[-73.89691086849429,40.86681183537885],[-73.8969179048383,40.86698109567375],[-73.89691034372643,40.86715034292254],[-73.89688821742548,40.86731885237971],[-73.89685162057457,40.8674859024536],[-73.89680070978169,40.86765077779663],[-73.89673570295498,40.86781277236878],[-73.89665687837126,40.86797119246111],[-73.89656457348597,40.868125359666855],[-73.89645918348961,40.868274613786916],[-73.89634115961671,40.86841831565751],[-73.8962110072146,40.86855584988765],[-73.89606928358033,40.868686627495094],[-73.8959165955748,40.86881008842908],[-73.89575359702447,40.868925703969296],[-73.89558098592168,40.86903297899058],[-73.89539950143569,40.869131454083906],[-73.89520992074691,40.869220707524306],[-73.89501305571847,40.86930035707743],[-73.89480974941867,40.869370061637035],[-73.8946008725099,40.86942952268617],[-73.89438731951904,40.86947848557605],[-73.89417000500545,40.86951674061694],[-73.89394985964321,40.869544123976524],[-73.89372782623406,40.86956051838171],[-73.89350485566833,40.86956585362115],[-73.89328190285134,40.86956010684581],[-73.89305992261234,40.86954330266717],[-73.89283986561391,40.86951551305151],[-73.89262267427921,40.869476857011755],[-73.89240927875458,40.86942750009755],[-73.89220059292484,40.869367653686076],[-73.89199751049826,40.86929757407644],[-73.89180090117814,40.86921756139175],[-73.89161160693737,40.86912795829336],[-73.89143043841199,40.869029148513],[-73.8912581714289,40.86892155520886],[-73.89109554368324,40.868805639152974],[-73.89094325157896,40.868681896757316],[-73.89080194724671,40.868550857947504],[-73.89067223575131,40.868413083892754],[-73.89055467250127,40.8682691646022],[-73.890449760871,40.86811971639776],[-73.89035795004611,40.867965379274224],[-73.89027963310107,40.86780681415817],[-73.8902151453172,40.867644700077186],[-73.89016476274836,40.86747973125183],[-73.89012870104051,40.86731261412225],[-73.89010711450992,40.86714406432297],[-73.89010009548423,40.86697480361819],[-73.89010767390889,40.866805556810846],[-73.8901298172209,40.86663704863889],[-73.89016643049005,40.866470000671974],[-73.89021735682742,40.866305128221626],[-73.89028237805894,40.86614313727839],[-73.8903612156613,40.8659847214891],[-73.8904535319563,40.865830559186904],[-73.89055893155822,40.86568131048698],[-73.8906769630682,40.8655376144604]]],[[[-73.89689077951743,40.867615973606256],[-73.89690379445732,40.867602220111],[-73.8969179664506,40.8675891422532],[-73.8969332348104,40.86757679603381],[-73.89694953415521,40.86756523432083],[-73.8969667946888,40.86755450662287],[-73.89698494249912,40.86754465887718],[-73.89700389987482,40.86753573325292],[-73.89702358563802,40.8675277679706],[-73.89704391549186,40.867520797138454],[-73.89706480238155,40.86751485060633],[-73.89708615686703,40.86750995383792],[-73.89710788750605,40.86750612780169],[-73.8971299012457,40.86750338888115],[-73.89715210382079,40.86750174880463],[-73.8971744001576,40.86750121459516],[-73.89719669478089,40.86750178854022],[-73.89721889222277,40.867503468182136],[-73.89724089743147,40.867506246328496],[-73.8972626161784,40.86751011108303],[-73.8972839554615,40.8675150458964],[-73.89730482390364,40.86752102963721],[-73.89732513214376,40.867528036682494],[-73.89734479321962,40.86753603702726],[-73.89736372294006,40.8675449964132],[-73.89738184024561,40.86755487647517],[-73.89739906755554,40.86756563490568],[-73.89741533110009,40.86757722563586],[-73.89743056123633,40.86758959903285],[-73.8974446927464,40.867602702112265],[-73.8974576651168,40.867616478765115],[-73.89746942279746,40.867630869998095],[-73.8974799154397,40.86764581418606],[-73.8974890981118,40.86766124733607],[-73.89749693149143,40.86767710336131],[-73.897503382034,40.867693314364146],[-73.89750842211636,40.867709810926776],[-73.89751203015513,40.86772652240858],[-73.89751419069904,40.86774337724858],[-73.89751489449526,40.86776030327181],[-73.89751413852888,40.867777227998495],[-73.89751192603597,40.86779407895431],[-73.89750826648968,40.867810783980815],[-73.89750317555969,40.86782727154434],[-73.89749667504515,40.867843471042484],[-73.89748879278133,40.86785931310624],[-73.89747956252046,40.86787472989719],[-73.89746902378721,40.867889655397946],[-73.89745722170942,40.8679040256949],[-73.89744420682493,40.86791777925179],[-73.89743003486508,40.86793085717347],[-73.89741476651622,40.86794320345782],[-73.89739846715966,40.86795476523573],[-73.89738120659183,40.867965492997484],[-73.89736305872536,40.867975340804755],[-73.89734410127252,40.86798426648733],[-73.89732441541258,40.86799223182367],[-73.897304085444,40.86799920270464],[-73.8972831984236,40.86800514927957],[-73.89726184379359,40.868010046084],[-73.89724011299874,40.86801387214888],[-73.89721809909466,40.86801661109019],[-73.89719589634929,40.86801825117925],[-73.89717359983929,40.86801878539284],[-73.89715130504288,40.86801821144336],[-73.89712910743087,40.86801653178862],[-73.89710710205797,40.86801375362118],[-73.8970853831556,40.86800988883773],[-73.89706404372843,40.86800495398809],[-73.8970431751561,40.867998970204226],[-73.89702286680186,40.867991963109915],[-73.89700320562994,40.867983962710944],[-73.89698427583312,40.867975003266594],[-73.89696615847217,40.86796512314292],[-73.89694893112879,40.86795436464857],[-73.89693266757328,40.86794277385343],[-73.8969174374488,40.86793040039151],[-73.89690330597298,40.8679172972483],[-73.89689033365876,40.86790352053384],[-73.89687857605522,40.86788912924258],[-73.89686808350972,40.86787418500061],[-73.89685890095232,40.86785875180175],[-73.89685106770345,40.86784289573371],[-73.89684461730539,40.867826684694826],[-73.89683957737884,40.86781018810357],[-73.89683596950454,40.86779347660098],[-73.8968338091309,40.86777662174845],[-73.89683310550787,40.86775969572111],[-73.89683386164738,40.867742770998824],[-73.8968360743104,40.86772592005587],[-73.89683973402089,40.86770921505043],[-73.89684482510633,40.86769272751582],[-73.89685132576493,40.86767652805395],[-73.89685920815896,40.86766068603323],[-73.89686843853393,40.86764526929131],[-73.89687897736326,40.86763034384476],[-73.89689077951743,40.867615973606256]]],[[[-73.88543868580194,40.87237968421692],[-73.88551679516678,40.872297171044465],[-73.88560184648344,40.87221871232913],[-73.88569347554144,40.87214464402844],[-73.8857912899686,40.872075283299175],[-73.8858948709112,40.872010927139726],[-73.8860037748277,40.871951851118226],[-73.88611753538775,40.8718983081931],[-73.88623566546904,40.87185052762992],[-73.88635765924273,40.871808714019885],[-73.88648299433929,40.87177304640405],[-73.88661113408476,40.87174367750673],[-73.88674152979847,40.87172073308174],[-73.88687362314194,40.87170431137404],[-73.88700684850919,40.871694482699056],[-73.88714063544805,40.87169128914184],[-73.88727441110228,40.87169474437672],[-73.88740760266401,40.8717048336089],[-73.8875396398258,40.87172151363769],[-73.88766995722219,40.871744713041515],[-73.88779799684993,40.871774332483625],[-73.88792321045693,40.87181024513745],[-73.88804506188943,40.87185229722938],[-73.88816302938719,40.87190030869727],[-73.88827660781746,40.87195407396111],[-73.88838531083759,40.87201336280335],[-73.88848867297736,40.87207792135422],[-73.88858625163193,40.872147473178934],[-73.88867762895704,40.87222172046081],[-73.88876241365823,40.87230034527663],[-73.88884024266649,40.8723830109576],[-73.88891078269306,40.872469363530755],[-73.8889737316569,40.87255903323463],[-73.88902881997856,40.87265163610223],[-73.88907581173488,40.87274677560513],[-73.88911450566974,40.87284404435127],[-73.88914473605641,40.872943025829265],[-73.8891663734077,40.873043296191824],[-73.88917932503124,40.87314442607066],[-73.8891835354268,40.873245982415],[-73.88917898652485,40.87334753034594],[-73.88916569776451,40.873448635018626],[-73.889143726011,40.87354886348435],[-73.88911316531282,40.87364778654457],[-73.88907414649967,40.87374498058888],[-73.88902683662283,40.873840029409074],[-73.8889714382404,40.87393252598156],[-73.88890818855042,40.874022074210544],[-73.88883735837557,40.87410829062419],[-73.8887592510039,40.874190806017104],[-73.88867420089039,40.87426926703147],[-73.88858257222496,40.87434333767041],[-73.88848475737312,40.87441270073711],[-73.88838117519576,40.87447705919326],[-73.88827226925561,40.87453613743134],[-73.88815850591763,40.874589682455046],[-73.88804037235168,40.87463746496288],[-73.88791837444617,40.8746792803304],[-73.8877930346414,40.87471494948646],[-73.88766488969183,40.87474431968038],[-73.88753448836722,40.87476726513618],[-73.88740238910201,40.87478368759127],[-73.88726915760353,40.87479351671737],[-73.88713536442884,40.874796710421805],[-73.88700158254089,40.87479325502765],[-73.8868683848542,40.8747831653325],[-73.88673634178102,40.874766484544914],[-73.88660601878799,40.874743284099445],[-73.88647797397404,40.8747136633507],[-73.88635275568004,40.87467774914758],[-73.88623090013995,40.87463569529019],[-73.88611292918429,40.874587681870935],[-73.88599934800499,40.87453391450316],[-73.88589064299168,40.87447462344046],[-73.88578727964877,40.87441006259055],[-73.8856897006016,40.87434050842762],[-73.88559832370122,40.87426625880829],[-73.88551354023475,40.874187631695776],[-73.88543571325016,40.87410496379824],[-73.88536517600151,40.874018609126495],[-73.88530223052234,40.87392893747795],[-73.88524714633247,40.873836332852875],[-73.88520015928438,40.873741191809735],[-73.88516147055361,40.873643921767],[-73.88513124577788,40.8735449392582],[-73.88510961434831,40.87344466814828],[-73.88509666885601,40.87334353781828],[-73.88509246469627,40.87324198132673],[-73.88509701983193,40.87314043355505],[-73.88511031471722,40.873039329345374],[-73.88513229238212,40.87293910163845],[-73.88516285867698,40.87284017961984],[-73.88520188267633,40.872742986882194],[-73.88524919724016,40.872647939611305],[-73.88530459973016,40.872555444804235],[-73.88536785287805,40.87246589852664],[-73.88543868580194,40.87237968421692]]]]},"properties":{"boro_cd":"105","borough":"MN","name":"Midtown East","origin_lat":40.752159973711066,"origin_lon":-73.98288949376341,"max_minutes":45.0,"departure":"2026-09-01T08:00:00","reachable_stops":392}},{"type":"Feature","geometry":{"type":"MultiPolygon","coordinates":[[[[-73.9749086577669,40.6248638929794],[-73.9749505898866,40.62480416063639],[-73.97499755945793,40.62474664576929],[-73.97504936534216,40.62469159465955],[-73.97510578569286,40.62463924303815],[-73.97516657890598,40.62458981507625],[-73.97523148465453,40.624543522425235],[-73.97530022500328,40.62450056331069],[-73.97537250559895,40.62446112168358],[-73.97544801693067,40.62442536643274],[-73.9755264356551,40.62439345066155],[-73.97560742598108,40.624365511032735],[-73.97569064110726,40.62434166718303],[-73.97577572470699,40.624322021211086],[-73.97586231245394,40.62430665724021],[-73.97595003358195,40.624295641058346],[-73.97603851247241,40.62428901983636],[-73.9761273702625,40.62428682192602],[-73.97621622646713,40.62428905673866],[-73.97630470060805,40.62429571470495],[-73.97639241384273,40.62430676731574],[-73.97647899058639,40.624322167244216],[-73.97656406011994,40.624341848548475],[-73.97664725817731,40.62436572695386],[-73.97672822850491,40.6243937002138],[-73.97680662438701,40.624425648547536],[-73.97688211013023,40.624461435152945],[-73.97695436250085,40.6245009067923],[-73.97702307210879,40.62454389444831],[-73.97708794473239,40.62459021404781],[-73.97714870257828,40.624639667249795],[-73.97720508547087,40.62469204229478],[-73.9772568519665,40.62474711491133],[-73.97730378038739,40.62480464927633],[-73.977345669771,40.62486439902485],[-73.97738234073074,40.62492610830484],[-73.97741363622428,40.62498951287274],[-73.97743942222621,40.62505434122478],[-73.97745958830218,40.62512031575979],[-73.97747404808213,40.625187153967616],[-73.97748273963029,40.62525456963895],[-73.9774856257108,40.625322274090834],[-73.97748269394737,40.62538997740282],[-73.9774739568766,40.62545738965851],[-73.97745945189466,40.625524222186975],[-73.97743924109734,40.625590188798874],[-73.97741341101457,40.62565500701214],[-73.97738207223999,40.62571839926151],[-73.97734535895778,40.6257800940872],[-73.97730342836817,40.625839827297455],[-73.97725646001462,40.62589734309996],[-73.97720465501497,40.62595239519723],[-73.97714823520056,40.62600474784138],[-73.9770874421662,40.62605417684378],[-73.97702253623588,40.6261004705352],[-73.97695379534791,40.62614343067228],[-73.9768815138648,40.62618287328654],[-73.97680600131264,40.62621862947229],[-73.9767275810556,40.626250546110114],[-73.97664658891108,40.62627848652249],[-73.97656337171156,40.62630233105925],[-73.97647828581916,40.62632197761003],[-73.97639169559943,40.62633734204154],[-73.97630397186084,40.626348358558005],[-73.97621549026668,40.62635497998285],[-73.97612662972602,40.626357177960834],[-73.97603777077103,40.626354943079406],[-73.97594929392699,40.626348284909156],[-73.9758615780827,40.626337231962665],[-73.97577499886759,40.62632183157252],[-73.97568992704304,40.626302149688506],[-73.97560672691431,40.6262782705952],[-73.97552575477044,40.62625029655096],[-73.97544735735823,40.62621834734996],[-73.97537187039724,40.626182559809145],[-73.97529961714204,40.62614308718228],[-73.97523090699784,40.626100098503485],[-73.97516603419545,40.62605377786353],[-73.97510527653132,40.626004323621125],[-73.97504889417796,40.62595194755362],[-73.97499712856977,40.62589687394992],[-73.97495020136934,40.625839338649996],[-73.97490831351833,40.625779588034845],[-73.97487164437712,40.625717877971276],[-73.97484035095691,40.62565447271635],[-73.97481456724768,40.62558964378549],[-73.97479440364448,40.625523668789825],[-73.97477994647511,40.625456830247366],[-73.97477125763065,40.62538941437319],[-73.97476837430071,40.62532170985368],[-73.97477130881451,40.625254006610454],[-73.97478004858839,40.62518659455874],[-73.97479455617993,40.625119762365976],[-73.9748147694487,40.62505379621573],[-73.97484060182249,40.62498897858223],[-73.97487194266843,40.62492558702078],[-73.9749086577669,40.6248638929794]]],[[[-73.9745341588221,40.62883879134318],[-73.97461802865162,40.62871932696506],[-73.97471197379727,40.62860429753079],[-73.97481559194028,40.628494195590065],[-73.97492843934917,40.62838949259096],[-73.97505003278025,40.62829063686154],[-73.9751798515472,40.62819805169054],[-73.97531733975077,40.62811213351519],[-73.97546190865923,40.62803325022404],[-73.9756129392291,40.62796173958216],[-73.97576978475556,40.62789790778511],[-73.97593177364138,40.627842028148194],[-73.97609821227188,40.62779433993651],[-73.97626838798452,40.62775504734066],[-73.9764415721196,40.627724318602745],[-73.97661702313948,40.62770228529609],[-73.97679398980299,40.62768904176213],[-73.97697171438104,40.62768464470651],[-73.97714943590029,40.62768911295635],[-73.97732639340046,40.62770242737968],[-73.97750182919175,40.627724530967356],[-73.9776749920981,40.627755329077],[-73.9778451406728,40.62779468983824],[-73.97801154637229,40.62784244471709],[-73.97817349667497,40.62789838923753],[-73.9783302981314,40.62796228385663],[-73.97848127933291,40.62803385499008],[-73.9786257937861,40.628112796183274],[-73.97876322268057,40.62819876942326],[-73.97889297753845,40.62829140658565],[-73.97901450273415,40.62839031101059],[-73.97912727787343,40.628495059200844],[-73.97923082002202,40.62860520263481],[-73.97932468577376,40.628720269686724],[-73.97940847314982,40.62883976764579],[-73.97948182332043,40.628963184825636],[-73.97954442214225,40.629089992755034],[-73.97959600150433,40.629219648440625],[-73.97963634047711,40.6293515966917],[-73.97966526625946,40.62948527249738],[-73.97968265491976,40.62962010344596],[-73.9796884319277,40.62975551217583],[-73.97968257247469,40.6298909188477],[-73.97966510158122,40.63002574362775],[-73.97963609399099,40.63015940917025],[-73.97959567385197,40.63029134309026],[-73.979544014186,40.630420980414605],[-73.97948133614891,40.63054776600153],[-73.9794079080845,40.63067115691801],[-73.97932404437641,40.63079062476507],[-73.97923010410264,40.630905657940836],[-73.97912648949864,40.63101576383154],[-73.97901364423531,40.631120470921566],[-73.97889205151965,40.631219330812804],[-73.97876223202573,40.631311920145336],[-73.97862474166521,40.63139784241074],[-73.97848016920675,40.63147672965045],[-73.9783291337546,40.63154824403188],[-73.97817228209706,40.63161207929544],[-73.97801028593634,40.631667962066565],[-73.9778438390115,40.631715653026475],[-73.97767365412705,40.63175494793757],[-73.97750046009965,40.63178567851814],[-73.97732499863612,40.631807713163305],[-73.97714802115642,40.631820957508765],[-73.97697028557467,40.63182535483497],[-73.97679255305245,40.631820886310166],[-73.97661558473833,40.631807571071036],[-73.97644013850716,40.63178546614069],[-73.97626696571359,40.63175466618447],[-73.97609680797356,40.63171530310434],[-73.97593039398738,40.63166754547395],[-73.97576843641849,40.63161159781644],[-73.97561162884064,40.63154769972836],[-73.97546064276722,40.63147612485344],[-73.97531612477502,40.63139717971026],[-73.975178693735,40.63131120237939],[-73.97504893816169,40.631218561055164],[-73.97492741369298,40.63111965246867],[-73.97481464071063,40.63101490018837],[-73.97471110211204,40.630904752805826],[-73.97461724124258,40.63078968201437],[-73.9745334599976,40.630670180588794],[-73.97446011710194,40.63054676027477],[-73.97439752657442,40.63041994959712],[-73.97434595638413,40.63029029159628],[-73.97430562730369,40.63015834150257],[-73.97427671196496,40.63002466435836],[-73.97425933412087,40.629889832598266],[-73.97425356811665,40.62975442359784],[-73.97425943857263,40.6296190172009],[-73.97427692028003,40.62948419323668],[-73.97430593831015,40.62935052903686],[-73.97434636833637,40.62921859696343],[-73.9743980371677,40.62908896195796],[-73.97446072349148,40.62896217912257],[-73.9745341588221,40.62883879134318]]],[[[-73.97451639000948,40.63474470673184],[-73.97464220582256,40.63456551027443],[-73.9747831357021,40.63439296617253],[-73.97493857609442,40.63422781323245],[-73.97510786132884,40.63407075860751],[-73.97529026646903,40.633922474770586],[-73.97548501041787,40.63378359663586],[-73.97569125926236,40.63365471884072],[-73.97590812984444,40.633536393200686],[-73.97613469354222,40.633429126347316],[-73.97636998024564,40.63333337755977],[-73.9766129825094,40.633249556799086],[-73.97686265986549,40.63317802295333],[-73.97711794327688,40.633119082301775],[-73.97737773971315,40.63307298720395],[-73.97764093682886,40.63303993501953],[-73.9779064077243,40.63302006726374],[-73.97817301576845,40.63301346900165],[-73.9784396194635,40.63302016848409],[-73.97870507733035,40.633040137026875],[-73.9789682527937,40.63307328913337],[-73.97922801904652,40.633119482860515],[-73.97948326387251,40.6331785204264],[-73.97973289440645,40.63325014905648],[-73.97997584181165,40.63333406206569],[-73.98021106585493,40.633429900170974],[-73.98043755935916,40.63353725302884],[-73.98065435251475,40.63365566099187],[-73.98086051703118,40.63378461707601],[-73.98105517011133,40.63392356913054],[-73.9812374782312,40.63407192220144],[-73.9814066607089,40.63422904107819],[-73.98156199304803,40.63439425301269],[-73.98170281004043,40.63456685059897],[-73.98182850861568,40.6347460948017],[-73.98193855042466,40.63493121811967],[-73.98203246414654,40.63512142787169],[-73.98210984750857,40.635315909590005],[-73.98217036901099,40.635513830507506],[-73.98221376934865,40.63571434312301],[-73.98223986252388,40.63591658883004],[-73.98224853664561,40.63611970159317],[-73.98223975441107,40.63632281165623],[-73.98221355326832,40.63652504926679],[-73.98217004525858,40.636725548400605],[-73.98210941653913,40.636923450470235],[-73.9820319265887,40.63711790800197],[-73.98193790709885,40.63730808826537],[-73.98182776055584,40.63749317683964],[-73.98170195851918,40.63767238110178],[-73.9815610396041,40.637844933621615],[-73.98140560717671,40.63801009544877],[-73.98123632677141,40.63816715927791],[-73.98105392324187,40.63831545247858],[-73.98085917765769,40.63845433997646],[-73.98065292395984,40.63858322697396],[-73.9804360453894,40.63870156149806],[-73.98020947070498,40.63880883676522],[-73.98004840938505,40.6388743814688],[-73.98012395502116,40.638876278516115],[-73.98056642455471,40.638909552577864],[-73.98100509059428,40.638964798617955],[-73.98143807512318,40.63904178011816],[-73.98186352443166,40.639140167505936],[-73.98227961704796,40.63925953956424],[-73.98268457153196,40.63939938523392],[-73.98307665409781,40.639559105800046],[-73.98345418603326,40.639738017453695],[-73.98381555088402,40.63993535421762],[-73.98415920137232,40.640150271223845],[-73.98448366602011,40.64038184832873],[-73.98478755544875,40.64062909405039],[-73.985069568328,40.640890949811414],[-73.985328496949,40.641166294469265],[-73.9855632323974,40.64145394911407],[-73.98577276930426,40.6417526821144],[-73.98595621015464,40.642061214388654],[-73.98611276913496,40.642378224879906],[-73.98624177550312,40.64270235621073],[-73.9863426764663,40.64303222049382],[-73.98641503955437,40.643366405273596],[-73.98645855447873,40.64370347957317],[-73.98647303446805,40.64404200002121],[-73.98645841707548,40.644380517032054],[-73.98641476445364,40.64471758101289],[-73.98634226309606,40.64505174857132],[-73.98624122304592,40.64538158869677],[-73.98611207657564,40.6457056888892],[-73.98595537634259,40.64602266120887],[-73.98577179302875,40.64633114822136],[-73.98556211247454,40.64662982881221],[-73.9853272323187,40.646917423846205],[-73.98506815815857,40.64719270164731],[-73.98478599924748,40.64745448327536],[-73.98448196374702,40.64770164757727],[-73.98415735355509,40.647933135990684],[-73.98381355873144,40.64814795707987],[-73.98345205154475,40.64834519078402],[-73.98331296284114,40.64841104003169],[-73.98349858134185,40.64878689009531],[-73.98365338876381,40.64917585091377],[-73.98377446643067,40.64957169047973],[-73.98386129529797,40.649972713853735],[-73.98391350294794,40.65037720386942],[-73.98393086519471,40.65078342848533],[-73.98391330705488,40.65118964820086],[-73.98386090307949,40.651594123505035],[-73.98377387704575,40.6519951223254],[-73.98365260100938,40.65239092744597],[-73.98349759372181,40.65277984386191],[-73.98330951841845,40.65316020603953],[-73.98316507064338,40.65340288566425],[-73.98326616531236,40.65343188115721],[-73.98385347760362,40.65363465155234],[-73.98442212330308,40.65386623978725],[-73.98496966789901,40.65412565445781],[-73.98549376713244,40.65441178502582],[-73.98599217702872,40.65472340656909],[-73.98646276350131,40.65505918502103],[-73.98690351148728,40.65541768287748],[-73.98731253357504,40.65579736534618],[-73.98768807808754,40.65619660691321],[-73.98802853658637,40.65661369829763],[-73.9883324507644,40.65704685376526],[-73.98859851869754,40.65749421876996],[-73.98882560042867,40.65795387789031],[-73.98901272285947,40.658423863027004],[-73.98915908392948,40.65890216182667],[-73.98926405606379,40.65938672629575],[-73.98932718887468,40.6598754815677],[-73.98934821110541,40.66036633478578],[-73.98933347971992,40.660707748658496],[-73.98978046715105,40.6606966460224],[-73.99060284010577,40.66071721772456],[-73.99142168676427,40.66077869865239],[-73.99223350218449,40.660880825646885],[-73.99303481148189,40.661023161568515],[-73.99382218468496,40.66120509716611],[-73.99459225139968,40.661425853681386],[-73.99534171522049,40.66168448617829],[-73.99606736782658,40.66197988758283],[-73.99676610270325,40.66231079341658],[-73.99743492843018,40.66267578720294],[-73.99807098147969,40.66307330652422],[-73.99811147129475,40.6631021858809],[-73.99867798312242,40.663173417788904],[-73.99956596640979,40.66333109125402],[-74.00043851122186,40.66353264564821],[-74.00129188273384,40.66377721827481],[-74.00212242807594,40.66406376229938],[-74.00292659195162,40.66439105122448],[-74.00370093184095,40.664757684132645],[-74.00444213272428,40.66516209167546],[-74.00514702126361,40.665602542782764],[-74.00581257938111,40.6660771520642],[-74.00643595717673,40.666583887870786],[-74.00701448512984,40.66712058098287],[-74.00754568553253,40.667684933887074],[-74.0080272831058,40.668274530602694],[-74.00845721475281,40.66888684701609],[-74.00883363840745,40.6695192616784],[-74.00915494093998,40.67016906702109],[-74.0094197450857,40.67083348094107],[-74.00962691536641,40.67150965870624],[-74.00977556297933,40.6721947051303],[-74.0098650496314,40.67288568696516],[-74.00989499030287,40.673579645457586],[-74.00986525492706,40.67427360901682],[-74.00977596897921,40.67496460593844],[-74.00962751297085,40.67564967713055],[-74.00942052085165,40.67632588878739],[-74.00941910552567,40.676329442367084],[-74.00953278872174,40.67655932959281],[-74.00982345968119,40.677288562832324],[-74.01005086842306,40.67803070776168],[-74.01021403913867,40.67878258677668],[-74.01031227098403,40.679540980487964],[-74.01034514111737,40.68030264150242],[-74.01031250654736,40.681064308325986],[-74.0102145047837,40.68182271932915],[-74.01005155328653,40.682574626714555],[-74.00982434771646,40.68331681042742],[-74.00953385899194,40.68404609194887],[-74.00918132916611,40.68475934791342],[-74.00876826613997,40.6854535234916],[-74.00829643723424,40.68612564548082],[-74.00776786164671,40.686772835047904],[-74.00718480182715,40.68739232006883],[-74.00707631476554,40.68749296329053],[-74.00704094532826,40.687766550133865],[-74.0068670766011,40.68856857928304],[-74.0066246642187,40.689360234595505],[-74.0063147439401,40.69013812565586],[-74.00593864077011,40.69089892088022],[-74.00549796332194,40.691639361791815],[-74.00499459696164,40.692356276985116],[-74.00443069576339,40.693046595718606],[-74.00380867330988,40.693707361077934],[-74.0031311923762,40.69433574265267],[-74.00240115354156,40.694929048672044],[-74.00162168277708,40.6954847375478],[-74.00079611806277,40.696000428774084],[-73.99992799509097,40.696473913137496],[-73.99902103211751,40.69690316219356],[-73.99807911402549,40.697286336968354],[-73.997793853761,40.69738470301133],[-73.99726106128666,40.69781763463861],[-73.99643279176638,40.698408016685704],[-73.99555554772829,40.698955898663115],[-73.99463308622806,40.69945893339002],[-73.99366935831351,40.699914965765274],[-73.99266849208983,40.7003220420134],[-73.99163477502057,40.70067841806777],[-73.99057263554064,40.70098256705426],[-73.98948662406069,40.70123318584377],[-73.98838139344426,40.701429200644455],[-73.98726167904269,40.701569771610345],[-73.98613227837325,40.701654296445874],[-73.98499803052879,40.70168241299101],[-73.9838637954076,40.701654000775655],[-73.98273443285338,40.70156918153673],[-73.98161478179534,40.701428318695726],[-73.98050963947892,40.70123201579874],[-73.97948952657835,40.70099631436097],[-73.97901848744907,40.70107981267241],[-73.977810937156,40.70123131012914],[-73.97659294919028,40.701322363891144],[-73.97609283702779,40.70133472097868],[-73.97555538602221,40.701553206672955],[-73.97525675043201,40.701656107819275],[-73.97594757622203,40.702390224869646],[-73.97700468964162,40.70368474358119],[-73.97794832814606,40.705029099112465],[-73.97871383282083,40.706315668540874],[-73.97955594874725,40.70734677687159],[-73.98036336993289,40.70849692976429],[-73.9810702372856,40.709684800987674],[-73.98134242425382,40.710235470377455],[-73.98202356481487,40.709958563399724],[-73.98275338645345,40.70970706603335],[-73.98350325628613,40.70949242482756],[-73.98426996433486,40.70931555855219],[-73.98505022863198,40.70917722427509],[-73.98584070925368,40.70907801412563],[-73.9866380226001,40.709018352763074],[-73.9874387558611,40.70899849556105],[-73.9882394816064,40.7090185275159],[-73.98903677243779,40.709078362883275],[-73.98982721564141,40.70917774554471],[-73.99060742777736,40.70931625010255],[-73.99137406914481,40.70949328369857],[-73.99212385806122,40.70970808854858],[-73.99285358489448,40.70995974518232],[-73.99356012578863,40.710247176374494],[-73.99424045602453,40.71056915175083],[-73.99489166295848,40.71092429304895],[-73.99505449784188,40.711025993897636],[-73.99523157984501,40.710668032277354],[-73.99547041125663,40.7102669826131],[-73.99574319812447,40.70987867729301],[-73.99604877191739,40.70950477886524],[-73.99638582379038,40.70914688816696],[-73.99675291019499,40.708806537473684],[-73.99714845906486,40.708485183942315],[-73.99757077655015,40.70818420337624],[-73.99801805427157,40.70790488433866],[-73.99848837706345,40.70764842263958],[-73.99897973117208,40.707415916219965],[-73.99949001287497,40.70720836045472],[-74.00001703748353,40.70702664389468],[-74.0005585486912,40.70687154446575],[-74.00111222822677,40.706743726141255],[-74.0014481295997,40.70668412024529],[-74.0017009592778,40.70644966884559],[-74.0020508346155,40.70616537951026],[-74.00242439077299,40.705899111560235],[-74.00282002816371,40.705652004975214],[-74.00323605272197,40.705425117686765],[-74.00367068315501,40.70521942105181],[-74.00412205856769,40.70503579569672],[-74.00458824642674,40.704875027749665],[-74.00459090700203,40.7048742655713],[-74.0046154354028,40.70481271876247],[-74.00477218510039,40.704495723275144],[-74.00495584066343,40.70418720810641],[-74.00516561535845,40.70388849423995],[-74.00540061065183,40.703600860675444],[-74.00565982006171,40.70332553895413],[-74.00594213347117,40.70306370788766],[-74.00624634188434,40.702816488512916],[-74.0065711426051,40.70258493929452],[-74.0069151448158,40.70237005159498],[-74.0072768755326,40.70217274543253],[-74.00765478591128,40.701993865544175],[-74.00804725787754,40.701834177771175],[-74.00845261105215,40.70169436578213],[-74.00886910994265,40.7015750281478],[-74.00929497136983,40.701476675779986],[-74.00972837209795,40.701399729745816],[-74.01016745663584,40.70134451946605],[-74.0106103451755,40.701311281305806],[-74.01105514163466,40.70130015756339],[-74.0114999417686,40.70131119586139],[-74.01194284131694,40.701344348942996],[-74.01238194415025,40.701399474874194],[-74.01281537038234,40.70147633765092],[-74.01324126441286,40.70157460820891],[-74.0136578028666,40.701693865831274],[-74.0140632023951,40.701833599948735],[-74.01445572730753,40.70199321232398],[-74.0148336969982,40.70217201961118],[-74.0151954931389,40.70236925628],[-74.01553956660561,40.70258407789094],[-74.0158644441095,40.70281556470875],[-74.01616873450435,40.70306272563813],[-74.0164511347432,40.70332450246475],[-74.01671043545862,40.70359977438399],[-74.0169455261429,40.70388736279748],[-74.0171553999059,40.704186036357406],[-74.01733915778993,40.7044945162367],[-74.0174960126236,40.70481148160283],[-74.01762529239744,40.705135575271676],[-74.01772644314738,40.70546540951729],[-74.01779903133307,40.70579957201275],[-74.01784274570133,40.70613663187673],[-74.01785739862598,40.70647514579979],[-74.01784292691887,40.70681366422435],[-74.01779939210796,40.70715073755164],[-74.01772698018134,40.70748492234943],[-74.0176260007984,40.70781478753341],[-74.01749688597087,40.708138920496296],[-74.01734018821975,40.70845593315827],[-74.01715657821558,40.70876446791227],[-74.01694684191229,40.70906320343944],[-74.01671187718658,40.709350860369526],[-74.01645268999735,40.70962620676147],[-74.0161703900813,40.70988806338156],[-74.01586618620338,40.71013530875559],[-74.01554138098217,40.71036688397415],[-74.0154005729334,40.710454849783495],[-74.01538740808064,40.71076251468407],[-74.01533732576434,40.711150147739076],[-74.01525403279439,40.7115344582685],[-74.01513788528902,40.71191380052466],[-74.01498938008397,40.71228655000806],[-74.01480915261392,40.712651110425504],[-74.01459797419977,40.71300592052754],[-74.01435674875331,40.713349460796756],[-74.01408650891315,40.71368025995726],[-74.01378841162833,40.713996901278],[-74.01346373320858,40.714298028643],[-74.01311386386222,40.714582352361845],[-74.01274030174494,40.71484865469618],[-74.01234464654524,40.71509579507798],[-74.01192859263358,40.71532271499739],[-74.01177962129374,40.71539322272029],[-74.01177481625953,40.71540528117039],[-74.0115710513045,40.71581738706474],[-74.01133229688767,40.716218469831894],[-74.01105957489804,40.716606811761544],[-74.01075405275672,40.71698074967909],[-74.01041703842493,40.717338682071706],[-74.01004997480877,40.717679075950485],[-74.00974851316674,40.71792402935411],[-74.00975574696426,40.71809158671107],[-74.00973469961734,40.718582436189],[-74.0096715033911,40.719071187294205],[-74.00956642798741,40.71955574705094],[-74.00941992247276,40.720034040387],[-74.0092326133703,40.72050401902157],[-74.0090053019913,40.72096367023879],[-74.00873896101717,40.721411025509916],[-74.00843473034612,40.721844168926886],[-74.00809391222263,40.72226124541094],[-74.00771796566977,40.72266046866143],[-74.0073085002486,40.723040128810375],[-74.00698865321009,40.723299983836625],[-74.00733152159272,40.723439386291155],[-74.0085035520374,40.723993755775695],[-74.00962543621355,40.72460524564401],[-74.01069237141131,40.725271238922744],[-74.01141207536297,40.72578393106915],[-74.01160463017567,40.72585028192306],[-74.01278261727134,40.72632913864943],[-74.0139169330426,40.72686557152366],[-74.01500272194106,40.727457284806135],[-74.01603533573598,40.728101746113346],[-74.01701035339663,40.72879619723763],[-74.01792360001059,40.729537665932966],[-74.01877116465673,40.73032297861694],[-74.01954941715682,40.73114877393482],[-74.0202550236337,40.732011517128235],[-74.02088496080935,40.73290751514706],[-74.02143652898116,40.7338329324408],[-74.02190736362022,40.73478380736123],[-74.02229544554166,40.735756069107794],[-74.02259910960227,40.73674555514225],[-74.02281705188766,40.73774802899893],[-74.022948335357,40.73875919841471],[-74.02299239392023,40.73977473370075],[-74.02294903492904,40.74079028627789],[-74.02281844007,40.74180150729618],[-74.02260116465467,40.74280406625903],[-74.02229813530882,40.743793669572106],[-74.02191064606897,40.74476607893732],[-74.02144035290264,40.745717129513324],[-74.02088926667399,40.7466427477643],[-74.02025974458451,40.74753896892021],[-74.01955448012414,40.74840195397432],[-74.01877649157551,40.74922800614332],[-74.01792910911936,40.75001358672089],[-74.01701596059634,40.75075533025537],[-74.01604095598539,40.75145005898618],[-74.0150082706652,40.752094796477344],[-74.0139223275302,40.752686780388665],[-74.01278777803768,40.75322347432973],[-74.01160948226773,40.75370257874556],[-74.01039248808138,40.75412204078667],[-74.00914200946697,40.754480063121086],[-74.00786340416789,40.754775111650346],[-74.00656215068868,40.755005922095464],[-74.00524382477825,40.75517150542524],[-74.00391407549236,40.755271152102786],[-74.00257860093883,40.75530443513213],[-74.00124312381018,40.755271211891795],[-73.99991336681003,40.75517162474705],[-73.9985950280793,40.75500610043876],[-73.9972937567288,40.75477534825094],[-73.99601512858418,40.75448035696513],[-73.99476462224806,40.754122390615024],[-73.99354759558287,40.753702983059284],[-73.99236926271637,40.75322393139643],[-73.99167381439636,40.7528949979872],[-73.99132442695301,40.752833019202725],[-73.99000324390884,40.75252812607715],[-73.98974923673376,40.75245539883738],[-73.98962864702416,40.752504402003325],[-73.98938522611638,40.7525882490087],[-73.98913511465332,40.75265980896763],[-73.9888793837708,40.752718775409726],[-73.9886191286805,40.752764895798194],[-73.98835546397798,40.7527979726119],[-73.98808951886726,40.75281786419151],[-73.98782243232276,40.7528244853465],[-73.9875553482095,40.75281780772017],[-73.98728941038202,40.752797859911084],[-73.98702575778357,40.752764727350566],[-73.9867655195663,40.752718551936695],[-73.98650981025345,40.75265953142627],[-73.98625972496433,40.752587918587665],[-73.986210839491,40.75257106745102],[-73.98622669836882,40.752579712488796],[-73.98636439385119,40.752665675301294],[-73.98649440171954,40.752758302438956],[-73.98661616526483,40.75285719728478],[-73.98672916307221,40.752961936382576],[-73.98683291125386,40.75307207124962],[-73.9869269655213,40.75318713029683],[-73.98701092308829,40.7533066208477],[-73.98708442439619,40.753430031247525],[-73.98714715465428,40.75355683305417],[-73.98719884518862,40.7536864833004],[-73.98723927459332,40.75381842681884],[-73.98726826967979,40.75395209861888],[-73.98728570621942,40.75408692630593],[-73.98729150947663,40.75422233253236],[-73.98728565453013,40.75435773746965],[-73.98726816638084,40.75449256129134],[-73.98723911984612,40.75462622665586],[-73.98719863924046,40.754758161179055],[-73.98714689784434,40.754887799885125],[-73.98708411716335,40.75501458762645],[-73.98701056598065,40.755137981460784],[-73.98692655920692,40.755257452976664],[-73.98683245653261,40.75537249055655],[-73.98672866088843,40.75548260156782],[-73.98661561672048,40.75558731447295],[-73.9864938080874,40.75568618084895],[-73.98636375658783,40.75577877730815],[-73.98622601912696,40.755864707311616],[-73.98608118553156,40.75594360286766],[-73.98592987602422,40.75601512610812],[-73.98577273856684,40.75607897073549],[-73.98561044608563,40.756134863335085],[-73.98544369358873,40.75618256454609],[-73.98527319518935,40.756221870086975],[-73.98509968104683,40.75625261163056],[-73.98492389423907,40.75627465752501],[-73.98474658757941,40.756287913357816],[-73.9845685203918,40.75629232236028],[-73.98439045525814,40.75628786565064],[-73.9842131547515,40.75627456231498],[-73.98403737816952,40.75625246932542],[-73.98386387828171,40.75622168129615],[-73.98369339810492,40.75618233007808],[-73.98352666772043,40.75613458419401],[-73.9833644011467,40.75607864811677],[-73.98320729328091,40.75601476139338],[-73.98305601692252,40.755943197618784],[-73.98291121989142,40.75586426326406],[-73.9827735222536,40.75577829636356],[-73.98264351366524,40.75568566506693],[-73.98252175084774,40.75558676606231],[-73.98240875520347,40.7554820228771],[-73.98230501058327,40.7553718840639],[-73.98221096121468,40.75525682127934],[-73.9821270098001,40.755137327263895],[-73.9820535157929,40.7550139137315],[-73.98199079385887,40.75488710917795],[-73.98193911252959,40.754757456617426],[-73.98189869305338,40.754625511256926],[-73.98186970844895,40.75449183811861],[-73.98185228276562,40.75435700961989],[-73.98184649055315,40.754221603122325],[-73.98185235654392,40.754086198459085],[-73.98186985554796,40.75395137545194],[-73.98189891256223,40.75381771142851],[-73.98193940309294,40.753685778750004],[-73.98199115368978,40.75355614236065],[-73.98205394268969,40.75342935736847],[-73.98212750116721,40.75330596666863],[-73.98221151408688,40.75318649861892],[-73.98230562165304,40.753071464777705],[-73.98240942085127,40.75296135771352],[-73.9825224671747,40.75285664889641],[-73.98264427652778,40.75275778667939],[-73.98277432729955,40.75266519437897],[-73.98291206259732,40.75257926846294],[-73.98305689263125,40.75250037685302],[-73.98320819723979,40.75242885734992],[-73.98336532854476,40.752365016187134],[-73.98352761372526,40.7523091267201],[-73.98369435789806,40.75226142825601],[-73.9838648470924,40.752222125029405],[-73.98403835130644,40.75219138532788],[-73.98421412763213,40.75216934077173],[-73.98439142343553,40.752156085750585],[-73.98456947957838,40.75215167701924],[-73.9847475336678,40.75215613345482],[-73.98492482331966,40.75216943597596],[-73.98510058942207,40.75219152762443],[-73.98527407938484,40.75222231380899],[-73.98544455036095,40.752261662710346],[-73.98552319358724,40.75228418330829],[-73.98533658760904,40.7521824576506],[-73.98513004800648,40.75205351151779],[-73.98493504124846,40.75191456843194],[-73.98475240239422,40.75176622342866],[-73.98458291352088,40.75160911180408],[-73.98442730037458,40.751443906393234],[-73.9842862292633,40.751271314688076],[-73.98416030420454,40.751092075806696],[-73.9840500643399,40.75090695732749],[-73.98399965692852,40.75080504971598],[-73.98361779135723,40.7507168981411],[-73.9822632254835,40.750328954643564],[-73.9816328711784,40.750111631413255],[-73.98160403357963,40.75010800589323],[-73.98012943522923,40.74984626792743],[-73.97868051757835,40.74951172724132],[-73.97726348937825,40.749105817463516],[-73.97588442241567,40.74863027803659],[-73.97541873224769,40.74844084740477],[-73.97396665504479,40.7481055051828],[-73.97250801016564,40.74768759683742],[-73.9710884478755,40.747198011996794],[-73.96971405053871,40.74663884867852],[-73.9692091984015,40.74639990269636],[-73.96907861856546,40.74700010074326],[-73.9687849033942,40.747956580416286],[-73.96840955222883,40.74889640138866],[-73.96795416927961,40.7498155384209],[-73.96742070176245,40.750710054699546],[-73.96681143160863,40.751576118711114],[-73.96612896573532,40.75241002066728],[-73.96537622491786,40.753208188410824],[-73.96455643131085,40.75396720273367],[-73.96367309467084,40.7546838120413],[-73.96272999733947,40.75535494630009],[-73.96173117805115,40.75597773020775],[-73.96068091463434,40.75654949552981],[-73.95958370568071,40.75706779254893],[-73.958444251261,40.75753040057775],[-73.9572674327702,40.75793533748986],[-73.95605829198928,40.758280868227494],[-73.95482200945322,40.75856551224936],[-73.95430954988913,40.75865615797339],[-73.95335089695656,40.75910891730611],[-73.95225065882607,40.75955551386261],[-73.95111434962344,40.75994642642682],[-73.94994683749616,40.76027998006715],[-73.94875312452903,40.76055474559295],[-73.94753832527971,40.76076954568941],[-73.94630764482775,40.76092345997154],[-73.94506635643225,40.761015828935086],[-73.94381977889445,40.761046256787964],[-73.94257325372344,40.76101461314942],[-73.9413321222034,40.76092103360976],[-73.94010170246212,40.76076591914823],[-73.93888726663938,40.76054993441158],[-73.93769401825458,40.76027400486066],[-73.93652706987096,40.75993931279761],[-73.93539142115343,40.75954729229048],[-73.93429193741446,40.7590996230175],[-73.93323332874083,40.75859822305767],[-73.93222012979142,40.75804524065853],[-73.93125668035277,40.757443045016835],[-73.93034710673646,40.75679421611219],[-73.92949530409808,40.75610153363703],[-73.92870491975383,40.75536796507129],[-73.92797933756617,40.754596652952806],[-73.92732166346535,40.753790901398474],[-73.92673471216867,40.75295416193425],[-73.92622099515378,40.75209001869525],[-73.92578270993748,40.75120217305913],[-73.92542173070487,40.75029442777948],[-73.92513960032872,40.749370670687156],[-73.92493752381223,40.74843485802949],[-73.92481636318242,40.74749099751913],[-73.92477663385527,40.7465431311653],[-73.92481850248704,40.745595317960955],[-73.92494178631993,40.74465161650005],[-73.92514595402413,40.74371606759964],[-73.92543012803131,40.74279267700082],[-73.92579308834887,40.74188539822275],[-73.92623327783731,40.74099811564312],[-73.92674880892766,40.740134627877],[-73.92733747174883,40.73929863152553],[-73.92799674362978,40.738493705363254],[-73.92872379993493,40.73772329503203],[-73.92951552618578,40.73699069830627],[-73.93036853141666,40.73629905099271],[-73.93127916270674,40.73565131352423],[-73.93224352082622,40.73505025830533],[-73.93278489476256,40.73475564190907],[-73.9323172861395,40.73425845842873],[-73.93201391118444,40.733886707055845],[-73.93183803046962,40.733790677638275],[-73.93029020724082,40.732822850789574],[-73.92882895637129,40.73178007061392],[-73.92746053573313,40.730666805834176],[-73.92619080451003,40.729487826998415],[-73.92616563254644,40.72946105682745],[-73.92527839985782,40.728827822555516],[-73.9240925366107,40.72786295707149],[-73.92299219822968,40.72684114365597],[-73.92198209520434,40.72576676036359],[-73.92106655077085,40.72464441027463],[-73.92043550848763,40.723744263033666],[-73.92041957533732,40.723729465059435],[-73.92026188708519,40.72356172650961],[-73.91996305314088,40.72353912483777],[-73.9185137882667,40.72335604004147],[-73.91708337567775,40.72310121571153],[-73.91567794494654,40.72277574385299],[-73.9143035183524,40.72238101920047],[-73.91296598502461,40.721918733228385],[-73.91167107566207,40.721390866887155],[-73.9104243379394,40.720799682096946],[-73.90923111270499,40.72014771203606],[-73.90809651107442,40.71943775026524],[-73.90702539251748,40.718672838735834],[-73.90602234403329,40.7178562547331],[-73.90509166050283,40.71699149681126],[-73.90423732630336,40.716082269781126],[-73.9041279131969,40.71594806419013],[-73.90325954202031,40.71532785249377],[-73.90230217820626,40.71454835447249],[-73.90141388810933,40.71372287482541],[-73.90065669739363,40.71291692314501],[-73.90023185527308,40.7127153896426],[-73.89914732629873,40.71212259343618],[-73.89811609110235,40.71147708308529],[-73.89714256636007,40.710781624240596],[-73.89710255391026,40.710749039308965],[-73.89706413747702,40.71075581925794],[-73.89666882164849,40.71080512016137],[-73.89627011441421,40.710834639931335],[-73.89586972345192,40.710844252133505],[-73.89546936365545,40.71083391559848],[-73.89507074978505,40.71080367459807],[-73.89467558911836,40.71075365865555],[-73.89428557413366,40.71068408199073],[-73.89390237525653,40.71059524260174],[-73.89389217891656,40.71059231162597],[-73.89393832388426,40.71074373607809],[-73.89398510643905,40.71096099208083],[-73.89401311594408,40.71118011119261],[-73.89402223227465,40.71140015512537],[-73.89401241620637,40.71162018162164],[-73.89398370958638,40.7118392484894],[-73.89393623515727,40.71205641763678],[-73.89387019603471,40.7122707590892],[-73.89378587484062,40.712481354972354],[-73.8936836324959,40.71268730344294],[-73.89356390667747,40.7128877225513],[-73.89342720994654,40.713081754018845],[-73.89327412755588,40.713268566914216],[-73.89310531494536,40.71344736121255],[-73.89292149493677,40.71361737122224],[-73.89272345463948,40.713777868865115],[-73.89251204208067,40.7139281667951],[-73.89228816257408,40.714067621342956],[-73.89205277484308,40.71419563527366],[-73.89180688691474,40.71431166034511],[-73.8915515518021,40.71441519965691],[-73.89128786299374,40.71450580977921],[-73.89101694976942,40.714583102652576],[-73.89073997236225,40.714646747250626],[-73.89045811698796,40.71469647099835],[-73.89017259076266,40.714732060939966],[-73.88988461653096,40.71475336465134],[-73.88959542762646,40.71476029089307],[-73.88930626258734,40.71475281000157],[-73.88901835984947,40.71473095401587],[-73.88873295244018,40.714694816540685],[-73.88845126269493,40.71464455234505],[-73.88817449702019,40.714580376699345],[-73.8879038407245,40.71450256445297],[-73.88764045294012,40.71441144885657],[-73.88738546165709,40.71430742013431],[-73.88713995889086,40.71419092381199],[-73.88690499600432,40.71406245880815],[-73.88668157920435,40.71392257529656],[-73.88647066523208,40.71377187234916],[-73.88627315726522,40.71361099536964],[-73.88608990105051,40.71344063332833],[-73.88592168128218,40.713261515810885],[-73.88576921824243,40.71307440989278],[-73.88563316471819,40.71288011685356],[-73.88551410320706,40.71267946874445],[-73.8854125434249,40.71247332482442],[-73.88532892012522,40.7122625678798],[-73.88526359123985,40.71204810044326],[-73.88521683634896,40.71183084092837],[-73.88518885548675,40.71161171969621],[-73.88517976828783,40.71139167507119],[-73.88518961347812,40.711171649322566],[-73.88521834871221,40.710952584629595],[-73.88526585075792,40.710735419046955],[-73.88533191602704,40.71052108248816],[-73.8854162614503,40.71031049274387],[-73.88551852569222,40.710104551552305],[-73.8856382707012,40.7099041407386],[-73.88577498358765,40.70971011843941],[-73.88592807882245,40.70952331542919],[-73.88609690074588,40.70934453156372],[-73.88628072637688,40.70917453235603],[-73.88647876850982,40.70901404569955],[-73.88669017908614,40.708863758752294],[-73.88691405282601,40.708724314995656],[-73.88714943110473,40.70859631147995],[-73.88739530605699,40.70848029626912],[-73.88765062489172,40.70837676609482],[-73.88791429439891,40.70828616423057],[-73.88818518562903,40.708208878594526],[-73.88846213872527,40.70814524008919],[-73.88874396788792,40.70809552118535],[-73.88902946644932,40.7080599347559],[-73.8893174120382,40.708038633164904],[-73.88960657181106,40.70803170761543],[-73.88989570772816,40.70803918775929],[-73.89018358185191,40.70806104157019],[-73.89028431006207,40.70807379555124],[-73.8902187875136,40.707963381607954],[-73.89007815624805,40.70767795710994],[-73.88996235818654,40.70738614429358],[-73.8898718888952,40.70708919282111],[-73.88980713545516,40.70678837434388],[-73.88976837481042,40.70648497705603],[-73.88975577258788,40.706180300177344],[-73.88976938239401,40.70587564838956],[-73.88980914559146,40.70557232624922],[-73.88987489155635,40.70527163260155],[-73.8899663384148,40.70497485501908],[-73.89008309425591,40.70468326428882],[-73.89022465881537,40.70439810897157],[-73.89039042562278,40.704120610056655],[-73.89057968460331,40.70385195573504],[-73.89079162512236,40.703593296313066],[-73.89096309939094,40.70341166600695],[-73.8908535434449,40.703309814122285],[-73.8902195371492,40.70263470290317],[-73.889644919374,40.701929476918224],[-73.88913214953838,40.70119715695216],[-73.88868342191827,40.700440879744406],[-73.8883006562756,40.69966388454282],[-73.88798548966774,40.69886949921983],[-73.88773926947165,40.69806112601075],[-73.88756304765215,40.69724222693533],[-73.88745757629808,40.69641630896534],[-73.8874233044449,40.69558690900168],[-73.88746037619651,40.69475757872556],[-73.88756863015357,40.69393186938853],[-73.88774760015,40.693113316606656],[-73.88799651729379,40.692305425223864],[-73.88831431330247,40.69151165430927],[-73.88869962511848,40.69073540235249],[-73.8891508007836,40.68997999272035],[-73.88917517804718,40.6899453829535],[-73.88911769941465,40.68949532206041],[-73.88908690930191,40.688750554544946],[-73.88912017627125,40.688005848690246],[-73.8892173557301,40.68726439338625],[-73.88937802944018,40.68652936349871],[-73.88960150734441,40.68580390627663],[-73.88988683055655,40.6850911278797],[-73.89023277550007,40.68439408008346],[-73.89063785917816,40.68371574721878],[-73.89067416015014,40.683664201696764],[-73.890219856006,40.68360665832316],[-73.88974337087546,40.683521601253226],[-73.88927521500207,40.68341300074903],[-73.88923387912858,40.6834011118056],[-73.88920025151286,40.683428374846386],[-73.88889139262736,40.683648032316086],[-73.88856432131614,40.68385184085244],[-73.88822043822772,40.68403892756811],[-73.88786121605168,40.68420849118634],[-73.88748819321017,40.68435980547453],[-73.88710296726714,40.684492222356475],[-73.88670718808345,40.6846051746896],[-73.88630255074747,40.6846981786955],[-73.88589078831124,40.684770836033216],[-73.8854736643636,40.68482283550658],[-73.88505296547207,40.68485395439764],[-73.88463049352603,40.684864059421585],[-73.88420805801407,40.68485310729763],[-73.8837874682686,40.68482114493472],[-73.88370136209993,40.68481023353817],[-73.88355094398949,40.684903951141095],[-73.88324324177266,40.68507133113952],[-73.88292181624365,40.685223032087],[-73.88258804393821,40.68535840426865],[-73.88224335429902,40.68547686789977],[-73.88188922355162,40.6855779156103],[-73.88152716837934,40.685661114619094],[-73.88115873942448,40.685726108588355],[-73.88078551464372,40.68577261915081],[-73.8804090925461,40.685800447102594],[-73.88003108534278,40.685809473256924],[-73.87965311203793,40.685799658954835],[-73.87927679149045,40.6857710462309],[-73.87890373547634,40.68572375763308],[-73.87853554178136,40.68565799569756],[-73.878173787354,40.685574042080745],[-73.87782002154773,40.6854722563523],[-73.87747575948204,40.68535307445419],[-73.87726461709875,40.68526687292982],[-73.87710356367951,40.68541583541896],[-73.87690556906931,40.68557630642804],[-73.8766942102731,40.68572657585053],[-73.87647039237447,40.685866000139235],[-73.876235073833,40.685993982188684],[-73.87598926237946,40.68610997389333],[-73.87573401069947,40.68621347849562],[-73.87547041192425,40.68630405271431],[-73.87519959494803,40.68638130864382],[-73.87492271959162,40.6864449154159],[-73.87464097163372,40.686494600617564],[-73.87435555773031,40.6865301514581],[-73.87406770024494,40.68655141568082],[-73.87377863201108,40.686558302215474],[-73.87348959105007,40.68655078156848],[-73.87320181526631,40.68652888594921],[-73.87291653714328,40.68649270913203],[-73.87263497846267,40.686442406054546],[-73.87235834506954,40.68637819215365],[-73.8720878217058,40.68630034244256],[-73.87182456693432,40.68620919033237],[-73.8715697081754,40.68610512620368],[-73.87132433687685,40.68598859573385],[-73.87108950383848,40.685860097987735],[-73.87086621471103,40.68572018327929],[-73.87065542568878,40.6855694508141],[-73.87045803941436,40.685408546122225],[-73.87027490111333,40.68523815829272],[-73.87010679497492,40.685059017021594],[-73.86995444079481,40.68487188948613],[-73.8698184908937,40.684677577058395],[-73.86969952732558,40.68447691187265],[-73.8695980593869,40.68427075326094],[-73.86951452143796,40.68405998407256],[-73.86944927104524,40.68384550689253],[-73.86940258745288,40.683628240176176],[-73.86937467038986,40.68340911431537],[-73.8693656392178,40.68318906765434],[-73.86937553242281,40.68296904247099],[-73.86940430745408,40.68274998094218],[-73.86945184090912,40.682532821108985],[-73.86951792906547,40.68231849286029],[-73.86960228875591,40.68210791395112],[-73.86970455858416,40.681901986073306],[-73.8698243004748,40.68170159099488],[-73.86996100155177,40.681507586785116],[-73.87011407633662,40.68132080414104],[-73.8702828692574,40.68114204283114],[-73.87046665745729,40.68097206827188],[-73.87066465389108,40.68081160825108],[-73.87087601069597,40.68066134981275],[-73.87109982282244,40.68052193631612],[-73.87133513190966,40.68039396468199],[-73.87158093038865,40.6802779828377],[-73.87183616579577,40.68017448737211],[-73.87209974527822,40.68008392141007],[-73.87237054027193,40.680006672716],[-73.87264739133214,40.67994307203425],[-73.87292911309594,40.67989339167362],[-73.87321449935547,40.67985784434206],[-73.87350232822023,40.67983658223611],[-73.87379136734641,40.67982969638987],[-73.87408037921074,40.679837216285144],[-73.87436812640668,40.67985910972538],[-73.87461856305052,40.67989086818757],[-73.87470305425566,40.679720703823065],[-73.87485961489642,40.679458641822755],[-73.87503835251515,40.679204936084474],[-73.87523850155299,40.678960672914506],[-73.87545920480042,40.678726898176826],[-73.8756995170703,40.67850461281625],[-73.8759584092471,40.67829476857435],[-73.8762347726948,40.67809826391585],[-73.87652742400446,40.6779159401834],[-73.8768351100616,40.67774857799682],[-73.87715651341091,40.67759689391248],[-73.87749025789618,40.677461537356756],[-73.87783491455073,40.677343087846985],[-73.8781890077134,40.67724205251156],[-73.87855102134394,40.67715886391998],[-73.87891940551083,40.6770938782317],[-73.87929258302374,40.67704737367234],[-73.87943701593117,40.67703669625592],[-73.87952033503853,40.67694843119589],[-73.87978889694371,40.676699985049765],[-73.88007822470558,40.67646544287631],[-73.88038707935327,40.67624580887059],[-73.88071413835092,40.67604202338868],[-73.88105800126075,40.67585495892337],[-73.88141719573845,40.67568541637076],[-73.88179018383576,40.67553412160299],[-73.88217536858323,40.67540172236226],[-73.88257110082486,40.67528878548934],[-73.88297568627549,40.675195794498066],[-73.88338739277084,40.67512314750671],[-73.88380445767925,40.675071155534454],[-73.88422509544336,40.67504004117083],[-73.88464750521968,40.67502993762327],[-73.8850698785834,40.67504088814722],[-73.88530821069267,40.67505900018247],[-73.88547541913127,40.67485487200088],[-73.8857609707825,40.67455231434588],[-73.88607189892495,40.674264622853705],[-73.88640687201348,40.67399302926496],[-73.88676445560826,40.673738696383325],[-73.8871431185179,40.67350271309941],[-73.88754123935553,40.673286089731654],[-73.88795711348006,40.673089753703245],[-73.88838896029276,40.67291454557403],[-73.88883493085798,40.67276121544426],[-73.8892931158154,40.672630419745396],[-73.88976155355026,40.672522718431715],[-73.89023823858628,40.67243857258486],[-73.89072113016586,40.672378342441256],[-73.89110856243042,40.6723496596501],[-73.89102771506539,40.67218548924719],[-73.89080909479412,40.671634286509686],[-73.8906382935116,40.67107337685343],[-73.89051604146648,40.670505162392324],[-73.89044286094851,40.669932076462146],[-73.89041906407274,40.669356573197895],[-73.89044475146454,40.66878111702336],[-73.89051981185051,40.668208172097536],[-73.89064392255676,40.66764019176314],[-73.89069062253581,40.667488541807444],[-73.8905183257413,40.66719802397511],[-73.89026846595384,40.666690600595736],[-73.89006272845414,40.6661718198643],[-73.88990199329817,40.66564390351642],[-73.88978694776115,40.66510911235929],[-73.88971808341209,40.66456973658735],[-73.88969569402703,40.66402808597296],[-73.8897198743502,40.66348647997409],[-73.88979051970755,40.662947237801866],[-73.8899073264744,40.66241266848945],[-73.89006979339456,40.66188506100628],[-73.89015991350266,40.661659844031256],[-73.89012247144912,40.66159670485933],[-73.88989605759771,40.66113685136453],[-73.88970962600031,40.6606667054339],[-73.88956397421079,40.66018828049902],[-73.88945972509704,40.6597036254036],[-73.88939732418812,40.65921481562736],[-73.88937703778149,40.6587239443965],[-73.88939895181827,40.658233113719156],[-73.8894629715311,40.65774442538379],[-73.88956882186598,40.65725997195949],[-73.88971604867542,40.65678182783641],[-73.88990402067851,40.65631204034489],[-73.89013193217824,40.65585262099112],[-73.89039880652484,40.65540553684695],[-73.89070350030997,40.65497270213051],[-73.89104470827328,40.65455597001384],[-73.8914209689007,40.654157124692276],[-73.89183067068974,40.65377787374967],[-73.89200685294897,40.65363496388637],[-73.89186177030852,40.65342762595105],[-73.89163297451567,40.65304177365379],[-73.89143780602853,40.65264535042741],[-73.89127710006774,40.652240053988734],[-73.89115154422521,40.65182762002396],[-73.89106167552967,40.65140981475363],[-73.89100787815764,40.65098842736739],[-73.89099038179948,40.65056526236109],[-73.89100926068755,40.650142131808714],[-73.89106443329001,40.64972084760252],[-73.89115566267184,40.64930321369458],[-73.89128255752092,40.648891018372865],[-73.89144457383503,40.64848602660492],[-73.89164101726179,40.64808997248207],[-73.89187104608189,40.647704551796146],[-73.89213367482225,40.647331414780936],[-73.89242777848382,40.646972159048865],[-73.89275209736552,40.64662832275365],[-73.89310524246358,40.646301378007536],[-73.89348570142339,40.645992724581845],[-73.89389184501776,40.64570368391724],[-73.89432193412439,40.64543549346965],[-73.89459798583468,40.645285200261355],[-73.89463220027528,40.64517403486253],[-73.89477474890137,40.64481763781896],[-73.89494759234071,40.644469105060836],[-73.89514999004976,40.64412992892525],[-73.89538107497859,40.64380156166407],[-73.89563985728986,40.643485409227864],[-73.89592522860254,40.6431828252483],[-73.89623596674204,40.64289510524477],[-73.89657074097684,40.642623481079966],[-73.89692811771856,40.64236911568846],[-73.89730656666141,40.64213309810005],[-73.89770446733455,40.64191643878002],[-73.8981201160394,40.641720065305435],[-73.89855173314213,40.641544818396504],[-73.8989974706904,40.64139144831944],[-73.89945542032127,40.64126061167669],[-73.89992362142722,40.64115286859785],[-73.90040006954474,40.64106868034329],[-73.90088272493028,40.64100840733104],[-73.90136952128641,40.64097230759479],[-73.90185837460136,40.64096053568015],[-73.90234719206413,40.640973141983466],[-73.90283388101713,40.6410100725363],[-73.90331635790805,40.64107116923627],[-73.90379255720302,40.641156170523374],[-73.90426044022288,40.641264712498874],[-73.90471800386494,40.64139633048215],[-73.90516328917295,40.6415504609985],[-73.90559438971873,40.64172644418971],[-73.90600945975989,40.6419235266372],[-73.9064067221384,40.642140864585244],[-73.9067844758867,40.64237752755108],[-73.90714110350851,40.64263250230601],[-73.9074750779035,40.64290469721088],[-73.90778496890593,40.643192946887105],[-73.9080694494095,40.64349601720362],[-73.90832730105194,40.64381261055819],[-73.90855741943533,40.644141371430706],[-73.9087588188592,40.644480892184546],[-73.9089306365467,40.64482971909155],[-73.90907213634505,40.64518635855435],[-73.9091827118849,40.64554928350007],[-73.90926188918436,40.64591693991743],[-73.90930932868703,40.64628775350982],[-73.90932482672461,40.64666013643556],[-73.90930831639805,40.64703249410655],[-73.90925986787315,40.647403232016444],[-73.90917968808931,40.64777076256869],[-73.90906811988222,40.64813351187565],[-73.90892564052456,40.64848992649915],[-73.90875285969045,40.648838480104416],[-73.9085505168523,40.64917767999761],[-73.9083194781211,40.649506073520385],[-73.90806073254376,40.64982225427281],[-73.90793610874324,40.6499544207909],[-73.90796201619534,40.650156947799076],[-73.90797962009097,40.65058011023515],[-73.90796084870803,40.65100324354427],[-73.90790578173892,40.651424535786994],[-73.90781465431124,40.65184218287371],[-73.90768785599263,40.652254396291006],[-73.90752592913367,40.65265941076167],[-73.9073295665561,40.653055491805986],[-73.90709960859594,40.65344094317142],[-73.90683703951377,40.653814114099305],[-73.90676626730402,40.6539005874748],[-73.90705683447679,40.65417082249039],[-73.9074318893926,40.65457032600118],[-73.90777183768667,40.65498765484396],[-73.90807522323513,40.65542102226739],[-73.90834074637621,40.65586857281742],[-73.90856726948435,40.656328390277636],[-73.90875382185234,40.656798505870206],[-73.90889960385984,40.65727690668261],[-73.90900399041087,40.65776154428387],[-73.90906653362482,40.65825034349366],[-73.90908696476934,40.658741211266516],[-73.9090804901516,40.65888719553461],[-73.90920582460926,40.65900374513294],[-73.90961972274988,40.659444568544274],[-73.90999488086355,40.65990506188349],[-73.91032969196264,40.66038325363083],[-73.91062272170356,40.66087709645106],[-73.91087271453944,40.661384475954534],[-73.91107859910956,40.66190321974578],[-73.91123949284153,40.662431106721186],[-73.91135470574682,40.66296587657616],[-73.91142374339275,40.66350523948073],[-73.91144630903807,40.66404688588277],[-73.91143418153705,40.66432052265194],[-73.91158989189603,40.6644863410448],[-73.91198854214379,40.664975608060665],[-73.91234432132391,40.66548368029183],[-73.91265570522276,40.66600838249605],[-73.91292135960165,40.666547468180454],[-73.91314014592466,40.66709862921512],[-73.91331112625038,40.66765950571139],[-73.91343356726675,40.66822769612277],[-73.91350694345066,40.668800767524985],[-73.91353093933914,40.66937626603155],[-73.91350545090168,40.66995172730014],[-73.91350285462346,40.66997159743388],[-73.91356104559497,40.67003355764567],[-73.91399492296193,40.67056598742925],[-73.91438214376703,40.67111888238934],[-73.91472104902742,40.67168987541982],[-73.91501018649792,40.672276521870224],[-73.91524831690677,40.67287631000659],[-73.9154344192819,40.67348667176092],[-73.91556769534455,40.6741049937224],[-73.91564757295076,40.67472862832426],[-73.91566052297794,40.67503894590381],[-73.91624471255047,40.675277233033775],[-73.916886556804,40.67558175376929],[-73.9175008734689,40.67591757972425],[-73.91771868127871,40.67605393200051],[-73.91789244161302,40.675945570365506],[-73.91814573724224,40.675807651628695],[-73.91841033735113,40.67568264034132],[-73.9186851089777,40.67557107174747],[-73.91896887562848,40.675473423533],[-73.91926042231444,40.67539011378109],[-73.91955850075122,40.675321499182985],[-73.9198618347018,40.675267873511565],[-73.92016912543829,40.675229466364065],[-73.9204790573001,40.675206442179665],[-73.92079030332424,40.675198899535566],[-73.92110153092386,40.67520687072538],[-73.92141140759104,40.67523032162067],[-73.92171860659893,40.67526915181729],[-73.9220218126795,40.675323195064834],[-73.92231972765211,40.67539221997815],[-73.9223613011758,40.67540416506204],[-73.92253720329408,40.675189222275286],[-73.92291339196846,40.67479027492528],[-73.92332304140064,40.67441091274774],[-73.92376439722896,40.674052759884944],[-73.92423556944081,40.67371734965179],[-73.92473454046697,40.673406117975794],[-73.92525917382008,40.67312039725422],[-73.92580722324021,40.672861410654534],[-73.92637634230866,40.6726302668822],[-73.9269640944885,40.67242795543851],[-73.9275679635494,40.67225534238827],[-73.92818536433197,40.672113166655855],[-73.92881365380585,40.672002036864846],[-73.92945014237428,40.671922428735115],[-73.93009210537713,40.6718746830485],[-73.93073679474315,40.671859004191376],[-73.93138145074214,40.67187545928057],[-73.93202331378656,40.6719239778764],[-73.93265963623266,40.67200435228391],[-73.93328769413071,40.67211623844097],[-73.93390479887428,40.6722591573898],[-73.93450830869908,40.672432497325204],[-73.93509563998205,40.67263551621105],[-73.93566427829302,40.672867344953836],[-73.9362117891513,40.673126991119744],[-73.93673582844173,40.67341334317945],[-73.93723415244547,40.673725175262355],[-73.93770462744293,40.674061152400355],[-73.93814523884753,40.67441983623847],[-73.93830848752539,40.674571504176946],[-73.9384590716145,40.674528445277176],[-73.93892744320951,40.67442054382036],[-73.9394040797027,40.67433619429675],[-73.93988694054408,40.67427575781477],[-73.94037395855679,40.67423949310798],[-73.94086304878036,40.67422755542827],[-73.94135211738978,40.67423999588159],[-73.94183907065259,40.67427676120957],[-73.94213364744358,40.674313942759944],[-73.94225874533684,40.67421238463305],[-73.94281104592162,40.673819056071025],[-73.94339594521452,40.67345406910371],[-73.94401093883825,40.67311898618773],[-73.94465339370844,40.67281524174241],[-73.94532055930195,40.672544136015155],[-73.94600957942527,40.67230682952105],[-73.94671750443302,40.67210433808021],[-73.94744130384431,40.671937528474025],[-73.94817787930332,40.67180711473897],[-73.94892407782862,40.671713655113585],[-73.94967670529522,40.67165754965163],[-73.95043254009147,40.67163903851157],[-73.95118834689312,40.671658200929954],[-73.95194089049558,40.671714954882475],[-73.95268694964578,40.67180905743476],[-73.95342333081459,40.67194010578099],[-73.95414688185132,40.672107538966095],[-73.95485450546208,40.67231064028429],[-73.95554317245472,40.67254854034336],[-73.95620993469387,40.67282022078219],[-73.95685193771081,40.673124518625336],[-73.95709246236876,40.67325588434004],[-73.95737305071822,40.673220720341845],[-73.95872336978822,40.673119957889],[-73.96007945125592,40.67308663656251],[-73.9614354922806,40.67312089894922],[-73.96278569019418,40.67322259843535],[-73.96346409565031,40.67330810019577],[-73.96427317765992,40.67320665621547],[-73.96555707750329,40.67311077266174],[-73.96684646304301,40.67307901387638],[-73.9681358166464,40.67311151576458],[-73.96941962081708,40.67320813924125],[-73.97060679771776,40.67335769014224],[-73.97173303789924,40.673158047773754],[-73.97294009371248,40.67300661355673],[-73.97336277521583,40.6729750164414],[-73.9729074706235,40.672690340705806],[-73.97237191214799,40.672308185517494],[-73.97187033358456,40.67190017699596],[-73.97140488268997,40.67146806275048],[-73.97097755236044,40.67101369360689],[-73.97059017210191,40.670539015674514],[-73.97024440020235,40.67004606200524],[-73.9699417166399,40.6695369438806],[-73.96968341675688,40.669013841764595],[-73.96947060572651,40.668478995960626],[-73.96930419383592,40.6679346970132],[-73.96918489260536,40.667383275894984],[-73.96911321175975,40.666827094021926],[-73.96908945706565,40.6662685331387],[-73.969113729042,40.665709985118276],[-73.96918592255032,40.66515384171895],[-73.96930572726554,40.664602484343135],[-73.96947262902496,40.664058273841235],[-73.96968591204961,40.6635235404046],[-73.9699446620277,40.66300057359092],[-73.97012730786105,40.66269388653446],[-73.96997272320517,40.662305348639016],[-73.96982649224228,40.66182702562696],[-73.9697216574669,40.661342443568756],[-73.96965866691652,40.66085367763194],[-73.96963778941375,40.66036282085565],[-73.96965911343098,40.659871975186746],[-73.96972254672725,40.65938324247857],[-73.96982781675925,40.65889871549078],[-73.96997447186392,40.658420468929194],[-73.97016188320762,40.65795055056341],[-73.97038924749322,40.65749097246053],[-73.97065559041302,40.65704370237271],[-73.97095977083302,40.65661065531475],[-73.97130048568977,40.6561936853683],[-73.97144454383074,40.656040689143325],[-73.97124317387446,40.65594525490891],[-73.97080947687587,40.655708403673685],[-73.97039705199671,40.655450455722644],[-73.97000766542746,40.65517251586466],[-73.9696429846224,40.654875774521116],[-73.96930457115859,40.65456150262423],[-73.96899387404969,40.654231046170615],[-73.96871222354319,40.65388582045341],[-73.96846082542761,40.653527303998004],[-73.96824075587396,40.653157032227],[-73.96805295683347,40.65277659088186],[-73.96789823201121,40.65238760922937],[-73.9677772434327,40.651991753082385],[-73.96769050861809,40.651590717664],[-73.96763839837583,40.65118622034668],[-73.96762113522516,40.65077999329686],[-73.96763879245391,40.65037377605668],[-73.96769129381558,40.64996930809485],[-73.96777841386668,40.64956832135817],[-73.96789977894281,40.64917253285587],[-73.96805486876909,40.64878363730844],[-73.96824301869778,40.648403299892536],[-73.96846342256346,40.64803314911242],[-73.96871513614344,40.64767476982955],[-73.96899708120807,40.64732969647878],[-73.96930805014406,40.64699940650121],[-73.96964671113045,40.64668531402124],[-73.9700116138451,40.646388763794974],[-73.9704011956774,40.646111025455816],[-73.97081378842022,40.6458532880818],[-73.97124762541279,40.64561665510784],[-73.97170084910363,40.6454021396048],[-73.97217151900135,40.64521065994514],[-73.97265761997934,40.64504303587415],[-73.97299108461193,40.64494752648565],[-73.97294082425837,40.64471519999216],[-73.9728973769634,40.644378120619564],[-73.97288296577652,40.6440395984789],[-73.97289765196734,40.64370108318481],[-73.97294137220608,40.64336402430074],[-73.97301393884229,40.643029865131865],[-73.97311504071581,40.64270003654521],[-73.97324424449646,40.6423759508434],[-73.97340099654625,40.64205899571823],[-73.9735846252966,40.64175052830991],[-73.97379434412963,40.641451869397486],[-73.9740292547517,40.64116429774523],[-73.97428835104412,40.64088904462908],[-73.97457052337492,40.640627288566925],[-73.97487456335287,40.64038015027433],[-73.97519916900346,40.64014868786864],[-73.97554295034465,40.6399338923406],[-73.97590443533846,40.639736683313686],[-73.97628207619304,40.63955790510895],[-73.97667425598807,40.63939832313224],[-73.9770792955953,40.63925862059914],[-73.97739751541405,40.63916745565996],[-73.97737567451973,40.6391647043421],[-73.97711588601616,40.639118506460505],[-73.9768606205638,40.639059463677505],[-73.97661097138084,40.6389878288569],[-73.97636800762302,40.63890390878966],[-73.97613276980334,40.63880806287963],[-73.97590626533463,40.63870070160387],[-73.97568946421413,40.638582284753745],[-73.9754832948686,40.638453319465434],[-73.97528864017777,40.63831435804713],[-73.97510633369326,40.638165995613065],[-73.97493715606892,40.63800886753394],[-73.97478183171813,40.637843646715396],[-73.97464102571239,40.63767104071532],[-73.97451534093412,40.63749178871305],[-73.97440531549633,40.63730665834322],[-73.9743114204398,40.637116442407724],[-73.97423405771787,40.636921955480034],[-73.97417355847713,40.63672403041651],[-73.97413018164188,40.63652351478918],[-73.97410411280761,40.63632126725608],[-73.97409546344895,40.636118153883935],[-73.9741042704449,40.63591504443926],[-73.97413049592379,40.63571280866392],[-73.97417402742798,40.63551231255076],[-73.9742346783982,40.63531441463558],[-73.97431218897499,40.63511996232093],[-73.97440622711387,40.634929788248094],[-73.97451639000948,40.63474470673184]]],[[[-73.97980298147172,40.75809044269541],[-73.97985549595914,40.75801577628329],[-73.97991432003343,40.757943881395185],[-73.97997920178858,40.75787506588669],[-73.98004986338208,40.75780962442651],[-73.98012600222472,40.75774783723474],[-73.9802072922765,40.757689968883234],[-73.98029338544278,40.757636267162724],[-73.98038391306478,40.75758696202199],[-73.98047848749829,40.75754226458331],[-73.98057670377334,40.75750236623865],[-73.98067814132817,40.75746743783012],[-73.98078236580989,40.75743762891871],[-73.98088893093414,40.75741306714388],[-73.98099738039575,40.75739385767709],[-73.98110724982239,40.757380082771654],[-73.98121806876252,40.75737180141044],[-73.98132936269965,40.75736904905351],[-73.98144065508376,40.75737183748618],[-73.98155146937141,40.75738015476864],[-73.98166133106602,40.75739396528707],[-73.9817697697492,40.757413209906055],[-73.98187632109475,40.757437806221795],[-73.98198052885647,40.7574676489149],[-73.9820819468216,40.75750261020128],[-73.98218014072111,40.757542540379184],[-73.98227469008903,40.75758726847014],[-73.98236519006274,40.75763660295096],[-73.98245125311632,40.75769033257373],[-73.98253251072002,40.757748227270184],[-73.98260861491806,40.75781003913677],[-73.98267923981876,40.75787550349599],[-73.98274408299008,40.75794434002968],[-73.98280286675461,40.7580162539791],[-73.98285533937901,40.75809093740703],[-73.98290127615203,40.758168070516255],[-73.98294048034707,40.758247323018814],[-73.98297278406484,40.75832835555022],[-73.98299804895285,40.75841082112251],[-73.98301616679807,40.758494366610044],[-73.98302705999082,40.75857863426162],[-73.98303068185761,40.75866326323219],[-73.98302701686136,40.758747891128216],[-73.98301608066845,40.75883215555938],[-73.98299792008217,40.7589156956904],[-73.98297261284264,40.758998153786244],[-73.98294026729452,40.75907917674407],[-73.98290102192334,40.75915841760533],[-73.98285504476293,40.75923553704159],[-73.98280253267632,40.759310204807754],[-73.98274371051288,40.75938210115629],[-73.9826788301459,40.75945091820662],[-73.98260816939418,40.75951636126365],[-73.9825320308325,40.759578150079975],[-73.98245074049608,40.75963602005597],[-73.98236464648441,40.75968972337307],[-73.98227411747072,40.759739030055194],[-73.98217954112306,40.759783728953686],[-73.98208132244415,40.7598236286516],[-73.98197988203687,40.75985855828369],[-73.9818756543029,40.75988836826797],[-73.98176908558227,40.759912930946705],[-73.98166063224168,40.75993214113291],[-73.98155075871986,40.75994591656101],[-73.98143993553836,40.75995419823916],[-73.98132863728625,40.75995695070188],[-73.98121734058745,40.759954162162025],[-73.98110652205915,40.75994584456127],[-73.98099665627052,40.759932033518886],[-73.98088821371,40.75991278817924],[-73.98078165877013,40.759888190958435],[-73.98067744775858,40.759858347191404],[-73.98057602694378,40.759823384680544],[-73.98047783064347,40.75978345314862],[-73.9803832793647,40.759738723597245],[-73.98029277800279,40.75968938757457],[-73.98020671410742,40.759635656354945],[-73.98012545622278,40.75957776003394],[-73.98004935230938,40.75951594654286],[-73.97997872825405,40.75945048058706],[-73.97991388647445,40.759381642511975],[-73.97985510462405,40.75930972710275],[-73.97980263440351,40.75923504232156],[-73.97975670048295,40.7591579079888],[-73.97971749954017,40.75907865441332],[-73.97968519941877,40.75899762097803],[-73.97965993840972,40.75891515468631],[-73.97964182465972,40.75883160867611],[-73.97963093570833,40.75874734070763],[-73.97962731815649,40.758662711631274],[-73.97963098746746,40.758578083842416],[-73.97964192790101,40.75849381972954],[-73.97966009258131,40.75841028012248],[-73.97968540369818,40.75832782274731],[-73.97971775284063,40.758246800694536],[-73.97975700146162,40.75816756090722],[-73.97980298147172,40.75809044269541]]],[[[-73.98102654989889,40.76263298128268],[-73.98104755659195,40.76260311451759],[-73.98107108734278,40.762574356341894],[-73.98109704138714,40.76254682990107],[-73.9811253075844,40.76252065306592],[-73.9811557648935,40.762495937928065],[-73.98118828289128,40.76247279031986],[-73.98122272233098,40.76245130936123],[-73.98125893573848,40.762431587035294],[-73.98129676804385,40.762413707794515],[-73.98133605724531,40.76239774819907],[-73.98137663510295,40.762383776588955],[-73.98141832785906,40.76237185279149],[-73.9814609569822,40.76236202786521],[-73.98150433993163,40.762354343880915],[-73.98154829093886,40.76234883374191],[-73.98159262180314,40.762345521042924],[-73.98163714269727,40.762344419969104],[-73.98168166298036,40.76234553523534],[-73.98172599201415,40.76234886206594],[-73.98176993997926,40.762354386215286],[-73.98181331868797,40.76236208402865],[-73.98185594238998,40.76237192254353],[-73.98189762856771,40.762383859630866],[-73.98193819871791,40.76239784417526],[-73.9819774791159,40.76241381629405],[-73.98201530155941,40.76243170759353],[-73.98205150408893,40.762451441461955],[-73.98208593168107,40.76247293339741],[-73.98211843691249,40.762496091369776],[-73.98214888059105,40.76252081621471],[-73.98217713235198,40.76254700205835],[-73.98220307121603,40.76257453677046],[-73.98222658610756,40.76260330244481],[-73.98224757633024,40.76263317590387],[-73.98226595199824,40.76266402922625],[-73.98228163442123,40.76269573029457],[-73.98229455644129,40.76272814336108],[-73.98230466272067,40.762761129629006],[-73.98231190997875,40.76279454784677],[-73.98231626717745,40.76282825491301],[-73.98231771565425,40.76286210648921],[-73.98231624920207,40.762895957617815],[-73.98231187409611,40.762929663343044],[-73.98230460906684,40.76296307933139],[-73.98229448522008,40.76299606249],[-73.98228154590369,40.763028471579155],[-73.98226584652211,40.76306016781722],[-73.9822474542992,40.763091015474956],[-73.98222644799031,40.76312088245668],[-73.98220291754525,40.76314964086604],[-73.98217696372303,40.763177167553565],[-73.98214869766048,40.7632033446442],[-73.98211824039635,40.763228060041975],[-73.98208572235302,40.7632512079101],[-73.98205128277804,40.76327268912418],[-73.98201506914786,40.76329241169674],[-73.9819772365362,40.763310291171074],[-73.98193794695005,40.76332625098305],[-73.98189736863598,40.76334022278891],[-73.98185567535945,40.76335214675802],[-73.98181304566081,40.76336197182895],[-73.98176966209067,40.76336965592835],[-73.98172571042812,40.76337516615097],[-73.98168137888514,40.76337847890068],[-73.98163685730053,40.76337957999141],[-73.98159233632701,40.76337846470803],[-73.98154800661463,40.7633751378265],[-73.98150405799439,40.76336961359334],[-73.98146067866521,40.76336191566466],[-73.98141805438806,40.76335207700498],[-73.98137636769027,40.763340139745836],[-73.98133579708407,40.763326155005515],[-73.98129651630191,40.7633101826701],[-73.9812586935526,40.763292291136935],[-73.98122249080095,40.763272557021835],[-73.9811880630741,40.7632510648309],[-73.98115555779772,40.76322790659861],[-73.9811251141647,40.763203181493765],[-73.98109686253903,40.763176995394666],[-73.98107092389769,40.76314946043593],[-73.98104740931247,40.76312069452801],[-73.98102641947445,40.76309082085245],[-73.98100804426288,40.7630599673343],[-73.98099236236033,40.76302826609432],[-73.98097944091575,40.7629958528832],[-73.98096933525709,40.76296286650016],[-73.98096208865431,40.76292944819878],[-73.98095773213431,40.762895741081834],[-73.98095628434801,40.7628618894887],[-73.9809577514906,40.76282803837722],[-73.98096212727516,40.76279433270294],[-73.98096939295955,40.762760916798406],[-73.98097951742677,40.76272793375511],[-73.98099245731834,40.76269552481076],[-73.98100815721995,40.762663828744515],[-73.98102654989889,40.76263298128268]]],[[[-73.97495943513107,40.62065447211631],[-73.97496991749556,40.6206395390208],[-73.97498165915916,40.620625160297614],[-73.97499460984179,40.620611397518246],[-73.97500871408627,40.62059830961665],[-73.97502391149585,40.62058595263679],[-73.97504013699283,40.62057437949277],[-73.9750573210972,40.62056363974215],[-73.97507539022419,40.62055377937377],[-73.9750942669994,40.62054484061085],[-73.97511387059006,40.620536861730145],[-73.97513411705121,40.62052987689814],[-73.97515491968512,40.62052391602462],[-73.97517618941255,40.62051900463471],[-73.97519783515416,40.62051516375945],[-73.9752197642206,40.620512409845915],[-73.97524188270923,40.62051075468664],[-73.9752640959064,40.620510205369214],[-73.9752863086929,40.62051076424584],[-73.97530842595124,40.62051242892336],[-73.97533035297305,40.62051519227348],[-73.97535199586447,40.62051904246319],[-73.9753732619483,40.620523963005596],[-73.97539406016087,40.62052993283041],[-73.97541430144182,40.62053692637423],[-73.97543389911563,40.6205449136899],[-73.97545276926266,40.62055386057489],[-73.97547083107854,40.620563728717585],[-73.97548800722012,40.620574475861545],[-73.9755042241368,40.62058605598625],[-73.97551941238527,40.62059841950423],[-73.97553350692708,40.62061151347337],[-73.97554644740701,40.62062528182378],[-73.97555817841159,40.62063966559763],[-73.97556864970635,40.620654603201736],[-73.975577816451,40.620670030671384],[-73.97558563939137,40.620685881944055],[-73.97559208502766,40.62070208914249],[-73.97559712575769,40.62071858286514],[-73.97560073999533,40.6207352924836],[-73.97560291226279,40.62075214644479],[-73.975603633257,40.620769072577616],[-73.97560289988945,40.62078599840176],[-73.97560071529945,40.62080285143819],[-73.97559708884066,40.6208195595196],[-73.97559203604106,40.620836051099246],[-73.97558557853657,40.62085225555749],[-73.97557774397825,40.620868103504094],[-73.97556856591409,40.620883527075456],[-73.9755580836452,40.62089846022518],[-73.9755463420577,40.62091283900682],[-73.97553339143035,40.62092660184791],[-73.97551928721937,40.620939689813454],[-73.97550408982094,40.620952046858335],[-73.97548786431263,40.62096362006738],[-73.97547068017457,40.6209743598819],[-73.9754526109921,40.62098422031199],[-73.97543373414062,40.620993159133356],[-73.97541413045418,40.621001138068195],[-73.97539388387938,40.62100812294919],[-73.9753730811159,40.621014083865646],[-73.9753518112452,40.62101899529175],[-73.97533016534906,40.62102283619579],[-73.97530823611949,40.621025590130216],[-73.97528611746189,40.621027245302166],[-73.97526390409283,40.62102779462382],[-73.97524169113447,40.621027235742915],[-73.9752195737072,40.62102557105262],[-73.97519764652232,40.62102280768154],[-73.97517600347646,40.62101895746297],[-73.97515473724945,40.62101403688432],[-73.97513393890745,40.62100806701651],[-73.975113697513,40.62100107342368],[-73.97509409974357,40.6209930860538],[-73.97507522952044,40.62098413911035],[-73.9750571676493,40.62097427090592],[-73.97503999147419,40.62096352369803],[-73.97502377454636,40.62095194350832],[-73.97500858630923,40.62093957992532],[-73.97499449180114,40.62092648589224],[-73.97498155137666,40.62091271748013],[-73.97496982044836,40.62089833364786],[-73.97495934924939,40.62088339598957],[-73.97495018261839,40.62086796847096],[-73.97494235980756,40.62085211715534],[-73.97493591431456,40.62083590992074],[-73.97493087373904,40.6208194161693],[-73.97492725966455,40.620802706529936],[-73.97492508756605,40.620785852556054],[-73.97492436674372,40.62076892641902],[-73.97492510028314,40.62075200059916],[-73.97492728504207,40.62073514757549],[-73.97493091166395,40.620718439515045],[-73.97493596461797,40.620701947964264],[-73.97494242226564,40.62068574354226],[-73.97495025695339,40.620669895638656],[-73.97495943513107,40.62065447211631]]],[[[-73.86845042657158,40.67399934188626],[-73.86857660132561,40.673820262422254],[-73.8687178884498,40.6736478492203],[-73.86887368286094,40.673482840526184],[-73.8690433173727,40.67332594287543],[-73.8692260655534,40.673177828068816],[-73.8694211448374,40.67303913029663],[-73.8696277198761,40.67291044342397],[-73.86984490611505,40.672792318448835],[-73.87007177358109,40.67268526114357],[-73.8703073508638,40.6725897298901],[-73.870550629274,40.67250613371798],[-73.87080056716164,40.672434830553755],[-73.87105609437437,40.672376125688956],[-73.8713161168382,40.67233027047356],[-73.87157952124015,40.67229746124017],[-73.87184517979313,40.67227783846378],[-73.87211195506282,40.6722714861606],[-73.87237870483557,40.67227843152838],[-73.87264428700688,40.67229864483011],[-73.87290756446927,40.67233203952123],[-73.87316740997899,40.67237847262005],[-73.87342271098036,40.67243774531972],[-73.87367237436752,40.67250960383898],[-73.87391533116302,40.672593740508404],[-73.87415054109327,40.67268979508724],[-73.87437699704138,40.67279735630515],[-73.8745937293583,40.67291596362255],[-73.87479981001374,40.67304510920172],[-73.87499435656933,40.67318424008051],[-73.87517653595685,40.67333276053918],[-73.8753455680453,40.673490034650364],[-73.87550072898182,40.6736553890012],[-73.8756413542918,40.673828115575816],[-73.8757668417252,40.67400747478642],[-73.87587665383666,40.6741926986393],[-73.87597032028845,40.67438299402259],[-73.87604743986638,40.67457754610178],[-73.87610768219979,40.67477552180827],[-73.8761507891787,40.67497607340621],[-73.87617657606131,40.675178342122],[-73.87618493226792,40.675381461821495],[-73.87617582185688,40.67558456271879],[-73.87614928368139,40.67578677510049],[-73.87610543122578,40.67598723305028],[-73.87604445212226,40.676185078156884],[-73.87596660735,40.67637946319044],[-73.87587223011997,40.676569555730815],[-73.87576172445046,40.676754541732784],[-73.87563556343896,40.67693362901247],[-73.87549428723815,40.67710605064057],[-73.87533850074432,40.67727106822715],[-73.87516887100833,40.67742797508453],[-73.87498612438011,40.67757609925436],[-73.87479104339883,40.67771480638619],[-73.87458446344205,40.67784350245478],[-73.87436726914841,40.677961636304744],[-73.87414039062888,40.678068702011934],[-73.87390479948299,40.67816424105066],[-73.87366150463711,40.67824784425811],[-73.87341154802257,40.67831915358741],[-73.87315600011209,40.67837786364153],[-73.87289595533382,40.67842372298172],[-73.87263252738255,40.67845653520475],[-73.8723668444483,40.6784761597845],[-73.87210004438258,40.678482512673945],[-73.87183326982327,40.67847556666525],[-73.871567663299,40.67845535150639],[-73.87130436233392,40.678421953773736],[-73.87104449457394,40.678375516501],[-73.87078917295544,40.67831623856647],[-73.87053949093703,40.67824437384094],[-73.87029651781496,40.67816023010005],[-73.87006129414218,40.678064167705536],[-73.86983482727068,40.67795659806145],[-73.86961808703647,40.67783798185161],[-73.86941200160527,40.67770882706583],[-73.86921745349714,40.6775696868238],[-73.86903527580694,40.67742115700547],[-73.86886624863655,40.67726387369836],[-73.86871109575473,40.67709851047272],[-73.86857048149827,40.676925775496166],[-73.86844500792805,40.676746408500335],[-73.86833521225225,40.67656117761209],[-73.86824156452737,40.676370876063714],[-73.86816446564718,40.676176318795214],[-73.8681042456282,40.675978338963944],[-73.86806116219863,40.67577778437636],[-73.86803539969725,40.67557551385722],[-73.86802706828671,40.675372393571436],[-73.86803620348431,40.67516929331508],[-73.86806276601276,40.674967082790474],[-73.86810664197104,40.67476662788224],[-73.86816764332482,40.67456878694955],[-73.86824550871422,40.674374407150864],[-73.86833990457549,40.67418432081676],[-73.86845042657158,40.67399934188626]]],[[[-73.8626129705316,40.676125424916606],[-73.86269710024068,40.67600604292184],[-73.86279130495798,40.67589110565095],[-73.86289518125335,40.67578110525893],[-73.86300828428996,40.67567651275902],[-73.86313012972964,40.67557777600611],[-73.86326019580713,40.67548531777945],[-73.86339792556434,40.675399533972666],[-73.86354272923538,40.67532079189899],[-73.86369398677161,40.67524942871878],[-73.86385105049663,40.67518574999615],[-73.86401324787896,40.67513002839102],[-73.86417988441136,40.67508250249176],[-73.86435024658401,40.67504337579403],[-73.86452360493895,40.675012815829575],[-73.86469921719271,40.67499095344906],[-73.86487633141378,40.674977882262056],[-73.86505418924138,40.674973658236276],[-73.86523202913166,40.674978299457955],[-73.8654090896176,40.674991786054505],[-73.8655846125684,40.67501406027957],[-73.86575784643483,40.67504502676014],[-73.86592804946635,40.6750845529049],[-73.86609449288615,40.67513246947178],[-73.86625646401109,40.67518857129234],[-73.86641326930247,40.67525261815017],[-73.86656423733515,40.67532433580905],[-73.86670872167196,40.67540341718699],[-73.86684610363132,40.675489523670706],[-73.86697579493622,40.67558228656534],[-73.86709724023301,40.675681308672516],[-73.86720991946943,40.67578616599112],[-73.86731335012165,40.67589640953222],[-73.8674070892608,40.676011567241325],[-73.86749073544993,40.67613114601943],[-73.86756393046373,40.67625463383402],[-73.86762636082307,40.67638150191136],[-73.86767775913813,40.676511207000445],[-73.86771790525447,40.67664319369897],[-73.8677466271966,40.67677689683136],[-73.86776380190565,40.67691174386883],[-73.86776935576735,40.67704715738075],[-73.86776326492854,40.677182557507386],[-73.86774555540048,40.67731736444278],[-73.8677163029486,40.67745100091759],[-73.86767563276945,40.677582894671325],[-73.86762371895551,40.67771248090269],[-73.86756078375097,40.677839204688674],[-73.86748709660088,40.67796252336086],[-73.86740297299843,40.67808190882963],[-73.8673087731346,40.67819684984573],[-73.86720490035653,40.67830685419014],[-73.86709179944084,40.67841145078197],[-73.86696995468942,40.67851019169633],[-73.86683988785578,40.67860265408275],[-73.86670215591089,40.67868844197644],[-73.86655734865813,40.678767187994225],[-73.86640608620738,40.67883855490831],[-73.86624901631916,40.67890223709063],[-73.86608681163041,40.67895796182211],[-73.86592016677335,40.67900549046086],[-73.86574979540025,40.679044619464364],[-73.86557642712651,40.67907518126145],[-73.8654008044053,40.67909704497005],[-73.86522367934724,40.67911011695789],[-73.86504581049851,40.67911434124354],[-73.86486795959154,40.679109699736344],[-73.86469088828188,40.679096212313745],[-73.8645153548855,40.67907393673628],[-73.86434211113034,40.67904296840006],[-73.8641718989362,40.679003439928124],[-73.86400544723661,40.678955520602464],[-73.8638434688564,40.6788994156386],[-73.86368665745837,40.67883536530679],[-73.86353568457223,40.67876364390268],[-73.86339119671814,40.678684558572385],[-73.86325381263785,40.67859844799672],[-73.86312412064467,40.678505680940695],[-73.86300267610406,40.678406654673736],[-73.86288999905531,40.678301793268226],[-73.8627865719848,40.678191545782994],[-73.86269283776018,40.67807638434003],[-73.86260919773424,40.677956802102216],[-73.86253601002686,40.677833311161294],[-73.8624735879922,40.67770644034445],[-73.86242219887757,40.677576732949596],[-73.86238206268006,40.677444744418445],[-73.86235335120536,40.67731103995797],[-73.86233618733333,40.677176192119674],[-73.86233064449274,40.67704077834787],[-73.86233674634822,40.67690537850673],[-73.86235446670004,40.67677057239738],[-73.86238372959747,40.67663693727498],[-73.86242440966534,40.67650504537691],[-73.8624763326419,40.6763754614727],[-73.86253927612624,40.67624874044554],[-73.8626129705316,40.676125424916606]]],[[[-73.85746884772317,40.67879681660048],[-73.85752143668819,40.678722205236376],[-73.85758032264756,40.678650372123684],[-73.8576452534304,40.678581624853386],[-73.8577159509843,40.678516257802],[-73.8577921125662,40.678454550870995],[-73.85787341203877,40.678396768288486],[-73.8579595012671,40.67834315747798],[-73.8580500116094,40.678293947998924],[-73.85814455549543,40.67824935056399],[-73.85824272808608,40.678209556136885],[-73.85834410900672,40.6781747351148],[-73.85844826414697,40.67814503659886],[-73.85855474751939,40.67812058775581],[-73.85866310316891,40.678101493273545],[-73.85877286712483,40.678087834913],[-73.85888356938727,40.678079671158066],[-73.85899473593932,40.67807703696518],[-73.85910589077633,40.6780799436137],[-73.85921655794384,40.678088378657634],[-73.85932626357516,40.67810230597888],[-73.8594345379201,40.67812166594193],[-73.85954091735607,40.67814637564909],[-73.85964494637297,40.67817632929541],[-73.8597461795233,40.678211398621734],[-73.85984418332934,40.67825143346366],[-73.85993853813908,40.678296262394575],[-73.86002883992283,40.67834569345947],[-73.86011470200337,40.67839951499688],[-73.86019575671136,40.678457496544965],[-73.86027165695984,40.67851938982821],[-73.86034207773038,40.678584929820566],[-73.86040671746494,40.678653835879935],[-73.8604652993573,40.67872581294986],[-73.86051757253846,40.67880055282282],[-73.86056331315122,40.6788777354599],[-73.86060232530892,40.67895703036105],[-73.86063444193465,40.679038097980154],[-73.86065952547705,40.679120591179],[-73.86067746849966,40.679204156713645],[-73.86068819414152,40.67928843674698],[-73.86069165644659,40.67937307038095],[-73.86068784056114,40.679457695202],[-73.8606767627978,40.67954194883293],[-73.8606584705661,40.67962547048469],[-73.86063304217002,40.67970790250137],[-73.86060058647308,40.67978889189172],[-73.86056124243261,40.679868091840966],[-73.86051517850508,40.679945163195846],[-73.86046259192511,40.68001977591707],[-73.86040370786124,40.680091610492845],[-73.86033877845188,40.68016035930708],[-73.86026808172592,40.680225727956895],[-73.8601919204123,40.68028743651346],[-73.86011062064374,40.680345220720824],[-73.8600245305602,40.68039883312774],[-73.85993401881815,40.680448044147354],[-73.85983947301172,40.68049264304072],[-73.85974129801289,40.68053243881912],[-73.85963991423752,40.68056726106228],[-73.85953575584485,40.68059696064816],[-73.85942926887792,40.6806214103917],[-73.85932090935334,40.68064050558961],[-73.8592111413081,40.680654164468706],[-73.85910043481204,40.680662328536236],[-73.85898926395453,40.680664962830434],[-73.85887810481385,40.68066205607015],[-73.85876743341817,40.680653620703346],[-73.85865772370644,40.68063969285359],[-73.85854944549871,40.6806203321655],[-73.85844306248367,40.680595621549124],[-73.85833903023266,40.680565666824954],[-73.85823779424848,40.68053059627067],[-73.85813978805737,40.680490560071625],[-73.85804543135217,40.68044572967765],[-73.85795512819492,40.68039629706879],[-73.85786926528642,40.68034247393294],[-73.85778821031016,40.68028449075931],[-73.85771231035768,40.68022259585118],[-73.85764189044235,40.68015705426245],[-73.85757725210755,40.68008814666251],[-73.8575186721356,40.680016168134166],[-73.85746640136259,40.679941426909906],[-73.85742066360456,40.679864243051746],[-73.85738165469931,40.67978494708067],[-73.85734954166807,40.679703878561085],[-73.85732446200073,40.67962138464657],[-73.85730652306744,40.679537818593374],[-73.8572958016592,40.67945353824743],[-73.8572923436596,40.67936890451218],[-73.85729616384869,40.679284279802886],[-73.85730724584023,40.67920002649484],[-73.85732554215234,40.679116505371574],[-73.8573509744112,40.67903407407995],[-73.8573834336872,40.678953085598785],[-73.85742278096178,40.67887388672738],[-73.85746884772317,40.67879681660048]]],[[[-73.8511653782441,40.679728145028406],[-73.85117589760385,40.679713223335526],[-73.85118767634788,40.679698857366716],[-73.8512006640373,40.67968510863892],[-73.85121480505649,40.679672036025934],[-73.85123003885118,40.67965969550623],[-73.85124630018791,40.67964813992343],[-73.8512635194332,40.67963741875986],[-73.85128162285181,40.67962757792484],[-73.85130053292248,40.67961865955785],[-73.85132016866989,40.679610701848425],[-73.85134044601133,40.67960373887231],[-73.8513612781169,40.6795978004457],[-73.85138257578114,40.67959291199762],[-73.85140424780508,40.67958909446089],[-73.85142620138681,40.67958636418263],[-73.85144834251878,40.679584732854146],[-73.85147057639033,40.679584207461],[-73.8514928077937,40.67958479025295],[-73.85151494153175,40.67958647873444],[-73.85153688282547,40.679589265675205],[-73.85155853771992,40.67959313914125],[-73.85157981348652,40.679598082546],[-73.85160061902009,40.67960407472132],[-73.85162086522897,40.67961109000799],[-73.85164046541651,40.67961909836584],[-73.85165933565229,40.67962806550221],[-73.85167739513159,40.67963795301877],[-73.85169456652125,40.6796487185761],[-73.851710776291,40.67966031607483],[-73.85172595502817,40.67967269585308],[-73.85174003773498,40.67968580489918],[-73.85175296410694,40.67969958707858],[-73.85176467879096,40.67971398337431],[-73.85177513162246,40.67972893213955],[-73.8517842778402,40.67974436936173],[-73.85179207827795,40.67976022893664],[-73.8517984995322,40.67977644295141],[-73.8518035141052,40.67979294197537],[-73.85180710052283,40.67980965535735],[-73.85180924342644,40.67982651152819],[-73.85180993363869,40.6798434383073],[-73.85180916820288,40.679860363211624],[-73.85180695039561,40.67987721376607],[-73.8518032897128,40.679893917813956],[-73.85179820182903,40.67991040382576],[-73.85179170853037,40.679926601205764],[-73.85178383762123,40.67994244059399],[-73.8517746228052,40.67995785416348],[-73.85176410354082,40.67997277591066],[-73.85175232487259,40.679987141938],[-73.85173933723809,40.68000089072754],[-73.85172519625199,40.68001396340448],[-73.85170996246798,40.68002630398921],[-73.85169370111939,40.680037859637025],[-73.85167648183986,40.68004858086443],[-73.85165837836524,40.68005842176106],[-73.85163946821773,40.680067340186376],[-73.85161983237398,40.68007529794986],[-73.85159955491831,40.68008226097482],[-73.85157872268262,40.68008819944421],[-73.85155742487458,40.680093087928306],[-73.85153575269563,40.680096905493656],[-73.8515137989503,40.68009963579266],[-73.85149165764898,40.68010126713362],[-73.85146942360522,40.6801017925308],[-73.85144719202968,40.68010120973439],[-73.85142505812252,40.68009952123996],[-73.8514031166656,40.68009673427805],[-73.85138146161665,40.68009286078299],[-73.8513601857069,40.68008791734183],[-73.85133938004398,40.68008192512344],[-73.85131913372177,40.68007490978762],[-73.85129953343886,40.68006690137547],[-73.85128066312728,40.68005793418059],[-73.85126260359307,40.68004804660226],[-73.8512454321703,40.680037280981004],[-73.85122922238986,40.68002568341724],[-73.85121404366457,40.68001330357399],[-73.85119996099198,40.68000019446403],[-73.85118703467604,40.679986412222995],[-73.85117532006888,40.67997201586895],[-73.85116486733374,40.67995706704969],[-73.8511557212302,40.67994162977866],[-73.85114792092257,40.67992577016097],[-73.85114149981213,40.679909556110175],[-73.85113648539412,40.67989305705761],[-73.85113289914007,40.67987634365491],[-73.85113075640582,40.67985948747156],[-73.85113006636581,40.6798425606884],[-73.85113083197378,40.67982563578857],[-73.85113304995015,40.67980878524703],[-73.85113671079615,40.67979208122032],[-73.85114179883445,40.6797755952375],[-73.85114829227625,40.67975939789389],[-73.85115616331474,40.67974355854881],[-73.8511653782441,40.679728145028406]]],[[[-73.86980770004982,40.6889077797471],[-73.86990234960302,40.68877346929162],[-73.870008336207,40.68864415842276],[-73.8701252059714,40.68852040083913],[-73.87025245841342,40.688402726457596],[-73.87038954860127,40.688291639144744],[-73.87053588948817,40.68818761455968],[-73.87069085442609,40.68809109811793],[-73.87085377984913,40.68800250308451],[-73.8710239681147,40.68792220880495],[-73.8712006904904,40.68785055908137],[-73.87138319027393,40.68778786070079],[-73.87157068603254,40.68773438212197],[-73.87176237494816,40.68769035232607],[-73.87195743625415,40.68765595983677],[-73.8721550347486,40.687631351913105],[-73.87235432436938,40.687616633919205],[-73.87255445181576,40.687611868873255],[-73.87275456020079,40.68761707717779],[-73.87295379271907,40.68763223653239],[-73.87315129631429,40.68765728202904],[-73.87334622533055,40.68769210643008],[-73.8735377451322,40.68773656062712],[-73.87372503567642,40.68779045427935],[-73.87390729502363,40.68785355662825],[-73.87408374277024,40.687925597485425],[-73.8742536233895,40.68800626838901],[-73.87441620946596,40.68809522392424],[-73.87457080480968,40.68819208320195],[-73.87471674743688,40.688296431489],[-73.87485341240443,40.68840782198382],[-73.87498021448586,40.688525777729005],[-73.87509661067745,40.68864979365305],[-73.87520210252374,40.688779338732786],[-73.8752962382526,40.6889138582666],[-73.87537861471034,40.6890527762493],[-73.87544887908899,40.68919549783809],[-73.87550673043813,40.68934141189951],[-73.87555192095469,40.68948989362587],[-73.87558425704542,40.689640307210475],[-73.87560360015719,40.68979200857002],[-73.87560986737184,40.68994434810258],[-73.87560303176268,40.690096673468965],[-73.87558312251139,40.69024833238626],[-73.87555022478453,40.690398675420994],[-73.87550447937038,40.69054705877025],[-73.8754460820775,40.69069284701869],[-73.87537528289766,40.69083541585977],[-73.87529238493653,40.69097415476943],[-73.875197743117,40.69110846962084],[-73.87509176266023,40.69123778522899],[-73.8749748973514,40.69136154781423],[-73.87484764759706,40.69147922737406],[-73.87471055828303,40.69159031995332],[-73.87456421644113,40.69169434980275],[-73.87440924873572,40.691790871416835],[-73.87424631878005,40.691879471441965],[-73.87407612429432,40.69195977044726],[-73.87389939411729,40.69203142454973],[-73.87371688508475,40.69209412688741],[-73.87352937878777,40.69214760893387],[-73.87333767822463,40.69219164164856],[-73.87314260436135,40.69222603645792],[-73.87294499261468,40.69225064606317],[-73.87274568927346,40.69226536507146],[-73.87254554787322,40.69227013044719],[-73.87234542553966,40.69226492178222],[-73.87214617931681,40.69224976138314],[-73.87194866249553,40.6922247141758],[-73.87175372095795,40.692189887427155],[-73.87156218955404,40.69214543028577],[-73.87137488852505,40.69209153314284],[-73.87119261999003,40.692028426816584],[-73.87101616450975,40.691956381563465],[-73.87084627774328,40.691875705920566],[-73.87068368721124,40.691786745383745],[-73.87052908917985,40.69168988092775],[-73.87038314567884,40.69158552737429],[-73.8702464816663,40.69147413161507],[-73.87011968235234,40.69135617069761],[-73.87000329069338,40.69123214978183],[-73.86989780506727,40.691102599976354],[-73.86980367713974,40.69096807606365],[-73.869721309931,40.69082915412386],[-73.86965105609075,40.69068642906745],[-73.86959321638908,40.69054051208722],[-73.86954803842983,40.69039202804082],[-73.86951571559133,40.69024161277462],[-73.86949638619998,40.69008991040067],[-73.8694901329392,40.689937570538326],[-73.8694969824969,40.689785245532384],[-73.86951690545273,40.6896335876596],[-73.86954981640568,40.689483246335534],[-73.86959557434113,40.68933486533387],[-73.86965398323629,40.689189080029756],[-73.86972479290088,40.68904651467938],[-73.86980770004982,40.6889077797471]]],[[[-73.86500611367434,40.69052028975871],[-73.86507973932933,40.690415829170895],[-73.86516218269486,40.6903152575347],[-73.8652530907119,40.690219005494946],[-73.86535207408116,40.69012748519822],[-73.86545870893016,40.69004108852839],[-73.86557253862877,40.689960185428816],[-73.86569307574445,40.68988512231857],[-73.86581980412949,40.689816220609394],[-73.86595218113112,40.689753775329564],[-73.86608963991483,40.68969805386102],[-73.86623159189126,40.68964929479466],[-73.86637742923618,40.68960770690897],[-73.86652652749255,40.68957346827621],[-73.86667824824397,40.6895467255001],[-73.86683194184761,40.68952759308833],[-73.86698695021526,40.68951615296231],[-73.86714260963056,40.68951245410648],[-73.86729825359014,40.68951651235862],[-73.86745321565675,40.689528310342084],[-73.86760683231223,40.68954779754015],[-73.8677584457978,40.68957489051229],[-73.86790740692982,40.68960947325133],[-73.86805307787884,40.689651397680116],[-73.86819483490021,40.689700484285346],[-73.8683320710042,40.68975652288607],[-73.86846419855479,40.68981927353345],[-73.86859065178534,40.689888467538005],[-73.868710889221,40.68996380861975],[-73.86882439599704,40.69004497417668],[-73.86893068606338,40.69013161666594],[-73.86902930426596,40.69022336509144],[-73.86911982829577,40.69031982659242],[-73.86920187049736,40.6904205881253],[-73.86927507952936,40.69052521823206],[-73.86933914186913,40.6906332688875],[-73.86939378315603,40.69074427741749],[-73.86943876936681,40.69085776847994],[-73.86947390781836,40.69097325609994],[-73.86949904799374,40.69109024575086],[-73.86951408218745,40.69120823647152],[-73.86951894596751,40.69132672301151],[-73.86951361845233,40.691445197994504],[-73.869498122401,40.691563154091114],[-73.86947252411683,40.691680086191106],[-73.8694369331643,40.69179549356664],[-73.86939150190071,40.691908882016534],[-73.86933642482471,40.692019765982614],[-73.86927193774412,40.692127670629134],[-73.86919831676684,40.692232133876416],[-73.86911587711921,40.69233270837977],[-73.86902497179663,40.69242896344527],[-73.86892599005232,40.692520486874606],[-73.86881935573089,40.69260688673028],[-73.8687055254535,40.69268779301443],[-73.86858498666257,40.69276285925349],[-73.86845825553446,40.69283176398221],[-73.86832587476891,40.692894212120635],[-73.86818841126482,40.692949936237866],[-73.8680464536923,40.69299869769775],[-73.86790060997136,40.693040287680816],[-73.86775150466809,40.69307452807895],[-73.86759977631951,40.69310127225819],[-73.86744607469844,40.693120405686834],[-73.8672910580302,40.69313184642609],[-73.86713539017327,40.693135545481034],[-73.86697973777544,40.69313148701047],[-73.86682476741827,40.693119688394766],[-73.86667114276182,40.69310020016148],[-73.86651952170179,40.69307310576883],[-73.8663705535514,40.693038521248354],[-73.86622487626018,40.69299659470762],[-73.86608311368131,40.692947505696075],[-73.8659458728996,40.69289146443589],[-73.86581374163113,40.692828710921354],[-73.8656872857061,40.692759513891076],[-73.86556704664552,40.69268416967672],[-73.86545353934191,40.692603000933914],[-73.86534724985434,40.6925163552601],[-73.865248633327,40.69242460370576],[-73.86515811204026,40.69232813918525],[-73.86507607360258,40.69222737479379],[-73.86500286929098,40.692122742038315],[-73.8649388125473,40.69201468898935],[-73.86488417763641,40.69190367836197],[-73.86483919847254,40.69179018553419],[-73.86480406761814,40.69167469651106],[-73.8647789354602,40.69155770584325],[-73.86476390956705,40.69143971450935],[-73.86475905422863,40.69132122777027],[-73.8647643901821,40.69120275300567],[-73.86477989452398,40.69108479754132],[-73.86480550080908,40.69096786647655],[-73.86484109933609,40.6908524605215],[-73.86488653761806,40.69073907385306],[-73.86494162103625,40.69062819199893],[-73.86500611367434,40.69052028975871]]],[[[-73.858791230318,40.691975666419985],[-73.8588333086312,40.6919159769446],[-73.8588804256,40.69185851001369],[-73.85893237945453,40.69180351170342],[-73.85898894771472,40.691751217518714],[-73.85904988814323,40.69170185138476],[-73.8591149397827,40.69165562468819],[-73.85918382407321,40.69161273537219],[-73.85925624604516,40.69157336708879],[-73.85933189558233,40.69153768841277],[-73.85941044874966,40.691505852119676],[-73.85949156918029,40.69147799453186],[-73.85957490951586,40.691454234934774],[-73.85966011289355,40.69143467506626],[-73.85974681447424,40.69141939868102],[-73.85983464300429,40.69140847119189],[-73.85992322240531,40.69140193938995],[-73.86001217338406,40.69139983124411],[-73.8601011150565,40.69140215578135],[-73.86018966657835,40.69140890304811],[-73.86027744877582,40.69142004415285],[-73.86036408576878,40.69143553138985],[-73.86044920658023,40.69145529844335],[-73.86053244672445,40.69147926067153],[-73.86061344976764,40.69150731546886],[-73.860691868854,40.69153934270545],[-73.86076736819074,40.69157520524131],[-73.86083962448589,40.69161474951356],[-73.86090832833256,40.69165780619394],[-73.86097318553371,40.69170419091361],[-73.86103391836195,40.6917537050528],[-73.8610902667488,40.69180613659105],[-73.86114198939829,40.691861261014985],[-73.86118886482033,40.6919188422797],[-73.86123069227932,40.69197863381936],[-73.86126729265374,40.692040379602965],[-73.86129850920344,40.692103815230595],[-73.86132420824102,40.69216866906553],[-73.8613442797045,40.69223466339744],[-73.86135863762887,40.69230151563135],[-73.8613672205145,40.69236893949788],[-73.86136999159078,40.69243664627898],[-73.86136693897384,40.69250434604421],[-73.8613580757178,40.692571748892334],[-73.86134343975911,40.692638566192684],[-73.86132309375444,40.692704511821134],[-73.86129712481261,40.692769303385425],[-73.86126564412197,40.692832663434416],[-73.86122878647436,40.692894320646204],[-73.86118670968823,40.69295401099008],[-73.86113959393307,40.69301147885727],[-73.86108764095799,40.69306647815558],[-73.86103107322796,40.69311877336321],[-73.86097013297127,40.69316814053745],[-73.86090508114236,40.69321436827384],[-73.86083619630438,40.693257258611496],[-73.86076377343628,40.69329662788078],[-73.86068812266963,40.69333230749013],[-73.86060956796054,40.693364144648],[-73.8605284457022,40.693392003017266],[-73.8604451032843,40.693415763299086],[-73.86035989760526,40.693435323743884],[-73.86027319354359,40.693450600587155],[-73.86018536239536,40.69346152840817],[-73.86009678028377,40.69346806041017],[-73.86000782654844,40.69347016862086],[-73.85991888212061,40.69346784401212],[-73.85983032789163,40.693461096538776],[-73.85974254308165,40.69344995509583],[-73.85965590361552,40.69343446739486],[-73.85957078051254,40.6934146997595],[-73.85948753829763,40.69339073684157],[-73.85940653344001,40.69336268125842],[-73.85932811282656,40.693330653153346],[-73.85925261227618,40.693294789681204],[-73.8591803551016,40.6932552444209],[-73.85911165072477,40.69321218671762],[-73.8590467933518,40.69316580095767],[-73.85898606071298,40.693116285778615],[-73.85892971287362,40.69306385321877],[-73.85887799112028,40.693008727808895],[-73.8588311169277,40.69295114561086],[-73.85878929101051,40.69289135320641],[-73.85875269246378,40.69282960664136],[-73.85872147799641,40.692766170329],[-73.85869578126017,40.69270131591777],[-73.85867571227767,40.69263532112787],[-73.85866135697148,40.69256846856207],[-73.8586527767964,40.692501044495465],[-73.85865000847672,40.69243333764952],[-73.85865306384906,40.69236563795578],[-73.85866192981221,40.692298235314276],[-73.8586765683834,40.69223141835213],[-73.85869691686126,40.692165473187636],[-73.85872288809463,40.69210068220519],[-73.85875437085596,40.692037322845934],[-73.858791230318,40.691975666419985]]]]},"properties":{"boro_cd":"301","borough":"BK","name":"Williamsburg / Greenpoint","origin_lat":40.71532203208198,"origin_lon":-73.95049132604527,"max_minutes":45.0,"departure":"2026-09-01T08:00:00","reachable_stops":128}},{"type":"Feature","geometry":{"type":"MultiPolygon","coordinates":[[[[-73.91711210159009,40.81594216884823],[-73.91712784447284,40.81591048175803],[-73.91714628147209,40.81587964475807],[-73.91716733363484,40.81584978989586],[-73.91719091081,40.8158210450131],[-73.91721691203458,40.81579353319834],[-73.9172452259659,40.815767372259764],[-73.9172757313585,40.81574267422091],[-73.91730829758332,40.81571954484088],[-73.91734278518709,40.815698083161614],[-73.91737904648949,40.815678381083636],[-73.91741692621545,40.81566052297271],[-73.91745626216019,40.81564458529852],[-73.9174968858836,40.8156306363072],[-73.91753862343158,40.81561873572926],[-73.91758129608094,40.815608934523695],[-73.91762472110452,40.81560127465987],[-73.91766871255368,40.8155957889377],[-73.91771308205452,40.815592500847444],[-73.91775763961436,40.815591424468785],[-73.91780219443535,40.8155925644109],[-73.91784655573133,40.81559591579248],[-73.91789053354476,40.81560146426272],[-73.91793393956011,40.815609186062765],[-73.91797658791018,40.81561904812742],[-73.91801829597182,40.81563100822673],[-73.91805888514806,40.815645015146856],[-73.91809818163277,40.81566100890922],[-73.9181360171548,40.8156789210275],[-73.91817222969861,40.81569867480074],[-73.91820666419794,40.81572018564186],[-73.91823917319985,40.81574336143973],[-73.91826961749607,40.81576810295372],[-73.91829786671916,40.815794304238565],[-73.91832379990073,40.8158218530979],[-73.91834730598947,40.81585063156492],[-73.91836828432676,40.81588051640732],[-73.91838664507762,40.815911379654935],[-73.91840230961559,40.81594308914792],[-73.91841521085935,40.81597550910243],[-73.91842529356009,40.81600850069218],[-73.91843251453815,40.81604192264282],[-73.918436842868,40.816075631837016],[-73.91843826001069,40.816109483927086],[-73.91843675989335,40.81614333395333],[-73.9184323489353,40.816177036964625],[-73.91842504602057,40.81621044863915],[-73.91841488241714,40.81624342590247],[-73.91840190164318,40.816275827540125],[-73.91838615928063,40.8163075148024],[-73.91836772273736,40.81633835199846],[-73.91834667095857,40.81636820707746],[-73.91832309408876,40.81639695219396],[-73.91829709308573,40.816424464255476],[-73.91826877928834,40.81645062544956],[-73.91823827393978,40.81647532374828],[-73.91820570766832,40.81649845338809],[-73.91817121992807,40.816519915322665],[-73.91813495840168,40.81653961764706],[-73.918097078368,40.81655747599131],[-73.91805774203715,40.81657341388177],[-73.91801711785581,40.81658736306852],[-73.9179753797859,40.816599263817785],[-73.91793270655957,40.8166090651676],[-73.91788928091385,40.81661672514619],[-73.91784528880798,40.816622210951586],[-73.91780091862717,40.8166254990922],[-73.91775636037568,40.81662657548739],[-73.9177118048632,40.81662543552773],[-73.91766744288776,40.81662208409489],[-73.91762346441847,40.81661653554048],[-73.9175800577821,40.81660881362481],[-73.91753740885655,40.8165989514151],[-73.91749570027469,40.816586991143694],[-73.91745511064246,40.81657298402751],[-73.9174158137738,40.81655699004835],[-73.91737797794642,40.8165390776963],[-73.91734176518105,40.8165193236763],[-73.91730733054779,40.81649781257971],[-73.91727482150186,40.81647463652197],[-73.91724437725227,40.81644989474816],[-73.91721612816566,40.81642369320804],[-73.9171901952081,40.81639614410227],[-73.91716668942705,40.8163673654019],[-73.91714571147587,40.81633748034329],[-73.91712735118296,40.816306616900214],[-73.9171116871669,40.816274907235886],[-73.91709878650012,40.81624248713711],[-73.91708870442152,40.81620949543264],[-73.91708148410015,40.81617607339875],[-73.91707715645028,40.81614236415424],[-73.91707573999925,40.81610851204761],[-73.91707724080807,40.8160746620389],[-73.91708165244559,40.81604095907888],[-73.91708895601617,40.81600754748853],[-73.9170991202406,40.81597457034081],[-73.91711210159009,40.81594216884823]]],[[[-73.9055499441098,40.81590588042559],[-73.90560506337133,40.81579498112542],[-73.90566961136854,40.81568705805977],[-73.9057433116612,40.81558257335637],[-73.90582584862318,40.81548197441773],[-73.90591686879458,40.81538569200557],[-73.90601598239562,40.81529413839658],[-73.90612276499617,40.81520770561729],[-73.90623675933328,40.81512676376571],[-73.90635747726938,40.81505165942688],[-73.9064844018825,40.81498271418901],[-73.90661698967952,40.81492022326689],[-73.90675467292337,40.81486445423788],[-73.90689686206359,40.81481564589649],[-73.90704294826047,40.81477400723229],[-73.90719230599146,40.81473971653489],[-73.90734429572919,40.81471292063098],[-73.90749826667916,40.81469373425578],[-73.9076535595657,40.81468223956172],[-73.90780950945428,40.81467848576693],[-73.90796544859786,40.8146824889444],[-73.90812070929543,40.814694231953304],[-73.90827462675023,40.81471366451234],[-73.90842654191559,40.81474070341489],[-73.90857580431624,40.814775232885296],[-73.9087217748329,40.814817105074496],[-73.90886382843827,40.81486614069289],[-73.90900135687279,40.81492212977779],[-73.90913377124878,40.8149848325924],[-73.90926050457149,40.81505398065202],[-73.90938101416684,40.8151292778734],[-73.9094947840047,40.81521040184241],[-73.90960132690864,40.81529700519412],[-73.9097001866419,40.815388717100106],[-73.9097909398612,40.815485144855984],[-73.9098731979297,40.81558587556266],[-73.90994660858154,40.815690477894115],[-73.9100108574307,40.815798503944066],[-73.91006566931779,40.81590949114377],[-73.91011080948881,40.81602296424245],[-73.91014608460134,40.81613843734219],[-73.91017134355302,40.81625541597848],[-73.91018647812953,40.816373399237364],[-73.9101914234689,40.81649188190038],[-73.91018615834003,40.81661035660786],[-73.91017070523472,40.81672831603153],[-73.91014513027213,40.81684525504703],[-73.91010954291667,40.816960672896876],[-73.91006409551004,40.81707407533505],[-73.9100089826198,40.81718497674352],[-73.90994444020697,40.81729290221189],[-73.9098707446162,40.817397389571305],[-73.90978821139319,40.817497991373834],[-73.90969719393388,40.817594276808755],[-73.90959808197161,40.817685833547664],[-73.9094912999085,40.81777226951043],[-73.90937730499829,40.81785321454462],[-73.90925658538835,40.817928322010765],[-73.90912965802931,40.81799727026706],[-73.90899706646125,40.81805976404714],[-73.90885937848579,40.818115535724715],[-73.90871718373432,40.81816434645995],[-73.9085710911426,40.81820598722238],[-73.90842172634255,40.8182402796864],[-73.90826972898253,40.818267076995134],[-73.90811574998745,40.81828626438933],[-73.90796044877061,40.8182977596991],[-73.9078044904091,40.81830151369583],[-73.90764854279492,40.81829751030304],[-73.90749327377404,40.818285766665205],[-73.90733934828562,40.81826633307448],[-73.90718742551377,40.81823929275506],[-73.90703815606392,40.818204761506856],[-73.90689217917595,40.81816288720936],[-73.90675011998624,40.81811384918827],[-73.90661258684982,40.81805785744733],[-73.90648016873486,40.81799515176883],[-73.90635343270006,40.81792600068646],[-73.90623292146593,40.81785070033515],[-73.90611915109062,40.817769573182666],[-73.9060126087598,40.81768296664835],[-73.90591375070038,40.817591251615056],[-73.905823000227,40.81749482084073],[-73.90574074592953,40.81739408727611],[-73.9056673400093,40.81728948229608],[-73.90560309677137,40.81718145385227],[-73.90554829127916,40.817070464554384],[-73.90550315817718,40.81695698968909],[-73.90546789068695,40.81684151518452],[-73.90544263978039,40.816724535529225],[-73.90542751353416,40.816606551654615],[-73.90542257666773,40.81648806878966],[-73.90542785026717,40.816369594297505],[-73.9054433116958,40.81625163550274],[-73.90546889469202,40.816134697518955],[-73.90550448965398,40.816019281086],[-73.9055499441098,40.81590588042559]]],[[[-73.89852706499971,40.818158858131724],[-73.89865678799055,40.81800078224283],[-73.89879984128245,40.817849490232845],[-73.89895561225634,40.817705629909426],[-73.89912343385105,40.817569817255034],[-73.89930258742024,40.81744263378986],[-73.89949230580997,40.81732462408263],[-73.8996917766435,40.81721629341948],[-73.89990014579959,40.81711810564121],[-73.90011652106932,40.817030481157566],[-73.9003399759755,40.816953795148244],[-73.9005695537388,40.81688837595653],[-73.90080427137332,40.816834503684206],[-73.90104312389407,40.816792408992654],[-73.90128508861864,40.81676227211558],[-73.90152912954434,40.81674422208758],[-73.90177420178243,40.81673833619189],[-73.90201925603014,40.81674463962963],[-73.90226324306173,40.816763105411916],[-73.9025051182191,40.81679365447543],[-73.90274384588292,40.816836156020734],[-73.90297840390515,40.81689042807213],[-73.90320778798399,40.816956238256516],[-73.9034310159625,40.81703330479794],[-73.90364713203262,40.81712129772377],[-73.90385521082662,40.817219840276785],[-73.90405436137841,40.81732851052807],[-73.90424373093768,40.81744684318276],[-73.90442250862083,40.81757433157186],[-73.9045899288829,40.817710429820885],[-73.90474527479556,40.81785455518672],[-73.9048878811172,40.81800609055189],[-73.90501713714218,40.81816438706653],[-73.90513248931664,40.81832876692592],[-73.90523344360987,40.81849852627223],[-73.90531956763125,40.818672938207726],[-73.90539049248316,40.81885125590703],[-73.90544591434255,40.81903271581432],[-73.90548559576376,40.819216540912635],[-73.90550936669743,40.81940194405087],[-73.9055171252208,40.81958813131403],[-73.90550883797647,40.81977430542287],[-73.90548454031754,40.819959669147885],[-73.90544433615844,40.82014342872315],[-73.90538839753232,40.82032479724561],[-73.90531696385646,40.820502998044994],[-73.90523034090917,40.82067726800993],[-73.90512889952228,40.82084686085629],[-73.90501307399494,40.82101105032341],[-73.90488336023533,40.8211691332847],[-73.90474031363848,40.82132043275928],[-73.90458454670892,40.82146430081174],[-73.90441672643858,40.821600121327364],[-73.90423757145118,40.821727312651454],[-73.90404784892489,40.821845330080805],[-73.90384837130723,40.82195366819719],[-73.90363999283555,40.82205186303229],[-73.90342360587816,40.82213949405549],[-73.90320013711221,40.822216185975385],[-73.90297054355415,40.82228161034745],[-73.90273580846016,40.82233548698127],[-73.902496937114,40.82237758514084],[-73.90225495252012,40.822407724533164],[-73.90201089102123,40.82242577608054],[-73.90176579785808,40.822431662473804],[-73.90152072269144,40.82242535850324],[-73.90127671510501,40.822406891166914],[-73.90115537905803,40.822391566353595],[-73.90115478443833,40.822404904372505],[-73.90112605353976,40.82262396941208],[-73.90107852338313,40.82284113792526],[-73.90101239732212,40.823055479940365],[-73.90092795835037,40.82326607758056],[-73.90082556789258,40.82347202899514],[-73.90070566425943,40.82367245222183],[-73.90056876077314,40.82386648896444],[-73.90041544357145,40.82405330826912],[-73.90024636909943,40.824232110083564],[-73.90006226129995,40.82440212868405],[-73.89986390851465,40.824562635955594],[-73.89965216010872,40.82471294451102],[-73.89942792283404,40.82485241063557],[-73.89919215694617,40.824980437044744],[-73.89894587209159,40.825096475443],[-73.89869012298334,40.825200028872906],[-73.8984260048831,40.825290653844185],[-73.89825070469543,40.8253405963623],[-73.89822342577303,40.825408622302525],[-73.89809739229784,40.82566209790671],[-73.89794980352217,40.82590876904724],[-73.89778129125662,40.82614757935992],[-73.89759257693905,40.82637750613334],[-73.89738446854784,40.82659756468971],[-73.89719517486486,40.82677235437434],[-73.89727578992915,40.82684714934648],[-73.89753507874524,40.82712268444388],[-73.89777009055132,40.827410510728775],[-73.89797981879319,40.82770939583441],[-73.89816336513442,40.828018060027546],[-73.89831994330743,40.82833518168598],[-73.89844888248548,40.82865940295591],[-73.8985496301609,40.82898933556453],[-73.8986217545174,40.829323566763264],[-73.89866494628598,40.82966066537612],[-73.89867902007651,40.82999918792731],[-73.89866391517906,40.83033768482174],[-73.89861969583139,40.8306747065525],[-73.89854655095156,40.83100880990779],[-73.89844479333641,40.8313385641517],[-73.89831485832921,40.83166255715169],[-73.89815730196241,40.83197940142688],[-73.89797279858283,40.83228774009107],[-73.8977621379698,40.83258625266484],[-73.89752622195816,40.8328736607325],[-73.8972660605807,40.83314873341858],[-73.89698276774635,40.83341029266134],[-73.8966775564728,40.833657218260065],[-73.89635173369349,40.833888452674735],[-73.89600669466172,40.83410300555742],[-73.89564391697537,40.83429995799606],[-73.89537387055996,40.83442716220613],[-73.89537847323498,40.83443372127467],[-73.89560791453052,40.83481955620682],[-73.895803642263,40.83521596212718],[-73.89596481777266,40.83562124173629],[-73.89609075030252,40.8360336597091],[-73.89618089996613,40.836451450123356],[-73.89623488007015,40.83687282401963],[-73.89625245878156,40.837295977060506],[-73.896233560132,40.83771909725607],[-73.89617826435493,40.838140372723046],[-73.89608680755403,40.83855799944363],[-73.8959595807037,40.83897018899163],[-73.89579712798617,40.839375176192114],[-73.89560014447193,40.839771226682196],[-73.89536947315305,40.84015664434037],[-73.89510610134249,40.840529778552394],[-73.89481115645394,40.840889031282984],[-73.8944859011807,40.84123286392245],[-73.8941317280939,40.841559803879306],[-73.89375015368309,40.84186845089041],[-73.89334281186463,40.84215748302146],[-73.89291144698586,40.84242566233211],[-73.89245790635466,40.84267184018157],[-73.89198413232671,40.842894962151576],[-73.89149215398407,40.84309407256583],[-73.8909840784412,40.843268318586404],[-73.89046208181519,40.84341695386922],[-73.88992839989953,40.84353934176369],[-73.88938531858112,40.84363495804158],[-73.88885097655505,40.843701426224925],[-73.88860065637292,40.84405598706838],[-73.88825846111746,40.844472700613665],[-73.88788110507544,40.844871524707536],[-73.88747020384487,40.845250751191195],[-73.88702751678773,40.84560875581407],[-73.88655493949909,40.845944005194895],[-73.88605449569104,40.846255063394054],[-73.88552832852564,40.84654059806836],[-73.88497869143443,40.84679938618227],[-73.88440793846377,40.84703031925085],[-73.88381851418728,40.84723240809176],[-73.8832129432289,40.84740478706621],[-73.88259381944145,40.84754671779012],[-73.88230441075616,40.84759764967703],[-73.8821884695898,40.84770463566893],[-73.88166940422305,40.848124341109234],[-73.8813859499591,40.84832539368887],[-73.88140730092567,40.84884204042573],[-73.8813784263616,40.84948517812681],[-73.88129421862982,40.85012550468344],[-73.88115503674608,40.85076027799966],[-73.88096147518878,40.85138677968332],[-73.88071436137929,40.85200232668985],[-73.88065463086625,40.852122334443244],[-73.88076850725845,40.852284636259974],[-73.88116310807281,40.852948319990176],[-73.88149970489819,40.853630177977756],[-73.8817768548252,40.85432729090938],[-73.88199336934198,40.85503667406743],[-73.88214831945271,40.855755290103744],[-73.88224103968756,40.85648006204015],[-73.88227113098539,40.857207886440385],[-73.88223846243744,40.857935646696944],[-73.8821431718828,40.858660226375946],[-73.88198566535335,40.859378522563304],[-73.88176661536967,40.86008745915422],[-73.88174962927377,40.86012976677017],[-73.88216216907716,40.860823518432305],[-73.8825301323482,40.861568800796015],[-73.88283311192636,40.86233075763163],[-73.8830698083592,40.86310612663311],[-73.8832392058687,40.86389158795686],[-73.88334057673886,40.864683778430795],[-73.88337348447162,40.86547930595102],[-73.88333778569738,40.86627476400431],[-73.88323486339615,40.86705737407374],[-73.88331233182893,40.86721426141532],[-73.8836346876634,40.86802485076156],[-73.88388652407149,40.86884970879287],[-73.88406676015228,40.86968530379945],[-73.88417462147,40.870528057967825],[-73.88420964341522,40.871374362695946],[-73.88417167324127,40.87222059404236],[-73.88406087076572,40.87306312824336],[-73.88387770773359,40.87389835723163],[-73.88373207437336,40.874369630574364],[-73.88398360296391,40.87519339668845],[-73.88417467287461,40.876079126206236],[-73.88428901840288,40.876972444476706],[-73.88432614683485,40.877869526399365],[-73.88428589605964,40.878766530605084],[-73.88416843531691,40.87965961590416],[-73.88397426452559,40.880544957736205],[-73.88387774007082,40.880857284101474],[-73.88402636614855,40.88134399120236],[-73.88435085848948,40.882848058112046],[-73.88454505575278,40.884365011335895],[-73.88460811750532,40.88588835569702],[-73.88453976470461,40.887411568212144],[-73.88434028104776,40.888928126020375],[-73.8840105119106,40.89043153431896],[-73.88355186087914,40.89191535418636],[-73.88296628388517,40.89337323017378],[-73.88277453545514,40.893758267926714],[-73.88274888650314,40.893822122172644],[-73.8822011781518,40.89492191174894],[-73.88155983205716,40.895992160425216],[-73.88143748490171,40.896165284609275],[-73.88142488570323,40.89618630905213],[-73.88047565231624,40.89752946112145],[-73.8794126405765,40.89882261935278],[-73.87824039849244,40.90006024320666],[-73.87696394290549,40.901237029782315],[-73.87558873805679,40.90234793658017],[-73.87412067221818,40.903388203151565],[-73.87256603248765,40.90435337154141],[-73.87093147785659,40.90523930543561],[-73.8692240106645,40.90604220793015],[-73.86745094656389,40.906758637844725],[-73.86561988312486,40.90738552451035],[-73.86478876044588,40.90762174100301],[-73.86411436150264,40.90804031674096],[-73.863260659997,40.90850291119941],[-73.86295619784867,40.9086460466349],[-73.8625184604966,40.909178236023145],[-73.86197118756489,40.90975571413559],[-73.86137529257648,40.91030479802407],[-73.86073332686755,40.91082313570442],[-73.86004803931132,40.91130850684028],[-73.859322364549,40.911758832263324],[-73.85855941042097,40.91217218288926],[-73.8577624446518,40.912546787990806],[-73.85693488084654,40.91288104279208],[-73.85608026385806,40.91317351535182],[-73.85520225458875,40.91342295270567],[-73.85430461429164,40.91362828624091],[-73.8533911884388,40.91378863628079],[-73.8524658902264,40.913903315858384],[-73.85153268378751,40.91397183366379],[-73.85059556718524,40.91399389615208],[-73.8496585552593,40.91396940880258],[-73.8487256624003,40.91389847652458],[-73.84780088532592,40.9137814032071],[-73.84688818593332,40.91361869041519],[-73.84599147430194,40.91341103523789],[-73.8451145919197,40.9131593272978],[-73.84426129520524,40.912864644934395],[-73.84343523939731,40.91252825057809],[-73.84263996288011,40.912151585334776],[-73.84187887201301,40.91173626280446],[-73.84115522652914,40.91128406216001],[-73.84047212556602,40.91079692051668],[-73.83983249438816,40.91027692462472],[-73.83923907185856,40.90972630192087],[-73.8386943987128,40.90914741097776],[-73.83820080668599,40.908542731391655],[-73.83776040853876,40.90791485315255],[-73.8373750890252,40.9072664655422],[-73.83704649684086,40.906600345607714],[-73.836776037585,40.9059193462604],[-73.83656486776704,40.90522638405084],[-73.83652330291278,40.90503313370534],[-73.83519128924361,40.90430606950446],[-73.83364090327522,40.90333697133804],[-73.83217742081307,40.90229299454356],[-73.8308071092683,40.90117861296532],[-73.82953583589884,40.899998601930044],[-73.82836904269563,40.89875801774048],[-73.8273117231102,40.89746217596681],[-73.82636840072234,40.89611662862983],[-73.82554310993844,40.89472714037452],[-73.82505365863805,40.893734324590774],[-73.82474956541579,40.89354417378666],[-73.82431062242581,40.893230948328885],[-73.8238996197478,40.89289660700656],[-73.82351831730197,40.89254258182414],[-73.82316834772223,40.89217038907001],[-73.82285120936788,40.89178162281846],[-73.8225682599119,40.891377948098636],[-73.8223207105334,40.89096109376],[-73.82210962073897,40.89053284506479],[-73.82193589383476,40.89009503603942],[-73.8218002730691,40.88964954161739],[-73.8217033384612,40.88919826960768],[-73.82164550433002,40.88874315252303],[-73.8216270175332,40.88828613930278],[-73.82164795642366,40.88782918696645],[-73.8217082305279,40.887374252232945],[-73.82180758094735,40.8869232831421],[-73.82194558148055,40.886478210713875],[-73.82212164046139,40.88604094068108],[-73.82233500330514,40.88561334533101],[-73.82258475575118,40.88519725549112],[-73.82286982778845,40.884794452692496],[-73.82318899824648,40.8844066615448],[-73.82330011928443,40.88428947273854],[-73.82330020968837,40.88428749864844],[-73.82350107177093,40.88277104539799],[-73.82383217112847,40.88126780819727],[-73.82429208141461,40.879784223040154],[-73.82487882515133,40.87832664135961],[-73.82558988233481,40.87690130285566],[-73.82642220135436,40.87551430880833],[-73.82719978386194,40.87441530490637],[-73.82721776447642,40.87438533971442],[-73.82761073653262,40.87382991236206],[-73.82805071752398,40.87329518171711],[-73.82837353311848,40.872954639863906],[-73.82843584172693,40.87287891128377],[-73.82960853143027,40.8716417871287],[-73.83088525678482,40.87046551787507],[-73.8322605489337,40.86935513717088],[-73.83372851811131,40.86831539646316],[-73.83528287887351,40.86735074470938],[-73.83691697700218,40.866465309383806],[-73.83862381796864,40.86566287885986],[-73.84039609683529,40.86494688624221],[-73.84222622946763,40.864320394717666],[-73.8441063849245,40.86378608448586],[-73.8460285188894,40.86334624132568],[-73.84798440800124,40.86300274684508],[-73.8499656849396,40.862757070455785],[-73.85178180365486,40.86262364131861],[-73.85188345430907,40.86229517797737],[-73.85203034260171,40.86192977721926],[-73.85198144157356,40.86189920370741],[-73.851737628639,40.86172524630463],[-73.85150932488673,40.86153955450351],[-73.85129750793126,40.86134292355851],[-73.85110308475561,40.861136195565614],[-73.85092688782838,40.86092025585469],[-73.85076967154032,40.860696029196774],[-73.85063210897592,40.86046447584282],[-73.85051478903343,40.860226587410224],[-73.85041821390605,40.85998338263547],[-73.85034279693467,40.85973590301068],[-73.85028886084137,40.859485208322845],[-73.85025663635145,40.85923237211501],[-73.85024626120935,40.858978477088634],[-73.85025777959315,40.85872461046705],[-73.8502911419296,40.85847185933963],[-73.85034620511067,40.85822130600687],[-73.85042273311055,40.8579740233461],[-73.85052039800046,40.857731070217845],[-73.85063878135665,40.857493486932235],[-73.85077737605577,40.857262290795234],[-73.85093558844962,40.85703847175332],[-73.85111274091005,40.85682298815575],[-73.8513080747331,40.856616762651974],[-73.85152075338966,40.85642067824226],[-73.85174986610913,40.856235574497944],[-73.85199443178008,40.85606224396793],[-73.85225340315205,40.85590142878644],[-73.8525256713195,40.85575381749676],[-73.8528100704696,40.85562004210424],[-73.85310538287305,40.85550067537153],[-73.85313858411462,40.85548930424255],[-73.85324527989161,40.85500368671207],[-73.85346461712436,40.85429480367352],[-73.8537445405604,40.853598329958906],[-73.85408384981815,40.85291724754471],[-73.8544810903814,40.85225447241965],[-73.8549345598541,40.85161284210665],[-73.85544231527344,40.8509951035221],[-73.85574040901733,40.85068032690581],[-73.85561471018232,40.85009622211538],[-73.85553303552182,40.84945570639835],[-73.85550670482445,40.84881250574292],[-73.8555358292391,40.84816937447057],[-73.85562028244804,40.84752906652683],[-73.85575970123537,40.84689432368913],[-73.85595348706919,40.84626786382815],[-73.8562008086907,40.845652369272905],[-73.85650060569834,40.84505047532905],[-73.85685159311133,40.84446475899998],[-73.85725226689279,40.843897727958506],[-73.85770091040831,40.84335180981627],[-73.85819560179198,40.842829341737186],[-73.85873422218818,40.84233256043833],[-73.8593144648336,40.84186359262194],[-73.8599338449404,40.8414244458786],[-73.86058971033813,40.84101700010072],[-73.8612792528289,40.840642999442856],[-73.86199952020694,40.84030404486309],[-73.86210718640456,40.84026050464496],[-73.86212827750568,40.84016442787401],[-73.86230159380396,40.83960390095555],[-73.86252280707032,40.83905318252245],[-73.86279096896901,40.838514630566245],[-73.86310493022583,40.83799055092981],[-73.86346334556602,40.8374831874388],[-73.8638646794893,40.8369947122995],[-73.86430721285736,40.836527216804],[-73.86478905026505,40.83608270238237],[-73.86530812816385,40.83566307203995],[-73.86586222370244,40.8352701222167],[-73.86644896424677,40.834905535102635],[-73.86706583753842,40.834570871442715],[-73.86771020244817,40.83426756386164],[-73.86837930027852,40.833996910736865],[-73.8690702665672,40.83376007064614],[-73.86978014334085,40.833558057413256],[-73.87050589176698,40.8333917357728],[-73.87124440515018,40.83326181767261],[-73.87199252221714,40.83316885922981],[-73.87274704063397,40.8331132583529],[-73.87350473069823,40.83309525304062],[-73.87426234914746,40.83311492036434],[-73.87501665302536,40.83317217613847],[-73.87576441354673,40.83326677528053],[-73.87627785884163,40.83335828783304],[-73.87628027191647,40.833357460515046],[-73.87688573297893,40.83318511752162],[-73.87750473530036,40.83304321708593],[-73.87813462899669,40.8329323666532],[-73.87877271760618,40.83285304074758],[-73.87941626962166,40.83280557894287],[-73.88006253017214,40.83279018441025],[-73.88070873280394,40.83280692304945],[-73.881352111311,40.832855723207],[-73.8815103315455,40.83287573123069],[-73.88171867469929,40.83270723177405],[-73.88212600915368,40.83241824023178],[-73.88255735262051,40.83215010080179],[-73.88301085815829,40.8319039614425],[-73.88348458401181,40.831680875913584],[-73.88397650192324,40.83148179926781],[-73.88448450581218,40.83130758376538],[-73.88500642078749,40.83115897522812],[-73.88521520622989,40.831111096061676],[-73.8851801682073,40.83099627678883],[-73.88510810955998,40.83066203728134],[-73.88506498582623,40.830324933651774],[-73.88505098123211,40.829986409461796],[-73.8850661553036,40.829647914334444],[-73.88511044261932,40.8293108977465],[-73.88518365309827,40.82897680282173],[-73.8852854728212,40.82864706015176],[-73.88541546538212,40.82832308167116],[-73.8855730737639,40.828006254612305],[-73.88575762272963,40.82769793556692],[-73.88596832172006,40.827399444678626],[-73.88620426824369,40.82711205999216],[-73.88646445174562,40.826837011982875],[-73.88674775793841,40.826575478290316],[-73.88705297357579,40.82632857867803],[-73.88737879164965,40.82609737024138],[-73.88772381698722,40.82588284288379],[-73.88805531319446,40.82570288466393],[-73.88802551546976,40.825652757789015],[-73.88790029711141,40.82539904918697],[-73.88779719184159,40.8251396626094],[-73.88771664093582,40.824875708848616],[-73.88765898906992,40.82460831824218],[-73.88762448284832,40.824338635831815],[-73.88761326975269,40.8240678164596],[-73.88762539751525,40.82379701982241],[-73.88766081391914,40.82352740550571],[-73.88771936702693,40.823260128018326],[-73.88780080583602,40.822996331848856],[-73.88790478135805,40.82273714656547],[-73.88803084811767,40.822483681979776],[-73.88817846606422,40.822237023395346],[-73.88834700288793,40.821998226961576],[-73.88853573673077,40.82176831515242],[-73.8887438592803,40.821548272389556],[-73.888970479233,40.821339040828576],[-73.88921462611266,40.82114151632631],[-73.88947525442698,40.82095654460625],[-73.88975124814485,40.82078491763913],[-73.890041425475,40.82062737025316],[-73.8903445439257,40.820484576989344],[-73.89065930562371,40.820357149214566],[-73.89098436286977,40.820245632505404],[-73.89131832390699,40.82015050431338],[-73.89165975887731,40.82007217192172],[-73.89200720594074,40.820010970702576],[-73.89235917753109,40.81996716268195],[-73.89271416672165,40.8199409354184],[-73.89307065367336,40.81993240120047],[-73.89342711213833,40.8199415965663],[-73.89343197170322,40.819941964707986],[-73.89360831537839,40.81979927826474],[-73.89382006179999,40.81964898068558],[-73.89404429329338,40.81950952534608],[-73.894280049702,40.81938150934625],[-73.89452632154152,40.81926548080348],[-73.8947820543216,40.81916193650657],[-73.89504615305991,40.81907131978957],[-73.8953174869693,40.81899401863418],[-73.89559489429787,40.81893036400947],[-73.89587718730121,40.818880628455204],[-73.89616315732603,40.81884502491565],[-73.89645157998274,40.81882370582806],[-73.89674122038558,40.818816762470476],[-73.89703083843732,40.81882422457095],[-73.89731919413637,40.81884606018041],[-73.8976050528835,40.81888217580937],[-73.89788719076539,40.81893241682798],[-73.89810890850971,40.81898372648117],[-73.89815168292381,40.81884508911861],[-73.89822313400688,40.81866689271011],[-73.8983097726869,40.81849262795209],[-73.89841122786288,40.81832304103958],[-73.89852706499971,40.818158858131724]]]]},"properties":{"boro_cd":"212","borough":"BX","name":"Wakefield / Williamsbridge","origin_lat":40.885853595131664,"origin_lon":-73.8539192677439,"max_minutes":45.0,"departure":"2026-09-01T08:00:00","reachable_stops":36}},{"type":"Feature","geometry":{"type":"MultiPolygon","coordinates":[[[[-73.88763690973494,40.66658089203612],[-73.88816917998571,40.66645851160676],[-73.88871082046839,40.66636289860167],[-73.88925951241615,40.66629446233544],[-73.8898129069011,40.66625349577937],[-73.89036863488158,40.66624017430826],[-73.89092431733508,40.66625455495026],[-73.89147757543388,40.66629657614296],[-73.89202604071961,40.666366057996804],[-73.89256736523392,40.666462703064326],[-73.89309923156146,40.66658609761261],[-73.89361936274297,40.66673571339291],[-73.89412553201556,40.66691090990011],[-73.89461557233938,40.66711093711267],[-73.89508738566927,40.66733493870084],[-73.8955389519325,40.66758195568994],[-73.89596833767368,40.66785093056275],[-73.89637370433049,40.6681407117839],[-73.89675331610425,40.66845005872632],[-73.89710554739229,40.66877764697945],[-73.89719456542328,40.66887247019219],[-73.89753274103452,40.66889813607928],[-73.89801541480077,40.66895925482502],[-73.89849180644704,40.669044277791166],[-73.89895987647091,40.669152840986165],[-73.89941762096923,40.66928447963854],[-73.89986308021157,40.669438630185056],[-73.9002943470252,40.66961463268171],[-73.90070957495593,40.669811733627284],[-73.90110698616978,40.670029089186805],[-73.90148487906191,40.670265768802075],[-73.90184163554026,40.67052075917306],[-73.9020676976947,40.67070494882479],[-73.90259995692809,40.67058250570044],[-73.90327160676206,40.670463861002574],[-73.90395200790744,40.67037891356797],[-73.90463824778956,40.670328027026386],[-73.90532738886718,40.670311419204324],[-73.90601648119349,40.67032916119362],[-73.90670257503017,40.67038117704748],[-73.9073827334604,40.67046724410522],[-73.90805404494748,40.67058699394434],[-73.90871363578515,40.67073991395604],[-73.90935868238702,40.67092534953709],[-73.90998642336244,40.67114250688929],[-73.91059417132763,40.671390456413896],[-73.91117932440145,40.67166813668739],[-73.91173937733694,40.67197435900061],[-73.91227193224128,40.67230781244312],[-73.91277470883799,40.67266706951008],[-73.91324555422798,40.67305059220829],[-73.91368245210744,40.6734567386353],[-73.9140835314031,40.67388377000339],[-73.91444707428809,40.674329858078686],[-73.9147715235439,40.67479309300334],[-73.91505548923654,40.675271491467655],[-73.91529775467863,40.67576300519733],[-73.9153009384407,40.67577102381726],[-73.91531435198632,40.67578060732741],[-73.91552700769199,40.67595380660848],[-73.91572433061658,40.67613722380652],[-73.9159054757503,40.676330073581205],[-73.91606966733175,40.676531530197714],[-73.9162162021711,40.676740731061244],[-73.91634445266281,40.676956780409604],[-73.91645386947528,40.67717875314778],[-73.91654398390554,40.67740569880833],[-73.91661440988922,40.677636645620424],[-73.9166648456567,40.67787060467048],[-73.91669507502877,40.678106574136066],[-73.91670496834578,40.67834354357557],[-73.91669448302655,40.67858049825461],[-73.91666366375439,40.678816423491405],[-73.9166126422895,40.67905030900172],[-73.9165416369083,40.679281153225396],[-73.91645095147243,40.679507967615706],[-73.91634097413065,40.67972978087292],[-73.91621217566001,40.679945643104524],[-73.9160651074526,40.680154629893615],[-73.9159003991569,40.680355846258486],[-73.9157187559835,40.68054843048623],[-73.91552095568707,40.68073155782403],[-73.91530784523687,40.680904444012135],[-73.91529358727693,40.68091459063363],[-73.91529120383625,40.68092055145331],[-73.91504766789578,40.681411706691115],[-73.9147624536982,40.68188968384117],[-73.91443678187466,40.68235243582945],[-73.91407204641257,40.68279798074655],[-73.91366980869651,40.68322441034014],[-73.91323179083011,40.683629898192706],[-73.91275986826759,40.684012707549],[-73.91225606178628,40.68437119875971],[-73.91172252883453,40.68470383630981],[-73.91116155429191,40.685009195400475],[-73.9105755406815,40.6852859680572],[-73.90996699787598,40.6855329687371],[-73.9093385323419,40.685749139411925],[-73.90869283596824,40.685933554104246],[-73.9080326745273,40.68608542285788],[-73.90736087581756,40.686204095125085],[-73.90668031753938,40.68628906255612],[-73.90599391495593,40.68633996117912],[-73.90530460839238,40.68635657296087],[-73.90461535062703,40.68633882674179],[-73.90392909422891,40.68628679854102],[-73.9032487788963,40.686200711230484],[-73.90257731885056,40.68608093357924],[-73.9019175903398,40.685927978672],[-73.9012724193061,40.685742501708994],[-73.90064456926909,40.68552529719653],[-73.90003672947869,40.68527729554024],[-73.89945150338717,40.684999559055704],[-73.89889139749081,40.684693277413764],[-73.89835881058866,40.68435976254004],[-73.89785602350467,40.684000442990495],[-73.89738518931735,40.6836168578274],[-73.89694832413888,40.683210650022],[-73.89654729848296,40.68278355941221],[-73.89618382925866,40.682337415245534],[-73.89585947242418,40.68187412833962],[-73.89557561633214,40.68139568289353],[-73.89533347579462,40.680904127985414],[-73.89513408689311,40.68040156879296],[-73.89504799632215,40.68011895034226],[-73.8946038730608,40.680039685719116],[-73.8941357337162,40.679931104943606],[-73.89367792656695,40.67979944544438],[-73.89323241241546,40.679645271141354],[-73.89280109937395,40.67946924238495],[-73.89238583468762,40.679272113125755],[-73.89199506303328,40.67905837390601],[-73.89145669893504,40.679125522235],[-73.89090319864573,40.67916649663498],[-73.89034736305496,40.679179820667514],[-73.88979157302646,40.679165437260664],[-73.88923820922862,40.67912340802406],[-73.88868964192831,40.67905391298499],[-73.88826851702106,40.67897872726429],[-73.88815276471203,40.67908582726615],[-73.88771118435741,40.67944384326972],[-73.88723978802703,40.67977910366211],[-73.88674059437558,40.68009017245616],[-73.8862157412108,40.680375717263026],[-73.88566747633601,40.68063451500348],[-73.88509814791942,40.68086545715107],[-73.8847210580212,40.68099507480069],[-73.88424817579504,40.68157230123863],[-73.88368997752723,40.682163655412324],[-73.88308215976602,40.68272594759466],[-73.88242732488628,40.68325676920586],[-73.88172827686292,40.683753846415044],[-73.8809880092661,40.684215049890376],[-73.88020969243996,40.684638403930244],[-73.87939665991973,40.68502209493663],[-73.87855239414576,40.685364479193616],[-73.87768051153553,40.68566408991793],[-73.87678474697812,40.68591964355092],[-73.87586893781763,40.68613004526481],[-73.87559926077586,40.68617760438402],[-73.8755667893752,40.68620068969278],[-73.87475758288674,40.686704752093796],[-73.87390678899503,40.687167441430034],[-73.87301805172268,40.6875867755214],[-73.87209517786705,40.687960957888116],[-73.87114212068023,40.68828838545775],[-73.87064001268017,40.68843159527071],[-73.8699558917435,40.68891788902959],[-73.86911217206682,40.689443359453044],[-73.86822509664752,40.68992569387602],[-73.86729846494059,40.69036282591927],[-73.86633624610815,40.69075288281765],[-73.86534256200248,40.69109419345502],[-73.86432166949047,40.691385295534495],[-73.8632779421947,40.691624941852936],[-73.8622158517308,40.69181210565321],[-73.86113994852127,40.69194598503017],[-73.86005484226914,40.69202600637227],[-73.85970943685022,40.69203419217544],[-73.85941255447352,40.69215451325488],[-73.85833769192298,40.69252362087548],[-73.85723340410419,40.69283841871896],[-73.8561044220923,40.69309755800137],[-73.85495558295352,40.69329992839957],[-73.85379180898771,40.69344466281674],[-73.85261808660248,40.69353114110413],[-73.85192457074636,40.693547530534296],[-73.85110804043168,40.693827858354126],[-73.84994118655699,40.69416040127156],[-73.8487482460461,40.69443413285112],[-73.84753433014752,40.69464788020779],[-73.8463242371225,40.69479829172362],[-73.84527787050818,40.69536687804568],[-73.84357546938726,40.696169427923124],[-73.84180771124882,40.69688548788525],[-73.8399821709147,40.69751198884517],[-73.83810667156799,40.69804624549232],[-73.83618925115128,40.69848596783483],[-73.83423812783117,40.698829271043714],[-73.83226166467864,40.69907468355598],[-73.83026833371908,40.69922115340152],[-73.82826667950812,40.699268052726296],[-73.82626528239156,40.69921518049197],[-73.82427272160973,40.69906276334025],[-73.82229753840645,40.69881145461858],[-73.82034819930355,40.69846233157061],[-73.81843305970062,40.69801689070459],[-73.8165603279583,40.6974770413592],[-73.81473803012148,40.69684509749503],[-73.81297397543544,40.69612376774753],[-73.81127572280475,40.69531614378436],[-73.8096505483401,40.694425687018196],[-73.80810541413362,40.693456213732205],[-73.80664693839755,40.69241187868323],[-73.80528136709475,40.69129715725368],[-73.8040145471834,40.69011682622929],[-73.80285190159024,40.68887594328645],[-73.80179840601966,40.68757982527763],[-73.80085856769702,40.68623402540906],[-73.80003640613677,40.684844309409215],[-73.79933543601635,40.683416630791015],[-73.79875865222758,40.68195710531461],[-73.79830851716814,40.680471984760786],[-73.7979869503253,40.67896763012785],[-73.7977953201944,40.67745048436762],[-73.79773443856428,40.67592704477723],[-73.79780455719177,40.674403835165755],[-73.7980053668767,40.67288737791467],[-73.79833599893891,40.6713841660522],[-73.79879502908837,40.66990063546063],[-73.79938048366894,40.66844313733576],[-73.80008984824711,40.66701791101598],[-73.80092007850602,40.665631057297],[-73.80186761339642,40.66428851234538],[-73.80292839048593,40.66299602232293],[-73.80409786343935,40.66175911882893],[-73.80537102155391,40.660583095265025],[-73.8067424112641,40.65947298422299],[-73.80820615952385,40.65843353599119],[-73.80975599896492,40.65746919827089],[-73.81138529472402,40.65658409718827],[-73.8130870728235,40.655782019682434],[-73.81485404998516,40.655066397343845],[-73.81667866474989,40.654440291771586],[-73.8185531097713,40.65390638151101],[-73.82046936514662,40.65346695062722],[-73.82219074630645,40.653164082144954],[-73.82266669830021,40.65286782144686],[-73.82333640850187,40.65250387398995],[-73.82403593147824,40.65217406122816],[-73.82476227243961,40.65187979495834],[-73.82551232192858,40.65162233479948],[-73.8262828691208,40.65140278280688],[-73.82707061555695,40.65122207876046],[-73.82787218924787,40.65108099614673],[-73.82868415909219,40.65098013885208],[-73.8295030495457,40.65091993858118],[-73.83032535547956,40.650900653011476],[-73.83114755716433,40.65092236469144],[-73.83196613531629,40.65098498068803],[-73.83277758614162,40.65108823298364],[-73.83357843631482,40.651231679622065],[-73.8343652578276,40.65141470659778],[-73.83513468264492,40.651636530480765],[-73.8358834171059,40.651896201765894],[-73.83660825600857,40.65219260893239],[-73.83730609631779,40.65252448319611],[-73.83797395043877,40.65289040393448],[-73.838608958999,40.65328880476111],[-73.8392084030843,40.653717980223966],[-73.8397697158766,40.654176093098805],[-73.84009407560562,40.65447822573924],[-73.84190677886967,40.65510676264375],[-73.84367006168812,40.655827652469384],[-73.8453677011231,40.65663480223131],[-73.84699243155585,40.65752475863055],[-73.84853729849175,40.65849371394535],[-73.84999568829166,40.659537522281454],[-73.85136135646304,40.660651717268735],[-73.85262845439033,40.66183153112897],[-73.85283663030376,40.662053543866705],[-73.8529655662922,40.662173593981194],[-73.85378148002552,40.66304371681628],[-73.85452093497744,40.66395260779553],[-73.85459952595677,40.66406502010025],[-73.85484567298197,40.664367560671906],[-73.85578629228154,40.665712922916946],[-73.8563359949329,40.66664079438829],[-73.85663846720367,40.66671107313093],[-73.85708446719359,40.66650065935704],[-73.85800712832258,40.66612659640399],[-73.85895993332322,40.66579927674216],[-73.8599388037554,40.66552010131265],[-73.86093954978806,40.66529026498121],[-73.8619578881091,40.66511075143192],[-73.86298946023251,40.66498232896382],[-73.86402985112431,40.66490554720767],[-73.86507460806907,40.66488073477749],[-73.86611925969584,40.664907997866415],[-73.86694848005,40.66497115986503],[-73.86742873201902,40.664834152817114],[-73.86834427541467,40.664623817735546],[-73.86927591931405,40.664459522303915],[-73.87021967611197,40.66434196972091],[-73.87117150643564,40.66427166311856],[-73.87212733640862,40.664248903412066],[-73.8730830750615,40.66427378801368],[-73.87403463181508,40.66434621041651],[-73.87497793396209,40.664465860649614],[-73.87590894407272,40.66463222660274],[-73.87682367725057,40.66484459621503],[-73.87771821816519,40.665102060518215],[-73.87858873778899,40.66540351752162],[-73.87943150976773,40.665747676922365],[-73.88024292635411,40.66613306562059],[-73.88101951383746,40.666558034016525],[-73.8811420738527,40.66663483530677],[-73.88140801057314,40.66664173919657],[-73.88204978679987,40.6666905366204],[-73.88268599899956,40.66677118746414],[-73.88331392369406,40.66688334648237],[-73.88393087284676,40.66702653354922],[-73.8845342053589,40.66720013571167],[-73.8851213383659,40.66740340981102],[-73.88533992179514,40.66749265410273],[-73.8856463004183,40.66732594137543],[-73.88611884857096,40.66710283976066],[-73.8866095448496,40.66690374718692],[-73.88711628840308,40.66672951598247],[-73.88763690973494,40.66658089203612]]],[[[-73.91733276484413,40.67773017675042],[-73.91743395750098,40.677560569692574],[-73.91754950330504,40.677396364376584],[-73.9176789073973,40.677238263912685],[-73.91782161559055,40.67708694526596],[-73.9179770167436,40.67694305635822],[-73.918144445379,40.67680721329421],[-73.9183231845331,40.67667999772433],[-73.91851246882642,40.67656195435476],[-73.91871148774092,40.6764535886157],[-73.91891938909033,40.676355364498114],[-73.91913528266863,40.6762677025674],[-73.91935824406097,40.67619097816342],[-73.91958731860088,40.67612551979392],[-73.91982152545687,40.6760716077284],[-73.9200598618307,40.676029472798604],[-73.9203013072496,40.675999295410456],[-73.92054482793412,40.67598120477205],[-73.92078938122269,40.675975278340466],[-73.92103392003419,40.67598154149043],[-73.92127739734948,40.67599996740548],[-73.92151877069263,40.676030477193045],[-73.92175700659261,40.67607294022185],[-73.92199108500672,40.676127174681135],[-73.92222000368649,40.67619294835876],[-73.92244278246746,40.67626997963515],[-73.9226584674648,40.676357938688675],[-73.92286613515647,40.67645644890718],[-73.92306489633651,40.676565088500226],[-73.92325389992189,40.67668339230429],[-73.92333722888817,40.676742916219766],[-73.923415146449,40.6766122944585],[-73.92366720993559,40.67625401501518],[-73.9239495088669,40.675909053298085],[-73.92426083411462,40.67557888627022],[-73.92459985233249,40.67526492752946],[-73.9249651116692,40.67496852125918],[-73.92535504798761,40.67469093647638],[-73.92576799156336,40.67443336160158],[-73.92620217423408,40.67419689937396],[-73.92665573696885,40.673982562133304],[-73.92712673782528,40.673791267488916],[-73.92761316026038,40.67362383439393],[-73.92811292175963,40.673480979641916],[-73.92862388274749,40.67336331480041],[-73.92914385574106,40.67327134359496],[-73.92967061470823,40.6732054597543],[-73.93020190459008,40.673165945326154],[-73.93073545094707,40.673152969470785],[-73.93126896968782,40.67316658773743],[-73.93180017683908,40.67320674182674],[-73.93232679831517,40.67327325984001],[-73.93284657964529,40.67336585701465],[-73.93335729561716,40.673484136942086],[-73.933856759796,40.673627593263575],[-73.93434283387805,40.67379561183605],[-73.934813436839,40.67398747335941],[-73.93526655383805,40.67420235645344],[-73.93570024483968,40.67443934117176],[-73.9361126529165,40.67469741293745],[-73.93650201219724,40.67497546688371],[-73.93686665542646,40.67527231258102],[-73.93720502110332,40.67558667913068],[-73.93751566016881,40.675917220602834],[-73.93779724221304,40.67626252179595],[-73.93804856117576,40.676621104292984],[-73.93826854051575,40.676991432788576],[-73.93845623782677,40.677371921659955],[-73.93861084888029,40.67776094175377],[-73.93873171107754,40.67815682735972],[-73.93881830629594,40.678557883340964],[-73.93887026311758,40.67896239239124],[-73.93888735842994,40.679368622387315],[-73.93886951839211,40.67977483380538],[-73.9388168187618,40.68017928716964],[-73.93872948458178,40.68058025050144],[-73.93860788922706,40.68097600673651],[-73.93845255281619,40.68136486107909],[-73.93826413999388,40.68174514826118],[-73.93804345709403,40.68211523967574],[-73.93779144869495,40.682473550353286],[-73.93750919358183,40.68281854575216],[-73.93719790013316,40.68314874833304],[-73.93685890115117,40.68346274388977],[-73.93649364815805,40.68375918760898],[-73.93610370518235,40.68403680983298],[-73.93569074206236,40.68429442150058],[-73.93525652729487,40.684530919243066],[-73.93480292045999,40.684745290112986],[-73.93433186425463,40.684936615925665],[-73.93384537616888,40.6851040771946],[-73.93334553984049,40.68524695664423],[-73.93283449612541,40.68536464228439],[-73.93231443392199,40.68545663003367],[-73.93178758078875,40.6855225258803],[-73.93125619339582,40.68556204757106],[-73.9307225478512,40.68557502582149],[-73.93018892994337,40.68556140504134],[-73.92965762534237,40.68552124357299],[-73.92913090980129,40.68545471344136],[-73.92861103940037,40.685362099616434],[-73.92810024087592,40.685243798791625],[-73.92760070207527,40.685100317683315],[-73.92711456257891,40.68493227085859],[-73.92664390453045,40.68474037810101],[-73.92619074371325,40.68452546132523],[-73.92575702091253,40.684288441053866],[-73.92534459359985,40.68403033247223],[-73.92495522797553,40.683752241077016],[-73.92459059140359,40.68345535793851],[-73.92425224527096,40.683140954596055],[-73.92394163830225,40.682810377609044],[-73.92366010035815,40.68246504278666],[-73.92340883674433,40.682106429121355],[-73.923188923055,40.68173607245179],[-73.9230013005731,40.68135555888281],[-73.92292234623683,40.681156783847904],[-73.92286065961258,40.681190373295145],[-73.92265274899496,40.68128860447645],[-73.9224368437858,40.6813762729537],[-73.92221386859896,40.681453003275],[-73.92198477833686,40.681518466831385],[-73.92175055410007,40.68157238326458],[-73.9215121989842,40.68161452166814],[-73.92127073378268,40.68164470157668],[-73.92102719261348,40.681662793738994],[-73.92078261848864,40.68166872067191],[-73.92053805884585,40.68166245699217],[-73.9202945610606,40.68164402952524],[-73.92005316795913,40.681613517190264],[-73.91981491335049,40.681571050662136],[-73.91958081759752,40.68151681181147],[-73.91935188324538,40.681451032925516],[-73.91912909072667,40.68137399571298],[-73.91891339416125,40.681286030097105],[-73.91870571726913,40.68118751280227],[-73.91850694941368,40.681078865740034],[-73.91831794179214,40.6809605542017],[-73.91813950379009,40.68083308486506],[-73.91797239951494,40.68069700362387],[-73.91781734452381,40.68055289324928],[-73.91767500275964,40.68040137089368],[-73.91754598370841,40.68024308544686],[-73.91743083979004,40.68007871475672],[-73.91733006399386,40.6799089627258],[-73.9172440877688,40.679734556296324],[-73.9171732791774,40.679556242336595],[-73.91711794132142,40.67937478444246],[-73.91707831104586,40.6791909596667],[-73.91705455792669,40.67900555519143],[-73.91704678354708,40.678819364956816],[-73.91705502106444,40.67863318626126],[-73.91707923507086,40.67844781634713],[-73.91711932174694,40.678264048986875],[-73.91717510930866,40.678082671084205],[-73.91724635874515,40.67790445930471],[-73.91733276484413,40.67773017675042]]],[[[-73.93989254243577,40.67967094088367],[-73.9399160922628,40.67962340465839],[-73.93994367542946,40.67957714279258],[-73.9399751738138,40.67953235338388],[-73.94001045252942,40.67948922822418],[-73.94004936050304,40.679447951978766],[-73.94009173112153,40.679408701395246],[-73.9401373829455,40.67937164454696],[-73.94018612048616,40.67933694011326],[-73.94023773504257,40.67930473670009],[-73.94029200559524,40.679275172203795],[-73.9403486997525,40.67924837322047],[-73.94040757474573,40.679224454504094],[-73.94046837846871,40.67920351847519],[-73.94053085055711,40.67918565478221],[-73.9405947235034,40.67917093991775],[-73.94065972380207,40.67915943689104],[-73.9407255731208,40.679151194958166],[-73.94079198949217,40.67914624941113],[-73.94085868852082,40.679144621426765],[-73.94092538460121,40.67914631797617],[-73.94099179214044,40.67915133179466],[-73.941057626781,40.67915964141306],[-73.94112260661828,40.67917121124951],[-73.94118645340755,40.67918599176184],[-73.94124889375533,40.67920391965979],[-73.94130966028997,40.679224918175755],[-73.94136849280639,40.67924889739375],[-73.94142513938023,40.67927575463416],[-73.94147935744658,40.67930537489359],[-73.94153091483851,40.67933763133707],[-73.94157959078132,40.67937238584127],[-73.94162517683776,40.679409489585794],[-73.9416674778007,40.67944878369049],[-73.94170631252896,40.679490099895624],[-73.94174151472303,40.67953326128246],[-73.94177293363734,40.679578083030634],[-73.94180043472568,40.67962437320972],[-73.94182390021761,40.67967193360085],[-73.94184322962282,40.67972056054565],[-73.94185834016152,40.679770045818096],[-73.94186916711911,40.67982017751635],[-73.94187566412346,40.679870740969974],[-73.94187780334364,40.67992151965925],[-73.94187557560926,40.67997229614226],[-73.94186899044985,40.680022852986056],[-73.9418580760543,40.68007297369775],[-73.94184287915034,40.680122443651506],[-73.94182346480447,40.680171051007754],[-73.94179991614365,40.680218587620246],[-73.9417723339994,40.680264849927376],[-73.9417408364761,40.68030963982407],[-73.94170555844549,40.68035276550996],[-73.94166665096908,40.680394042310844],[-73.9416242806515,40.680433293469605],[-73.94157862892702,40.68047035090302],[-73.94152989128268,40.68050505592174],[-73.94147827642124,40.680537259909805],[-73.94142400536741,40.680566824961076],[-73.94136731052137,40.680593624469914],[-73.9413084346636,40.680617543673364],[-73.94124762991508,40.68063848014259],[-73.94118515665768,40.680656344221575],[-73.94112128241898,40.6806710594111],[-73.94105628072654,40.680682562696425],[-73.94099042993655,40.68069080481703],[-73.94092401204162,40.68069575047769],[-73.94085731146316,40.6806973784996],[-73.94079061383323,40.68069568191107],[-73.94072420477124,40.6806906679774],[-73.94065836866078,40.680682358169804],[-73.94059338743159,40.68067078807329],[-73.94052953935221,40.68065600723455],[-73.94046709783821,40.680638078949436],[-73.94040633028118,40.6806170799921],[-73.94034749690371,40.680593100286174],[-73.94029084964487,40.68056624251952],[-73.94023663108133,40.68053662170462],[-73.94018507338846,40.68050436468593],[-73.94013639734618,40.6804696095966],[-73.9400908113934,40.68043250526705],[-73.94004851073548,40.680393210587454],[-73.94000967650841,40.68035189382734],[-73.93997447500308,40.680308731915],[-73.93994305695334,40.68026390967973],[-73.93991555689054,40.68021761906034],[-73.93989209256758,40.68017005828321],[-73.93987276445482,40.680121431013326],[-73.9398576553099,40.68007194548227],[-73.93984682982355,40.68002181359629],[-73.93984033434276,40.679971250029034],[-73.93983819667238,40.67992047130221],[-73.93984042595632,40.67986969485835],[-73.93984701263848,40.679819138129716],[-73.93985792850393,40.67976901760724],[-73.93987312679981,40.67971954791353],[-73.93989254243577,40.67967094088367]]],[[[-73.94477437968492,40.67865278219032],[-73.9449398554809,40.67837520387212],[-73.94512882161305,40.678106459041544],[-73.94534046870055,40.67784769839253],[-73.9455738902799,40.677600029856464],[-73.94582808668925,40.67736451385978],[-73.94610196935103,40.677142158785266],[-73.94639436543466,40.67693391665645],[-73.9467040228791,40.67674067906299],[-73.94702961575403,40.676563273345195],[-73.94736974993647,40.6764024590534],[-73.94772296907857,40.67625892469778],[-73.94808776084132,40.67613328480202],[-73.94846256336712,40.67602607727373],[-73.94884577196383,40.67593776110287],[-73.94923574597179,40.67586871439779],[-73.94963081578416,40.675819232767296],[-73.95002928999102,40.67578952805601],[-73.95042946261633,40.67577972743774],[-73.95082962041731,40.6757898728716],[-73.95122805021452,40.67581992092226],[-73.95162304622201,40.67586974294592],[-73.95201291734558,40.67593912564068],[-73.95239599441865,40.676027771959205],[-73.95277063734426,40.676135302379706],[-73.95313524211319,40.67626125652976],[-73.953488247668,40.67640509515625],[-73.95382814258357,40.67656620243274],[-73.95415347153592,40.67674388859461],[-73.95446284153148,40.67693739289071],[-73.95475492786998,40.67714588683871],[-73.955028479816,40.67736847777062],[-73.9552823259543,40.67760421265302],[-73.95534640993712,40.677672370979025],[-73.95553074876653,40.67762987653603],[-73.95585572963954,40.67757231883695],[-73.95618495883983,40.67753106530498],[-73.95651702679328,40.67750629256396],[-73.95685051177821,40.677498106676325],[-73.95718398600921,40.67750654268925],[-73.95751602174686,40.67753156448467],[-73.95784519740731,40.6775730649338],[-73.95817010364557,40.67763086635574],[-73.95848934938647,40.67770472127753],[-73.95880156777763,40.677794313493344],[-73.95910542203903,40.677899259417686],[-73.95939961118405,40.67801910972669],[-73.9596828755878,40.67815335128116],[-73.95995400237854,40.67830140932251],[-73.96021183062952,40.67846264993253],[-73.96045525632898,40.6786363827464],[-73.96068323710675,40.67882186390735],[-73.96089479669767,40.67901829925041],[-73.96108902912226,40.679224847701434],[-73.96126510256725,40.679440624877266],[-73.96142226294876,40.6796647068712],[-73.96155983714341,40.67989613420782],[-73.96167723587301,40.68013391595041],[-73.96177395623083,40.68037703394295],[-73.96184958383827,40.68062444716906],[-73.96190379462284,40.68087509620879],[-73.9619363562098,40.68112790777464],[-73.96194712892112,40.68138179930688],[-73.9619360663779,40.68163568360913],[-73.96190321570313,40.68188847350351],[-73.96184871732424,40.68213908648652],[-73.96177280437593,40.68238644936457],[-73.96167580170577,40.68262950285016],[-73.96155812448715,40.68286720609868],[-73.9614202764449,40.68309854116624],[-73.96126284770142,40.683322517369824],[-73.96108651225256,40.68353817553073],[-73.96089202508387,40.683744592083215],[-73.96068021893934,40.68394088303087],[-73.96045200075707,40.68412620773348],[-73.96020834778626,40.68429977250843],[-73.95995030340285,40.68446083403083],[-73.95967897264131,40.68460870251834],[-73.9593955174619,40.68474274468641],[-73.95910115177357,40.684862386461596],[-73.95879713623393,40.6849671154413],[-73.95848477284864,40.68505648308933],[-73.95816539939304,40.685130106657795],[-73.95784038368055,40.6851876708271],[-73.95751111770183,40.68522892905713],[-73.95717901166029,40.68525370464366],[-73.95684548792934,40.68526189147558],[-73.95651197495731,40.685253454489555],[-73.95617990114651,40.68522842982029],[-73.95585068873223,40.68518692464572],[-73.95552574768831,40.6851291167277],[-73.95520646968548,40.685055253650255],[-73.95489422212813,40.68496565175872],[-73.95459034229529,40.68486069480423],[-73.95429613161113,40.684740832299354],[-73.95401285006909,40.684606577591914],[-73.95374171083418,40.684458505665624],[-73.95364378043996,40.68439725845295],[-73.95348261997547,40.68447345776576],[-73.9531293697195,40.684617009658695],[-73.95276454104594,40.684742665408514],[-73.95238969644397,40.68484988683627],[-73.95200644132562,40.6849382147142],[-73.9516164171466,40.68500727073367],[-73.95122129437216,40.68505675912645],[-73.95082276531843,40.68508646793228],[-73.95042253689988,40.68509626990721],[-73.95002232331396,40.685086123069],[-73.94962383869456,40.68505607087697],[-73.94922878976568,40.68500624204574],[-73.94883886852702,40.68493684999376],[-73.94845574500265,40.684848191928424],[-73.9480810600843,40.68474064757253],[-73.94771641849971,40.68461467753693],[-73.94736338193626,40.68447082134657],[-73.94702346234962,40.68430969512836],[-73.94669811548589,40.68413198897108],[-73.94638873464514,40.68393846396798],[-73.94609664471317,40.683729948955666],[-73.9458230964869,40.68350733696257],[-73.94556926131794,40.683271581382485],[-73.94533622609701,40.6830236918898],[-73.94512498860102,40.68276473011348],[-73.94493645322231,40.68249580508903],[-73.94477142709866,40.68221806850715],[-73.94463061666049,40.681932709780206],[-73.94451462460975,40.6816409509472],[-73.94442394734378,40.68134404143936],[-73.94435897283468,40.68104325272851],[-73.94431997897358,40.68073987288146],[-73.94430713238637,40.68043520104353],[-73.9443204877262,40.68013054187501],[-73.94435998744568,40.67982719996418],[-73.94442546204934,40.67952647424113],[-73.94451663082545,40.67922965241591],[-73.94463310305393,40.678938005465064],[-73.94477437968492,40.67865278219032]]],[[[-73.96229750357,40.68234684586954],[-73.96238379767289,40.68217252960077],[-73.96248488247583,40.68200288303556],[-73.96260032502997,40.68183863258856],[-73.96272963091826,40.68168048156329],[-73.96287224637389,40.681529107141394],[-73.96302756065268,40.681385157483504],[-73.96319490864897,40.68124924895453],[-73.96337357374439,40.68112196348519],[-73.96356279087638,40.681003846081005],[-73.96376174981438,40.68089540248923],[-73.96396959862886,40.680797097034116],[-73.96418544733858,40.680709350629364],[-73.96440837172075,40.68063253897656],[-73.96463741726731,40.680566990957],[-73.96487160327084,40.68051298722409],[-73.96510992702231,40.68047075900197],[-73.96535136810299,40.68044048709612],[-73.96559489275195,40.68042230111926],[-73.96583945829065,40.68041627893669],[-73.9660840175855,40.68042244633309],[-73.96632752352971,40.680440776902],[-73.96656893352478,40.680471192159104],[-73.9668072139428,40.6805135618778],[-73.96704134455051,40.6805677046469],[-73.96727032287599,40.68063338864688],[-73.96749316849954,40.68071033264207],[-73.9677089272502,40.68079820718459],[-73.9679166752902,40.68089663602415],[-73.96811552306968,40.681005197718754],[-73.96830461913488,40.68112342743842],[-73.96848315377346,40.68125081895496],[-73.96865036248136,40.68138682680875],[-73.96880552923632,40.68153086864377],[-73.96894798956431,40.68168232770034],[-73.9690771333852,40.68184055545539],[-73.96919240762595,40.682004874398686],[-73.96929331859015,40.68217458093336],[-73.96937943407315,40.68234894838789],[-73.96945038521447,40.68252723012744],[-73.96950586807905,40.68270866275025],[-73.96954564496058,40.682892469356325],[-73.96956954540147,40.68307786287377],[-73.96957746692502,40.68326404942891],[-73.96956937547638,40.68345023174557],[-73.96954530557073,40.683635612559215],[-73.96950536014778,40.68381939803078],[-73.96944971013313,40.68400080114638],[-73.96937859370863,40.68417904508766],[-73.96929231529438,40.684353366558554],[-73.96919124424718,40.684523019054396],[-73.96907581328054,40.68468727605912],[-73.9689465166132,40.68484543415694],[-73.96880390785421,40.68499681604525],[-73.9686485976332,40.68514077343567],[-73.96848125098634,40.68527668983096],[-73.96830258450899,40.685403983165784],[-73.96811336328727,40.685522108300106],[-73.96791439762178,40.68563055935436],[-73.96770653955714,40.685728871876606],[-73.96749067923284,40.68581662483223],[-73.96726774107043,40.68589344240756],[-73.96703867981374,40.68595899561999],[-73.96680447643901,40.686013003727254],[-73.96656613395247,40.68605523543029],[-73.96632467309342,40.68608550986416],[-73.9660811279612,40.686103697372836],[-73.96583654158486,40.686109720064835],[-73.96559196145448,40.686103552146754],[-73.96534843503338,40.68608522003393],[-73.96510700527043,40.68605480223719],[-73.96486870613174,40.686012429026505],[-73.96463455817091,40.68595828187285],[-73.96440556415678,40.68589259267079],[-73.96418270477749,40.68581564274493],[-73.96396693443933,40.68572776164469],[-73.96375917717837,40.68562932573257],[-73.96356032270225,40.68552075657155],[-73.96337122257927,40.68540251911935],[-73.96319268659126,40.68527511973651],[-73.96302547926533,40.68513910401721],[-73.96287031660006,40.68499505445208],[-73.96272786299957,40.684843587933045],[-73.96259872842886,40.68468535311088],[-73.96248346580265,40.684521027616675],[-73.96238256861871,40.68435131515949],[-73.96229646884585,40.68417694251209],[-73.96222553507572,40.683998656398224],[-73.96217007094621,40.683817220294436],[-73.96213031384306,40.68363341116035],[-73.96210643388541,40.683448016111086],[-73.96209853319951,40.68326182904654],[-73.96210664548367,40.68307564725154],[-73.96213073586621,40.6828902679818],[-73.96217070105708,40.6827064850499],[-73.96222636979238,40.68252508542626],[-73.96229750357,40.68234684586954]]],[[[-73.97169277838576,40.685530164405115],[-73.97174767985894,40.68541923143876],[-73.97181199458302,40.68531126935338],[-73.9718854471168,40.68520674044381],[-73.97196772289513,40.68510609230184],[-73.97205846957651,40.68500975589992],[-73.97215729855236,40.68491814374586],[-73.97226378661124,40.68483164811698],[-73.97237747775146,40.68475063938034],[-73.97249788513366,40.68467546440739],[-73.97262449316558,40.68460644508882],[-73.97275675970965,40.68454387695656],[-73.97289411840426,40.68448802791861],[-73.97303598108851,40.684439137112065],[-73.97318174032043,40.68439741387955],[-73.97333077197739,40.684363036872824],[-73.9734824379281,40.684336153288136],[-73.97363608876431,40.68431687823609],[-73.97379106658093,40.68430529424885],[-73.97394670779235,40.68430145092684],[-73.97410234597315,40.68430536472642],[-73.97425731471085,40.684317018889466],[-73.97441095045873,40.684336363515065],[-73.97456259537628,40.684363315773155],[-73.9747116001453,40.684397760259095],[-73.97485732674956,40.68443954948767],[-73.97499915120616,40.68448850452452],[-73.97513646623673,40.68454441575207],[-73.97526868386733,40.68460704376688],[-73.97539523794575,40.684676120404525],[-73.97551558656536,40.68475134988767],[-73.97562921438549,40.684832410092184],[-73.97573563483787,40.68491895392621],[-73.97583439221022,40.68501061081627],[-73.97592506359769,40.68510698829351],[-73.976007260714,40.6852076736742],[-73.97608063155448,40.68531223582642],[-73.97614486190379,40.685420227016],[-73.97619967668189,40.68553118482349],[-73.9762448411227,40.685644634123996],[-73.97628016178005,40.685760089121565],[-73.97630548735678,40.68587705542921],[-73.97632070935353,40.68599503218582],[-73.97632576253415,40.68611351420083],[-73.97632062520601,40.68623199411734],[-73.97630531931387,40.68634996458481],[-73.97627991034663,40.68646692043162],[-73.97624450705808,40.68658236082825],[-73.97619926100191,40.68669579143214],[-73.97614436588358,40.686806726504656],[-73.97608005673165,40.686914690991266],[-73.97600660889204,40.68701922255609],[-73.97592433684953,40.68711987356185],[-73.97583359288173,40.68721621298713],[-73.9757347655508,40.68730782827236],[-73.97562827803999,40.6873943270867],[-73.97551458634165,40.6874753390085],[-73.97539417730466,40.68755051711192],[-73.97526756654963,40.687619539452626],[-73.9751352962607,40.687682110447],[-73.9749979328636,40.68773796213807],[-73.97485606459962,40.687786855343354],[-73.97471029900623,40.68782858067916],[-73.97456126031491,40.68786295945779],[-73.97440958677733,40.687889844452634],[-73.97425592793151,40.68790912052897],[-73.97410094181961,40.6879207051371],[-73.97394529216918,40.687924548666],[-73.97378964555003,40.68792063465573],[-73.97363466851901,40.68790897986807],[-73.97348102476477,40.687889634214585],[-73.97332937226479,40.68786268054295],[-73.97318036046701,40.687828234281966],[-73.97303462750791,40.68778644294723],[-73.97289279747915,40.6877374855091],[-73.97275547775442,40.687681571626335],[-73.97262325638799,40.68761894074775],[-73.97249669959601,40.68754986108674],[-73.97237634933147,40.68747462847241],[-73.97226272096327,40.68739356508246],[-73.97215630106899,40.687307018063215],[-73.97205754535142,40.68721535804273],[-73.97196687668708,40.687118977543335],[-73.97188468331561,40.68701828930053],[-73.97181131717764,40.686913724495184],[-73.97174709240807,40.68680573090686],[-73.97169228399144,40.68669477099609],[-73.97164712658497,40.6865813199237],[-73.97161181351451,40.686465863515984],[-73.97158649594738,40.686348896184036],[-73.97157128224592,40.68623091880654],[-73.97156623750429,40.68611243658466],[-73.97157138327077,40.685993956878804],[-73.97158669745626,40.68587598703596],[-73.97161211442985,40.68575903221703],[-73.97164752530082,40.68564359323398],[-73.97169277838576,40.685530164405115]]],[[[-73.98274760165069,40.68790138104629],[-73.98280248668429,40.68779044283917],[-73.98286678579609,40.68768247460782],[-73.98294022361166,40.68757793867337],[-73.9830224856289,40.6874772826577],[-73.98311321956521,40.68738093756698],[-73.98321203686656,40.68728931594624],[-73.98331851437155,40.68720281011331],[-73.98343219612359,40.687121790478976],[-73.98355259532356,40.68704660396131],[-73.98367919641419,40.68697757250048],[-73.98381145728763,40.68691499168043],[-73.98394881160654,40.6868591294634],[-73.98409067122878,40.686810225043025],[-73.98423642872547,40.68676848782014],[-73.98438545998138,40.68673409650644],[-73.98453712686695,40.68670719835946],[-73.98469077996992,40.68668790855209],[-73.98484576137551,40.686676309679754],[-73.98500140748273,40.68667245140656],[-73.98515705184519,40.68667635025288],[-73.98531202802396,40.686687989524664],[-73.98546567244044,40.68670731938472],[-73.985617327217,40.686734257066234],[-73.98576634299329,40.68676868722694],[-73.98591208170592,40.68681046244304],[-73.98605391932014,40.68685940384011],[-73.98619124850126,40.68691530185896],[-73.98632348121477,40.68697791715272],[-73.98645005124385,40.68704698161151],[-73.98657041661363,40.68712219951007],[-73.9866840619117,40.68720324877389],[-73.98679050049498,40.68728978235798],[-73.98688927657352,40.687381429732724],[-73.98697996716243,40.68747779847007],[-73.9870621838932,40.68757847592364],[-73.98713557467718,40.68768303099553],[-73.98719982521361,40.687791015981844],[-73.98725466033606,40.68790196848969],[-73.98729984519132,40.688015413416906],[-73.98733518624577,40.68813086498629],[-73.98736053211498,40.688247828825496],[-73.98737577421264,40.688365804084],[-73.98738084721654,40.68848428557764],[-73.98737572934917,40.688602765951806],[-73.98736044247191,40.688720737853956],[-73.9873350519923,40.688837696106326],[-73.98729966658492,40.68895313986914],[-73.98725443772686,40.68906657478542],[-73.98719955904994,40.689177515098066],[-73.98713526551231,40.68928548573009],[-73.987061832393,40.68939002431929],[-73.98697957411378,40.689490683198365],[-73.98688884289325,40.68958703131214],[-73.98679002723901,40.689678656063855],[-73.98668355028428,40.68976516508214],[-73.98656986797621,40.68984618790169],[-73.98644946712345,40.68992137754991],[-73.98632286331153,40.689990412033104],[-73.98619059869488,40.690052995715604],[-73.98605323967489,40.69010886058614],[-73.98591137447413,40.690157767405765],[-73.98576561061695,40.69019950673253],[-73.98561657232734,40.690233899818764],[-73.9854648978553,40.690260799376624],[-73.98531123674285,40.69028009020901],[-73.98515624704181,40.69029168970303],[-73.98500059249511,40.69029554818391],[-73.98484493969357,40.6902916491277],[-73.98468995522049,40.69028000923211],[-73.98453630279637,40.69026067834495],[-73.98438464043588,40.690233739250615],[-73.98423561762915,40.69019930731555],[-73.98408987255984,40.69015752999394],[-73.98394802937145,40.690108586196196],[-73.98381069549406,40.690052685522595],[-73.98367845904254,40.68999006736542],[-73.98355188629766,40.689920999883576],[-73.98343151928076,40.68984577885402],[-73.98331787343244,40.68976472640486],[-73.98321143540521,40.68967818963555],[-73.98311266097944,40.68958653913024],[-73.98302197311183,40.68949016737054],[-73.98293976012425,40.68938948705453],[-73.98286637404136,40.68928492932914],[-73.98280212908345,40.68917694194358],[-73.9827473003215,40.68906598733183],[-73.98270212249993,40.688952540632066],[-73.98266678903194,40.688837087651855],[-73.98264145117223,40.6887201227876],[-73.98262621737003,40.68860214690742],[-73.9826211528056,40.6884836652061],[-73.98262627911205,40.6883651850418],[-73.98264157428363,40.68824721376348],[-73.98266697277086,40.6881302565382],[-73.98270236576217,40.6880148141882],[-73.98274760165069,40.68790138104629]]],[[[-73.986399709509,40.69204078567824],[-73.9864272655569,40.69199451274692],[-73.98645873857767,40.6919497106885],[-73.98649399379346,40.691906571349115],[-73.98653288023162,40.691865279454696],[-73.98657523137126,40.691826011819884],[-73.98662086585637,40.69178893659105],[-73.9866695882724,40.69175421252625],[-73.98672118998317,40.69172198831552],[-73.98677545002415,40.69169240194421],[-73.98683213604875,40.691665580102104],[-73.98689100532307,40.69164163764108],[-73.98695180576544,40.691620677083336],[-73.98701427702558,40.69160278818234],[-73.98707815159945,40.69158804753866],[-73.9871431559746,40.69157651827188],[-73.98720901180127,40.69156824975045],[-73.98727543708412,40.69156327738024],[-73.98734214738968,40.69156162245293],[-73.98740885706411,40.691563292055],[-73.9874752804563,40.69156827903714],[-73.98754113314084,40.6915765620451],[-73.98760613313588,40.69158810561096],[-73.9876700021104,40.69160286030507],[-73.9877324665759,40.69162076294765],[-73.98779325905747,40.691641736879305],[-73.98785211923892,40.69166569228931],[-73.98790879507746,40.69169252660001],[-73.98796304388286,40.691722124906136],[-73.98801463335657,40.69175436046678],[-73.98806334258653,40.691789095248005],[-73.98810896299297,40.6918261805139],[-73.98815129922166,40.69186545746342],[-73.9881901699804,40.69190675791029],[-73.98822540881544,40.69194990500326],[-73.98825686482428,40.6919947139832],[-73.98828440330192,40.69204099297431],[-73.98830790631779,40.692088543805724],[-73.98832727322086,40.69213716285987],[-73.98834242107083,40.69218664194462],[-73.9883532849933,40.69223676918464],[-73.98835981845788,40.69228732992853],[-73.98836199347748,40.692338107668206],[-73.98835980072842,40.69238888496582],[-73.9883532495904,40.69243944438493],[-73.98834236810666,40.692489569421625],[-73.98832720286394,40.69253904543158],[-73.98830781879319,40.692587660549286],[-73.9882842988917,40.69263520659522],[-73.9882567438678,40.69268147996742],[-73.98822527170978,40.69272628251345],[-73.98819001718071,40.692769422378746],[-73.98815113124151,40.692810714828404],[-73.98810878040452,40.69284998303827],[-73.98806314602056,40.69288705885215],[-73.98801442350248,40.69292178350197],[-73.9879628214882,40.6929540082877],[-73.98790856094739,40.692983595214145],[-73.98785187423528,40.69301041758201],[-73.98779300409744,40.69303436053041],[-73.9877322026304,40.69305532152885],[-73.98766973020192,40.69307321081629],[-73.98760585433605,40.69308795178555],[-73.98754084856733,40.6930994813115],[-73.9874749912694,40.693107750021234],[-73.98740856446273,40.69311272250566],[-73.98734185260689,40.69311437747113],[-73.98727514138224,40.69311270783056],[-73.98720871646641,40.69310772073385],[-73.98714286231088,40.69309943753729],[-73.98707786092268,40.69308789371196],[-73.98701399065666,40.69307313869198],[-73.9869515250234,40.693055235662705],[-73.98689073151785,40.69303426129013],[-73.98683187047364,40.69301030539256],[-73.98677519394836,40.69298347055596],[-73.98672094464402,40.69295387169459],[-73.98666935486766,40.69292163555889],[-73.98662064553653,40.692886900192605],[-73.98657502523216,40.69284981434169],[-73.986532689307,40.69281053681717],[-73.98649381904806,40.692769235815184],[-73.98645858090055,40.69272608819644],[-73.9864271257552,40.692681278729125],[-73.98639958830225,40.692634999297304],[-73.98637608645473,40.692587448079486],[-73.98635672084365,40.692538828699725],[-73.98634157438725,40.692489349355796],[-73.98633071193605,40.69243922192751],[-73.98632417999526,40.69238866106941],[-73.98632200652594,40.692337883291565],[-73.98632420082525,40.69228710603245],[-73.98633075348688,40.692236546727884],[-73.98634163644162,40.6921864218798],[-73.98635680307751,40.692136946129324],[-73.98637618843976,40.69208833133749],[-73.986399709509,40.69204078567824]]],[[[-73.8199155735918,40.58513962033834],[-73.81993130817571,40.5851079455996],[-73.81994972632627,40.58507712324707],[-73.81997074917122,40.58504728526548],[-73.81999428668509,40.58501855942429],[-73.82002023807468,40.58499106873047],[-73.82004849221074,40.58496493090176],[-73.82007892810391,40.58494025786275],[-73.82011141542274,40.58491715526551],[-73.82014581505186,40.58489572203721],[-73.82018197968762,40.58487604995661],[-73.82021975446898,40.58485822326101],[-73.82025897764046,40.58484231828553],[-73.82029948124492,40.58482840313637],[-73.82034109184261,40.584816537399014],[-73.82038363125388,40.584806771883365],[-73.82042691732214,40.58479914840585],[-73.82047076469377,40.58479369961069],[-73.82051498561175,40.584790448829935],[-73.82055939071971,40.584789409983564],[-73.82060378987252,40.584790587520004],[-73.8206479929506,40.58479397639698],[-73.82069181067392,40.58479956210313],[-73.82073505541244,40.58480732072013],[-73.8207775419895,40.58481721902517],[-73.8208190884747,40.58482921463311],[-73.82085951696293,40.58484325617798],[-73.8208986543361,40.584859283533056],[-73.8209363330044,40.58487722806812],[-73.82097239162393,40.5848970129434],[-73.82100667578753,40.584918553438634],[-73.821039038686,40.58494175731571],[-73.82106934173673,40.58496652521379],[-73.82109745517707,40.584992751074566],[-73.82112325862009,40.5850203225965],[-73.82114664157004,40.58504912171574],[-73.8211675038956,40.585079025111476],[-73.82118575625857,40.58510990473422],[-73.82120132049664,40.58514162835388],[-73.82121412995802,40.58517406012617],[-73.82122412978694,40.585207061174195],[-73.82123127715863,40.58524049018311],[-73.82123554146277,40.585274204005344],[-73.82123690443461,40.5853080582734],[-73.82123536023332,40.58534190801822],[-73.82123091546694,40.585375608289915],[-73.82122358916439,40.58540901477837],[-73.8212134126938,40.58544198443139],[-73.82120042962842,40.58547437606705],[-73.82118469556012,40.58550605097848],[-73.82116627786124,40.58553687352776],[-73.82114525539633,40.585566711726706],[-73.82112171818434,40.585595437802226],[-73.82109576701332,40.58562292874328],[-73.82106751300876,40.5856490668279],[-73.82103707715778,40.58567374012715],[-73.82100458979112,40.585696842984504],[-73.82097019002498,40.58571827646829],[-73.82093402516529,40.585737948795426],[-73.82089625007701,40.5857557757244],[-73.8208570265208,40.585771680916054],[-73.82081652246043,40.58578559626057],[-73.82077491134342,40.585797462169],[-73.82073237135832,40.585807227828624],[-73.82068908467151,40.585814851420494],[-73.82064523664724,40.585820300298444],[-73.82060101505367,40.58582355112902],[-73.82055660925874,40.585824589991375],[-73.82051220941933,40.585823412436795],[-73.82046800566677,40.585820023507935],[-73.82042418729262,40.58581443771696],[-73.82038094193805,40.58580667898367],[-73.8203384547903,40.5857967805329],[-73.8202969077895,40.585784784752256],[-73.82025647884957,40.58577074301064],[-73.82021734109638,40.585754715438185],[-73.82017966212621,40.58573677066883],[-73.82014360328812,40.58571698554631],[-73.820109318993,40.58569544479517],[-73.82007695605232,40.58567224065785],[-73.82004665304943,40.58564747249969],[-73.82001853974612,40.58562124638339],[-73.81999273652701,40.585593674614906],[-73.81996935388399,40.585564875262314],[-73.81994849194317,40.585534971650375],[-73.81993024003611,40.58550409183234],[-73.81991467631737,40.58547236804157],[-73.81990186742982,40.585439936125304],[-73.81989186821943,40.58540693496292],[-73.81988472150039,40.58537350587121],[-73.81988045787182,40.58533979199916],[-73.81987909558696,40.58530593771512],[-73.81988064047486,40.58527208798842],[-73.81988508591571,40.58523838776864],[-73.81989241286911,40.58520498136498],[-73.81990258995575,40.58517201182827],[-73.8199155735918,40.58513962033834]]],[[[-73.81144757756373,40.5873371627621],[-73.81151205687242,40.587229289297746],[-73.81158565231333,40.58712486177001],[-73.81166804870965,40.58702432733652],[-73.81175889320362,40.58692811648278],[-73.81185779676801,40.586836641178984],[-73.81196433587228,40.58675029311631],[-73.81207805429632,40.58666944202998],[-73.81219846508412,40.58659443411633],[-73.812325052629,40.58652559055068],[-73.81245727488127,40.58646320611238],[-73.81259456566906,40.58640754792283],[-73.81273633712236,40.58635885430197],[-73.81288198218992,40.58631733374802],[-73.81303087723798,40.58628316404493],[-73.81318238472018,40.58625649150125],[-73.81333585590683,40.586237430324005],[-73.81349063366203,40.586226062129555],[-73.81364605525674,40.586222435594294],[-73.81380145520585,40.58622656624642],[-73.81395616811683,40.58623843639924],[-73.81410953153825,40.586257995226994],[-73.81426088879553,40.586285158982506],[-73.81440959180206,40.586319811355494],[-73.81455500383358,40.58636180397065],[-73.81469650225392,40.586410957022714],[-73.81483348118066,40.586467060046225],[-73.81496535407882,40.58652987281651],[-73.81509155627215,40.586599126378076],[-73.81521154736062,40.58667452419594],[-73.8153248135343,40.58675574342518],[-73.81543086977338,40.58684243629302],[-73.815529261925,40.58693423158777],[-73.81561956864805,40.587030736247925],[-73.81570140321769,40.58713153704509],[-73.81577441518164,40.58723620235313],[-73.81583829186118,40.587344283996075],[-73.81589275969078,40.58745531916712],[-73.81593758538999,40.58756883241002],[-73.8159725769632,40.58768433765498],[-73.81599758452252,40.5878013402998],[-73.81601250093046,40.58791933932766],[-73.81601726225958,40.58803782945254],[-73.81601184806713,40.58815630328281],[-73.8159962814836,40.588274253493836],[-73.81597062911449,40.588391175000694],[-73.81593500075601,40.58850656712089],[-73.81588954892588,40.588619935718455],[-73.81583446821097,40.588730795320224],[-73.81576999443483,40.58883867119477],[-73.8156964036486,40.58894310138562],[-73.81561401094946,40.58904363868955],[-73.81552316913184,40.58913985257199],[-73.81542426717722,40.58923133101089],[-73.81531772858864,40.589317682261445],[-73.81520400957733,40.58939853653384],[-73.81508359710936,40.58947354757731],[-73.81495700682017,40.58954239416292],[-73.81482478080639,40.589604781459634],[-73.81468748530426,40.58966044229719],[-73.81454570826445,40.58970913831035],[-73.8144000568338,40.58975066095992],[-73.81425115475496,40.589784832426105],[-73.81409963969456,40.58981150637017],[-73.81394616051196,40.58983056856117],[-73.8137913744799,40.58984193736541],[-73.813635944469,40.58984556409595],[-73.8134805361084,40.589841433221395],[-73.81332581493456,40.589829562432186],[-73.81317244354025,40.58981000256492],[-73.81302107873651,40.58978283738464],[-73.81287236873905,40.589748183225964],[-73.81272695039176,40.58970618849477],[-73.81258544643886,40.589657033032495],[-73.81244846285745,40.58960092734586],[-73.81231658626213,40.58953811170511],[-73.81219038139244,40.589468855114866],[-73.81207038869417,40.5893934541619],[-73.81195712200481,40.589312231744806],[-73.811851066353,40.58922553569085],[-73.81175267588156,40.589133737266316],[-73.81166237190283,40.58903722958619],[-73.81158054109468,40.588936425930584],[-73.81150753384507,40.58883175797454],[-73.81144366275203,40.58872367393931],[-73.81138920128552,40.588612636672664],[-73.81134438261711,40.58849912166665],[-73.8113093986221,40.588383615021286],[-73.81128439905872,40.588266611362734],[-73.81126949092766,40.58814861172511],[-73.81126473801473,40.588030121404906],[-73.81127016061865,40.58791164779711],[-73.81128573546505,40.58779369822246],[-73.81131139580705,40.58767677775508],[-73.81134703171199,40.587561387059694],[-73.81139249053304,40.58744802024782],[-73.81144757756373,40.5873371627621]]],[[[-73.79253735985273,40.58953264578405],[-73.79266638359273,40.58931692009141],[-73.79281363778294,40.58910808917537],[-73.79297849173898,40.588907047213596],[-73.79316023943616,40.588714655024994],[-73.79335810253437,40.588531736384745],[-73.79357123371223,40.5883590744981],[-73.79379872029622,40.58819740864798],[-73.79403958816903,40.58804743103065],[-73.79429280594064,40.58790978379299],[-73.79455728936419,40.58778505628416],[-73.79483190597765,40.58767378253317],[-73.79511547995152,40.58757643896337],[-73.79540679712194,40.587493442353576],[-73.79570461018736,40.58742514805421],[-73.79600764404694,40.5873718484668],[-73.79631460125759,40.587333771792416],[-73.79662416758661,40.587311081055276],[-73.79693501763583,40.587303873404984],[-73.7972458205135,40.58731217970082],[-73.79755524552976,40.58733596437968],[-73.7978619678912,40.5873751256083],[-73.79816467437006,40.587429495718965],[-73.7984620689243,40.587498841927086],[-73.7987528782441,40.587582867327406],[-73.79903585720129,40.58768121216458],[-73.79930979417841,40.58779345537274],[-73.79957351625465,40.587919116377584],[-73.79982589422637,40.58805765715306],[-73.80006584744095,40.588208484523975],[-73.80029234842313,40.58837095270485],[-73.80050442727409,40.58854436606373],[-73.80070117582451,40.58872798209979],[-73.80088175152372,40.58892101462121],[-73.80104538104843,40.589122637110584],[-73.80119136361529,40.589331986262785],[-73.80131907398355,40.58954816568051],[-73.80142796513444,40.589770249711655],[-73.80151757061604,40.589997287412075],[-73.8015875065435,40.59022830661668],[-73.80163747324599,40.590462318101686],[-73.80166725655322,40.59069831981993],[-73.80167672871613,40.59093530119148],[-73.80166584895751,40.591172247430684],[-73.80163466365036,40.59140814389164],[-73.80158330612291,40.59164198041315],[-73.80151199609145,40.59187275564462],[-73.80142103872284,40.5920994813345],[-73.80131082333114,40.59232118656277],[-73.80118182171358,40.59253692189923],[-73.80103458613296,40.59274576347026],[-73.80086974695523,40.59294681691581],[-73.80068800995224,40.59313922122055],[-73.80049015328113,40.59332215240193],[-73.80027702415326,40.59349482704014],[-73.80004953520715,40.593656505634094],[-73.79980866060048,40.593806495769456],[-73.79955543183847,40.59394415508516],[-73.79929093335608,40.5940688940254],[-73.79901629787297,40.59418017836553],[-73.79873270154148,40.59427753150106],[-73.79844135890808,40.594360536489525],[-73.79814351770996,40.59442883783706],[-73.79784045352932,40.59448214302163],[-73.79753346432803,40.594520223746315],[-73.79722386488619,40.59454291691764],[-73.79691298116856,40.59455012534436],[-73.79660214464293,40.594541818153886],[-73.79629268657486,40.59451803092463],[-73.79598593232335,40.594478865533524],[-73.79568319566177,40.59442448971948],[-73.7953857731486,40.59435513636465],[-73.79509493857203,40.59427110249661],[-73.79481193749241,40.594172748015616],[-73.7945379819057,40.59406049415247],[-73.79427424505114,40.59393482166385],[-73.79402185638524,40.59379626877226],[-73.79378189674358,40.593645428860185],[-73.79355539371139,40.593482947927754],[-73.79334331722256,40.59330952182502],[-73.793146575406,40.59312589327096],[-73.79296601069717,40.59293284867148],[-73.79280239623132,40.592731214750714],[-73.79265643253412,40.59252185500936],[-73.79252874452345,40.592305666025894],[-73.79241987883555,40.59208357361608],[-73.79233030148666,40.59185652886748],[-73.79226039588026,40.591625504065746],[-73.79221046116841,40.59139148853041],[-73.79218071097398,40.591155484377985],[-73.7921712724795,40.59091850223001],[-73.79218218588609,40.59068155688545],[-73.79221340424505,40.59044566297488],[-73.79226479366255,40.59021183061586],[-73.79233613387674,40.58998106108777],[-73.79242711920429,40.58975434254458],[-73.79253735985273,40.58953264578405]]],[[[-73.78530996197804,40.59153617075618],[-73.78538872435148,40.59137782084313],[-73.78548090329265,40.591223736839005],[-73.7855861040048,40.59107457852359],[-73.78570387594146,40.59093098458082],[-73.78583371473678,40.59079356986444],[-73.78597506436614,40.59066292276569],[-73.78612731952771,40.590539602694456],[-73.78628982823484,40.590424137684494],[-73.78646189460808,40.59031702213301],[-73.78664278185485,40.59021871468429],[-73.78683171542417,40.59012963626637],[-73.7870278863228,40.590050168289316],[-73.7872304545786,40.589980651012596],[-73.7874385528364,40.58992138208851],[-73.78765129007084,40.58987261528832],[-73.78786775540048,40.58983455941588],[-73.7880870219868,40.589807377413955],[-73.78830815100129,40.589791185666826],[-73.78853019564393,40.589786053502074],[-73.78875220519562,40.589792002893894],[-73.7889732290875,40.589809008368995],[-73.78919232096949,40.589836997115675],[-73.78940854276087,40.58987584929546],[-73.78962096866546,40.58992539855603],[-73.78982868913442,40.58998543274324],[-73.79003081475946,40.59005569480919],[-73.79022648008001,40.59013588391246],[-73.79041484728798,40.59022565670593],[-73.79059510981443,40.59032462880623],[-73.79076649578252,40.59043237643934],[-73.79092827131225,40.59054843825436],[-73.79107974366266,40.59067231729853],[-73.79122026419815,40.59080348314444],[-73.79134923116615,40.59094137416079],[-73.79146609227435,40.59108539991658],[-73.79157034705625,40.591234943708834],[-73.79166154901509,40.5913893652027],[-73.79173930753694,40.59154800317297],[-73.7918032895645,40.591710178334885],[-73.79185322102485,40.591875196252566],[-73.79188888800459,40.592042350312255],[-73.79191013766753,40.59221092474792],[-73.79191687891101,40.592380197705815],[-73.79190908275775,40.59254944433573],[-73.79188678248202,40.59271793989469],[-73.79185007346884,40.59288496285047],[-73.79179911280744,40.59304979797149],[-73.79173411862047,40.59321173938982],[-73.79165536913149,40.593370093624024],[-73.79156320147527,40.59352418254926],[-73.79145801025547,40.59367334630156],[-73.79134024585612,40.5938169461039],[-73.79121041251413,40.59395436700231],[-73.7910690661608,40.59408502049979],[-73.7909168120419,40.59420834707695],[-73.79075430212625,40.594323818588734],[-73.79058223231398,40.59443094052666],[-73.79040133945651,40.594529254137214],[-73.79021239820082,40.594618338386866],[-73.79001621767165,40.59469781176578],[-73.78981363800594,40.59476733392215],[-73.7896055267541,40.59482660712006],[-73.7893927751638,40.5948753775152],[-73.78917629436211,40.59491343624218],[-73.78895701145228,40.59494062030939],[-73.78873586554215,40.59495681329721],[-73.7885138037208,40.59496194585685],[-73.78829177700125,40.59495599600735],[-73.78807073624614,40.59493898922982],[-73.78785162809407,40.59491099835822],[-73.78763539090416,40.59487214326746],[-73.78742295073603,40.5948225903596],[-73.78721521738258,40.59476255185125],[-73.7870130804726,40.59469228486419],[-73.78681740565972,40.59461209032404],[-73.78662903091444,40.59452231167101],[-73.78644876293467,40.59442333338865],[-73.78627737369055,40.594315579356824],[-73.78611559711814,40.59419951103586],[-73.78596412597625,40.59407562548988],[-73.7858236088798,40.59394445325751],[-73.78569464752248,40.59380655607938],[-73.78557779410066,40.59366252449183],[-73.78547354894928,40.5935129752977],[-73.78538235840034,40.593358548924186],[-73.78530461287255,40.5931999066801],[-73.78524064520086,40.593037727923225],[-73.78519072921256,40.592872707151024],[-73.78515507855631,40.59270555102604],[-73.78513384578902,40.59253697534969],[-73.78512712172427,40.59236770199691],[-73.78513493504536,40.59219845582468],[-73.78515725218432,40.59202996156816],[-73.7851939774676,40.59186294073726],[-73.78524495352754,40.59169810852723],[-73.78530996197804,40.59153617075618]]],[[[-73.77475974249981,40.592544402191706],[-73.77479662458164,40.59248277201709],[-73.7748387152622,40.59242311262304],[-73.77488583429303,40.59236567947459],[-73.77493777989544,40.59231071850328],[-73.7749943296248,40.5922584650541],[-73.77505524132316,40.5922091428778],[-73.77512025415618,40.59216296317279],[-73.77518908973016,40.59212012368099],[-73.77526145328419,40.59208080784117],[-73.77533703495214,40.592045184003425],[-73.77541551108962,40.59201340470854],[-73.77549654565965,40.59198560603477],[-73.77557979167146,40.59196190701531],[-73.7756648926662,40.591942409128606],[-73.77575148424306,40.591927195863924],[-73.77583919561953,40.59191633236389],[-73.77592765121874,40.59190986514552],[-73.7760164722776,40.591907821901174],[-73.77610527846834,40.591910211379975],[-73.7761936895268,40.59191702335024],[-73.77628132688058,40.5919282286434],[-73.77636781526978,40.59194377927889],[-73.77645278435364,40.59196360866945],[-73.7765358702961,40.59198763190636],[-73.77661671732366,40.59201574612285],[-73.77669497924849,40.59204783093458],[-73.77677032095075,40.59208374895505],[-73.77684241981345,40.59212334638378],[-73.77691096710377,40.59216645366488],[-73.77697566929506,40.592212886212906],[-73.77703624932363,40.59226244520319],[-73.77709244777532,40.59231491842327],[-73.77714402399613,40.59237008118127],[-73.77719075712305,40.592427697268135],[-73.77723244702973,40.592487519968905],[-73.77726891518374,40.59254929311916],[-73.7773000054111,40.59261275220177],[-73.77732558456536,40.59267762547957],[-73.77734554309792,40.59274363515892],[-73.77735979552739,40.59281049857922],[-73.77736828080593,40.5928779294231],[-73.77737096258096,40.59294563894262],[-73.77736782935104,40.593013337195636],[-73.77735889451553,40.59308073428736],[-73.77734419631746,40.593147541611756],[-73.77732379768008,40.593213473087395],[-73.7772977859377,40.593278246382646],[-73.77726627246196,40.59334158412453],[-73.77722939218515,40.593403215086695],[-73.77718730302273,40.59346287535084],[-73.7771401851972,40.59352030943693],[-73.77708824046658,40.59357527139747],[-73.77703169126062,40.593627525870495],[-73.77697077972832,40.59367684908777],[-73.77690576670115,40.593723029833036],[-73.77683693057612,40.59376587034659],[-73.77676456612365,40.593805187172215],[-73.77668898322513,40.593840811942904],[-73.7766105055461,40.59387259210193],[-73.77652946914986,40.593900391556204],[-73.77644622105846,40.59392409125929],[-73.7763611177663,40.59394358972093],[-73.77627452371352,40.593958803442035],[-73.776186809725,40.593969667272255],[-73.77609835142229,40.593976134688845],[-73.77600952761475,40.59397817799604],[-73.77592071867717,40.59397578844375],[-73.7758323049207,40.5939689762648],[-73.77574466496391,40.593957770631356],[-73.77565817411126,40.59394221952987],[-73.77557320274565,40.59392238955549],[-73.77549011474214,40.59389836562698],[-73.77540926590956,40.59387025062291],[-73.77533100246659,40.59383816494112],[-73.77525565955904,40.59380224598301],[-73.77518355982453,40.593762647565036],[-73.77511501201082,40.59371953926011],[-73.7750503096535,40.59367310567113],[-73.77498972981904,40.59362354564055],[-73.7749335319184,40.593571071398706],[-73.77488195659605,40.59351590765491],[-73.77483522469967,40.59345829063511],[-73.77479353633456,40.593398467070195],[-73.77475707000676,40.593336693139435],[-73.77472598185899,40.59327323337323],[-73.77470040500214,40.593208359520496],[-73.77468044894549,40.593142349384664],[-73.77466619912808,40.59307548563422],[-73.77465771655304,40.59300805459211],[-73.7746550375267,40.592940345009694],[-73.77465817350348,40.592872646830216],[-73.77466711103699,40.59280524994717],[-73.77468181183806,40.59273844296303],[-73.77470221293888,40.592672511953396],[-73.77472822696303,40.59260773924197],[-73.77475974249981,40.592544402191706]]],[[[-73.76786168440107,40.5952983304837],[-73.76787090689987,40.59528292349882],[-73.76788143156526,40.595268009290066],[-73.76789321332843,40.59525365172196],[-73.76790620173757,40.59523991227548],[-73.76792034117399,40.595226849784645],[-73.76793557109023,40.5952145201846],[-73.76795182626937,40.5952029762722],[-73.76796903710431,40.595192267479845],[-73.76798712989586,40.59518243966381],[-73.76800602716827,40.5951735349079],[-73.76802564800097,40.595165591343275],[-73.76804590837521,40.59515864298515],[-73.76806672153369,40.595152719587176],[-73.76808799835206,40.59514784651395],[-73.76810964772065,40.595144044632505],[-73.76813157693458,40.59514133022288],[-73.76815369209058,40.59513971490847],[-73.76817589848926,40.59513920560624],[-73.76819810104051,40.59513980449705],[-73.76822020467071,40.595141509016386],[-73.7682421147298,40.59514431186535],[-73.76826373739658,40.595148201041816],[-73.76828498008048,40.59515315989194],[-73.76830575181795,40.59515916718137],[-73.76832596366206,40.595166197186266],[-73.76834552906332,40.59517421980339],[-73.76836436424028,40.59518320067904],[-73.76838238853831,40.59519310135601],[-73.76839952477494,40.59520387943858],[-73.76841569957038,40.59521548877371],[-73.76843084366176,40.59522787964887],[-73.76844489219967,40.595240999004844],[-73.76845778502586,40.59525479066292],[-73.76846946693095,40.59526919556555],[-73.76847988789072,40.595284152029066],[-73.76848900328042,40.59529959600795],[-73.76849677406578,40.59531546136902],[-73.7685031669703,40.595331680174645],[-73.76850815461766,40.59534818297362],[-73.76851171564898,40.59536489909869],[-73.76851383481434,40.595381756968855],[-73.76851450303806,40.59539868439627],[-73.76851371745762,40.59541560889514],[-73.76851148143587,40.59543245799208],[-73.76850780454673,40.59544915953662],[-73.76850270253415,40.595465642010026],[-73.76849619724476,40.595481834831645],[-73.76848831653426,40.59549766866109],[-73.76847909414828,40.595513075695195],[-73.76846856957775,40.59552798995835],[-73.76845678788989,40.59554234758506],[-73.76844379953519,40.595556087093364],[-73.76842966013147,40.595569149648206],[-73.76841443022559,40.595581479313296],[-73.76839817503429,40.59559302329068],[-73.76838096416488,40.59560373214692],[-73.76836287131714,40.59561356002455],[-73.76834397396779,40.59562246483878],[-73.7683243530387,40.5956304084574],[-73.76830409255028,40.595637356864295],[-73.76828327926182,40.595643280304984],[-73.76826200229982,40.59564815341414],[-73.76824035277646,40.595651955324094],[-73.76821842339926,40.595654669754346],[-73.76819630807427,40.59565628508113],[-73.76817410150379,40.595656794387274],[-73.76815189878084,40.59565619549186],[-73.768129794982,40.595654490959454],[-73.76810788476023,40.595651688089234],[-73.76808626193947,40.595647798883626],[-73.76806501911298,40.59564283999702],[-73.7680442472467,40.595636832664354],[-73.7680240352898,40.5956298026102],[-73.76800446979368,40.59562177993871],[-73.7679856345414,40.59561279900446],[-73.76796761018892,40.59560289826564],[-73.7679504739196,40.5955921201191],[-73.7679342991138,40.59558051071891],[-73.76791915503459,40.59556811977873],[-73.76790510653117,40.595555000358914],[-73.76789221376116,40.595541208639204],[-73.767880531933,40.59552680367828],[-73.7678701110696,40.59551184716078],[-73.7678609957941,40.59549640313313],[-73.76785322513874,40.59548053772933],[-73.76784683237783,40.59546431888777],[-73.76784184488524,40.59544781606026],[-73.76783828401719,40.5954310999146],[-73.76783616502082,40.59541424203205],[-73.7678354969689,40.5953973146007],[-73.76783628272103,40.59538039010644],[-73.76783851891142,40.59536354102255],[-73.76784219596325,40.5953468394993],[-73.7678472981298,40.59533035705503],[-73.76785380356179,40.59531416426991],[-73.76786168440107,40.5952983304837]]],[[[-73.8085348709385,40.60645662319756],[-73.8087159376203,40.60609238224252],[-73.80892787144225,40.605737946400545],[-73.80916976448792,40.60539483325346],[-73.80944058061178,40.60506451188003],[-73.80973915988153,40.604748396568375],[-73.8100642235496,40.60444784076308],[-73.81041437953198,40.60416413127321],[-73.81078812837134,40.60389848276562],[-73.81118386965855,40.60365203256745],[-73.81159990888507,40.603425835799584],[-73.81203446469726,40.60322086086224],[-73.812485676521,40.603037985291664],[-73.81295161252461,40.60287799200578],[-73.81343027788562,40.602741565954794],[-73.81391962332623,40.602629291190915],[-73.8144175538812,40.602541648369844],[-73.8149219378604,40.60247901269466],[-73.81543061596811,40.60244165231073],[-73.8159414105399,40.60242972715873],[-73.81645213485801,40.60244328829046],[-73.81696060250519,40.60248227765046],[-73.81746463671728,40.602546528324346],[-73.81796207969471,40.60263576525285],[-73.8184508018331,40.60274960640834],[-73.81892871083352,40.6028875644291],[-73.81939376065381,40.60304904870426],[-73.81984396026262,40.60323336790012],[-73.82027738215857,40.603439732918034],[-73.8206921706188,40.60366726026998],[-73.82108654964095,40.60391497585859],[-73.82145883054514,40.60418181914475],[-73.82180741920325,40.60446664768522],[-73.82213082286454,40.604768242021095],[-73.82242765654864,40.60508531089575],[-73.82269664897815,40.60541649678074],[-73.82293664802575,40.60576038168516],[-73.82314662565216,40.60611549322438],[-73.82332568231405,40.60648031092197],[-73.82347305082254,40.606853272717615],[-73.82358809963604,40.60723278165375],[-73.8236703355729,40.607617212711865],[-73.82371940593225,40.608004919769336],[-73.82373510001382,40.6083942426473],[-73.82371735003007,40.60878351421897],[-73.82366623140628,40.60917106754832],[-73.82358196246769,40.609555243028495],[-73.82346490351432,40.609934395489155],[-73.82331555528762,40.61030690124263],[-73.82313455683513,40.61067116503851],[-73.82292268278222,40.61102562689675],[-73.82268084002263,40.61136876879044],[-73.82241006384153,40.61169912114892],[-73.82211151348776,40.61201526915391],[-73.82178646721414,40.61231585880144],[-73.82143631680704,40.612599602703405],[-73.82106256162841,40.61286528560411],[-73.82066680219584,40.61311176958797],[-73.82025073332834,40.61333799895605],[-73.81981613688673,40.61354300475026],[-73.81936487414029,40.613725908906424],[-73.81889887779204,40.613885928017545],[-73.81842014369693,40.61402237669145],[-73.8179307223088,40.614134670488916],[-73.81743270989242,40.61422232842858],[-73.81692823953854,40.61428497504865],[-73.81641947202083,40.61432234201647],[-73.81590858653352,40.614334269278764],[-73.81539777134996,40.61432070574757],[-73.81488921444216,40.614281709519446],[-73.81438509410152,40.61421744762626],[-73.81388756960128,40.61412819531928],[-73.81339877194075,40.61401433488923],[-73.81292079471102,40.61387635402766],[-73.81245568512169,40.61371484373621],[-73.8120054352268,40.61353049579373],[-73.8115719733881,40.613324099790795],[-73.81115715601189,40.6130965397455],[-73.81076275959528,40.61284879031465],[-73.8103904731158,40.61258191261641],[-73.81004189079698,40.612297049682795],[-73.80971850528105,40.611995421561254],[-73.80942170123792,40.61167832008638],[-73.80915274943783,40.61134710334453],[-73.80891280131293,40.61100318985452],[-73.80870288403116,40.6106480524901],[-73.8085238961034,40.61028321216957],[-73.8083766035424,40.60991023134033],[-73.80826163659032,40.6095307072856],[-73.80817948702813,40.60914626528261],[-73.8081305060788,40.60875855164124],[-73.80811490291272,40.60836922665301],[-73.80813274376193,40.60797995748079],[-73.80818395164637,40.60759241101957],[-73.8082683067135,40.607208246758674],[-73.80838544718965,40.60682910967649],[-73.8085348709385,40.60645662319756]]]]},"properties":{"boro_cd":"410","borough":"QN","name":"South Ozone Park / Howard Beach","origin_lat":40.67597675835784,"origin_lon":-73.82832665530282,"max_minutes":45.0,"departure":"2026-09-01T08:00:00","reachable_stops":44}},{"type":"Feature","geometry":{"type":"MultiPolygon","coordinates":[[[[-73.8313632737142,40.57529376885449],[-73.83185345863525,40.57509490797255],[-73.8323596483943,40.57492091633526],[-73.83287967586574,40.5747725388057],[-73.83341131473225,40.57465041058778],[-73.83395228900935,40.57455505450886],[-73.8345002827817,40.57448687878366],[-73.83505295010963,40.57444617526804],[-73.8356079250635,40.574433118210735],[-73.83616283184361,40.57444776350794],[-73.83671529494177,40.5744900484643],[-73.83726294930194,40.574559792061095],[-73.83780345043618,40.57465669573038],[-73.83833448445291,40.57478034463227],[-73.83885377795488,40.57493020942915],[-73.8393591077643,40.57510564854991],[-73.83984831043408,40.575305910934425],[-73.84031929150431,40.57553013924617],[-73.84077003446447,40.57577737353986],[-73.8411986093833,40.57604655536801],[-73.84160318116928,40.576336532309185],[-73.84198201742657,40.576646062898355],[-73.84233349587261,40.57697382193871],[-73.84265611128576,40.577318406171784],[-73.84294848195337,40.5776783402821],[-73.84320935559215,40.578052083210466],[-73.84343761471597,40.57843803474901],[-73.84363228142773,40.578834542389785],[-73.84379252161457,40.57923990839782],[-73.84391764852869,40.579652397077965],[-73.84400712573782,40.58007024220508],[-73.84406056943298,40.5804916545853],[-73.84407775008319,40.58091482971614],[-73.8440585934299,40.58133795551285],[-73.84400318081678,40.58175922006777],[-73.8439117488532,40.582176819409504],[-73.84378468841247,40.582588965228666],[-73.84362254296943,40.582993892537154],[-73.8434260062836,40.58338986722808],[-73.84319591943823,40.58377519350402],[-73.84293326724757,40.58414822114159],[-73.84263917404745,40.58450735256142],[-73.84231489888717,40.58485104967278],[-73.84196183014336,40.585177840464155],[-73.84158147957844,40.585486325310704],[-73.84117547586922,40.58577518297212],[-73.84074555763351,40.58604317625488],[-73.84029356598423,40.58628915731448],[-73.83982143664306,40.58651207257508],[-73.83933119164769,40.58671096724542],[-73.83882493068779,40.586884989411196],[-73.83830482210726,40.587033393686944],[-73.8377730936112,40.587155544411175],[-73.83723202271769,40.5872509183714],[-73.83668392699515,40.58731910704696],[-73.83613115412774,40.58735981836038],[-73.83557607185082,40.58737287792955],[-73.83533823726181,40.58736660124955],[-73.83508842828137,40.58763131458927],[-73.8346929349881,40.58799729523427],[-73.8342668865281,40.58834277113448],[-73.83381210725292,40.58866626258193],[-73.83333054465706,40.588966384009545],[-73.8328242610375,40.58924184993003],[-73.8322954246597,40.58949148044603],[-73.8317463004679,40.58971420630788],[-73.83117924037974,40.589909073497424],[-73.83059667320667,40.59007524731781],[-73.83000109424363,40.59021201597204],[-73.82939505457259,40.590318793614706],[-73.82878115012615,40.59039512286368],[-73.82864504922009,40.59040513693398],[-73.82868633151432,40.59142761505952],[-73.82861700446867,40.59295085706787],[-73.82841713039493,40.59446738076823],[-73.82809493323963,40.59593704380992],[-73.82835968462528,40.59608225952316],[-73.82938846293767,40.59672840309068],[-73.83035961877596,40.59742444380217],[-73.83126899374668,40.59816740260623],[-73.83211269349182,40.59895409954019],[-73.83288710436968,40.59978116732158],[-73.83358890894252,40.600645065742064],[-73.83421510020442,40.60154209680279],[-73.83476299448793,40.60246842052687],[-73.83523024299399,40.603420071381265],[-73.83561484189467,40.60439297523857],[-73.83591514096527,40.60538296680618],[-73.83612985070738,40.60638580744841],[-73.83625804793186,40.60739720332574],[-73.83629917977652,40.608412823773534],[-73.83625306614027,40.609428319841605],[-73.83611990052232,40.6104393429155],[-73.83590024926131,40.611441563339774],[-73.83559504917709,40.61243068896338],[-73.83520560362321,40.61340248352751],[-73.83473357696693,40.6143527848176],[-73.8341809875185,40.61527752250082],[-73.8335501989395,40.61617273557291],[-73.83284391016609,40.61703458933937],[-73.83206514388927,40.617859391857486],[-73.83121723364128,40.61864360976912],[-73.83030380954257,40.619383883455406],[-73.82932878277008,40.620077041448404],[-73.82829632881332,40.620720114037674],[-73.82721086958952,40.621310346012606],[-73.82607705449485,40.62184520848589],[-73.8248997404728,40.62232240974705],[-73.82368397118583,40.62273990509884],[-73.82243495537936,40.62309590563453],[-73.82115804453225,40.6233888859173],[-73.81985870988942,40.623617590529506],[-73.81854251897643,40.62378103946274],[-73.81721511169721,40.623878532325676],[-73.81588217611858,40.62390965135136],[-73.81454942404622,40.62387426319125],[-73.81322256649777,40.62377251948765],[-73.81190728917952,40.62360485622258],[-73.81060922807248,40.623371991845836],[-73.80933394523394,40.62307492418989],[-73.80808690491887,40.62271492618571],[-73.80687345012463,40.62229354039734],[-73.80569877966057,40.62181257239936],[-73.80456792584114,40.62127408302574],[-73.80348573289923,40.620680379523534],[-73.8024568362126,40.620034005649686],[-73.80148564243291,40.619337730753905],[-73.80057631060279,40.61859453789454],[-73.79973273434216,40.617807611039],[-73.79895852517983,40.61698032140379],[-73.79825699710213,40.616116212993234],[-73.79763115238407,40.61521898739916],[-73.79729432621369,40.614648984176824],[-73.79606357710344,40.614616101190286],[-73.79407361064622,40.61446315972196],[-73.7921010444813,40.614211330330086],[-73.79015433390045,40.613861692490616],[-73.7882418230244,40.61341574491902],[-73.78637170893491,40.612875399126544],[-73.78455200644655,40.61224297120246],[-73.78279051367136,40.61152117185767],[-73.78109477852571,40.61071309477336],[-73.77997205669315,40.61009670992571],[-73.77976192155502,40.6100359756609],[-73.77892501806225,40.61013962854792],[-73.77787179537592,40.61021663444776],[-73.7777356908752,40.61027173918228],[-73.7764387894259,40.61071653555901],[-73.77601421093662,40.6108373759802],[-73.7757210226182,40.61107471764044],[-73.77474555064646,40.61176741313835],[-73.77371269960072,40.61240999593485],[-73.77262689310331,40.61299971291697],[-73.7714927820418,40.613534037403234],[-73.7703152246311,40.614010679987665],[-73.76909926557941,40.61442759836645],[-73.76908040368667,40.61443296507014],[-73.76905438049633,40.614454026965824],[-73.76812756997352,40.61511203390979],[-73.76714625227092,40.61572243108371],[-73.76611463026019,40.61628260334235],[-73.76503712267676,40.616790150658105],[-73.7639183451781,40.617242898420336],[-73.76276309055132,40.61763890676826],[-73.76157630815533,40.61797647891687],[-73.76036308268613,40.61825416844032],[-73.759128612357,40.61847078548093],[-73.75787818658762,40.618625401857166],[-73.75661716329871,40.6187173550484],[-73.7553509459103,40.618746251039354],[-73.75408496014305,40.6187119660117],[-73.7528246307232,40.618614646875564],[-73.75157535809169,40.61845471063897],[-73.75034249521839,40.61823284261733],[-73.74913132462191,40.617949993491294],[-73.74794703569395,40.61760737522537],[-73.74679470242664,40.6172064558651],[-73.74567926163903,40.616748953235145],[-73.74460549179652,40.61623682756582],[-73.74357799251509,40.61567227307969],[-73.74260116483796,40.6150577085746],[-73.74167919237055,40.614395767043916],[-73.7408160233538,40.61368928437892],[-73.74001535375362,40.61294128720184],[-73.73928061143877,40.61215497988217],[-73.73861494151438,40.61133373079234],[-73.73802119287443,40.610481057861776],[-73.73750190602972,40.60960061349195],[-73.73705930226367,40.60869616889681],[-73.73669527416112,40.60777159793669],[-73.73641137755045,40.60683086051436],[-73.73620882489266,40.60587798560558],[-73.73608848014459,40.60491705399605],[-73.73605085511764,40.60395218079971],[-73.73609610734647,40.60298749783263],[-73.73622403947559,40.602027135918654],[-73.73643410016575,40.60107520720221],[-73.73672538651496,40.60013578754418],[-73.73709664798288,40.599212899075994],[-73.7375462918006,40.59831049298668],[-73.73807238984195,40.59743243261627],[-73.73867268692592,40.59658247692789],[-73.73934461051378,40.59576426442872],[-73.74008528175881,40.59498129760888],[-73.74089152786081,40.59423692796405],[-73.74175989567175,40.59353434166592],[-73.74268666649432,40.59287654594132],[-73.74366787200954,40.592266356218076],[-73.74379566357044,40.59219697872832],[-73.74444765942614,40.59140287716623],[-73.745227198983,40.59057866646763],[-73.74607576230581,40.589795081012],[-73.7469897149641,40.58905547475511],[-73.74796514303577,40.58836301330249],[-73.74888503653318,40.58779084342442],[-73.7493889244793,40.58707707956344],[-73.75014310905678,40.586158313374376],[-73.75097447695507,40.58527911345862],[-73.75187946670117,40.58444324306099],[-73.752854202134,40.583654279825836],[-73.7538945090172,40.582915600505935],[-73.75499593291852,40.582230366531796],[-73.75615375827871,40.58160151050323],[-73.75736302858886,40.58103172366023],[-73.75861856758951,40.580523444386266],[-73.75991500140174,40.58007884779292],[-73.76124678149544,40.57969983643013],[-73.76140394562225,40.57966384248788],[-73.76221518103495,40.57915903415814],[-73.76342715202257,40.578500623870866],[-73.76469298263532,40.577904047646],[-73.76600725460696,40.57737185843618],[-73.76736434279684,40.57690633360277],[-73.76875843923033,40.5765094651905],[-73.77018357791313,40.57618295142114],[-73.77163366031478,40.57592818944256],[-73.77310248141264,40.57574626936358],[-73.77458375618673,40.575637969599995],[-73.77566397395418,40.57561312209909],[-73.77658340537856,40.57486841932399],[-73.77804576884772,40.57382934589303],[-73.77959408058406,40.57286540624747],[-73.78122171226764,40.57198072480782],[-73.78292169704505,40.57117908671547],[-73.78468675931278,40.570463921678915],[-73.786509345804,40.56983828933904],[-73.78838165784732,40.569304866215106],[-73.7902956846606,40.56886593428695],[-73.79224323753901,40.56852337126116],[-73.7942159847929,40.568278642562255],[-73.79620548728816,40.56813279508299],[-73.79820323443904,40.56808645271973],[-73.80020068050192,40.568139813711774],[-73.80218928101708,40.5682926497961],[-73.80416052924515,40.56854430718067],[-73.80610599244464,40.568893709332606],[-73.80801734783786,40.569339361569114],[-73.80988641811369,40.56987935743223],[-73.81170520631751,40.570511386820044],[-73.81346592998092,40.57123274584073],[-73.81516105434724,40.5720403483472],[-73.81678332455218,40.572930739104216],[-73.81832579662307,40.573900108532214],[-73.81978186716556,40.57494430896563],[-73.82114530161104,40.57605887235699],[-73.82232650405867,40.577160889250955],[-73.82282346637875,40.5769263206709],[-73.8233725151876,40.57670363718743],[-73.82393948593672,40.576508808286114],[-73.82452195134326,40.57634266800867],[-73.82511741785356,40.57620592757819],[-73.82572333630972,40.57609917235713],[-73.82633711285318,40.57602285934397],[-73.8269561200187,40.57597731521867],[-73.82757770797159,40.57596273494546],[-73.82819921584007,40.57597918093918],[-73.82881798309498,40.57602658279826],[-73.82943136092757,40.57610473760588],[-73.82980966487571,40.57617258770953],[-73.83000933872685,40.576030543532816],[-73.83043923558924,40.575762590176566],[-73.83089119229295,40.57551664764493],[-73.8313632737142,40.57529376885449]]],[[[-73.8155087969205,40.656626640408405],[-73.81587112448929,40.65589814015401],[-73.81629523029665,40.65518924546722],[-73.81677929672102,40.65450299127681],[-73.81732124962397,40.65384231549133],[-73.817918767254,40.65321004643141],[-73.81856929020617,40.65260889073182],[-73.81927003239458,40.65204142176558],[-73.82001799299044,40.65151006863951],[-73.82080996927446,40.65101710580721],[-73.82164257034864,40.65056464334471],[-73.82251223164863,40.65015461792968],[-73.82341523019466,40.64978878456242],[-73.82434770051607,40.64946870906448],[-73.82530565118158,40.64919576138581],[-73.82628498186449,40.648971109749965],[-73.82728150087097,40.64879571566142],[-73.82829094305593,40.648670329796666],[-73.82930898805128,40.64859548879631],[-73.83033127872834,40.64857151297192],[-73.83135343981654,40.64859850493721],[-73.83237109659902,40.648676349169705],[-73.83337989360597,40.64880471250427],[-73.83437551322619,40.64898304555682],[-73.83535369415796,40.649210585071906],[-73.83631024962072,40.6494863571844],[-73.83724108525034,40.64980918158122],[-73.8381422166019,40.650177676545724],[-73.83900978618529,40.65059026486286],[-73.83984007996153,40.65104518056057],[-73.84062954322931,40.65154047645829],[-73.84137479583399,40.652074032490745],[-73.84207264663422,40.65264356477157],[-73.84272010716448,40.65324663535818],[-73.84331440443485,40.65388066267631],[-73.84385299281331,40.6545429325598],[-73.84433356493948,40.655230609858954],[-73.844754061623,40.655940750567346],[-73.84511268068344,40.656670314416054],[-73.84540788469427,40.65741617788127],[-73.84563840759625,40.658175147549656],[-73.84580326015245,40.65894397378473],[-73.84590173422015,40.659719364635684],[-73.84593340582123,40.660497999929206],[-73.84589813699701,40.66127654548398],[-73.8457960764389,40.662051667387345],[-73.84571436171406,40.66242448037038],[-73.84613817383126,40.66294551893015],[-73.84656658433087,40.66355843968951],[-73.84694144240011,40.6641913833794],[-73.84726114160837,40.66484164016424],[-73.84752431155229,40.66550642600585],[-73.8477298237481,40.6661828945773],[-73.84787679649031,40.66686814944478],[-73.84796459865612,40.66755925646507],[-73.8479793564137,40.66792175424439],[-73.84817462048107,40.66825142118859],[-73.84847875440838,40.66886995459526],[-73.84872911333535,40.66950230892325],[-73.8489246237843,40.67014577668538],[-73.84906444703766,40.67079760273304],[-73.8491479827554,40.67145499604913],[-73.84917487157304,40.67211514169632],[-73.84915511573271,40.672551638646574],[-73.8495633896032,40.67247972093474],[-73.85019997706536,40.67240055128191],[-73.85084200114284,40.67235324782835],[-73.85148671350322,40.67233801306731],[-73.85213135431795,40.67235491221458],[-73.85277316406439,40.672403872929614],[-73.85340939532671,40.6724846856248],[-73.85403732454512,40.67259700436185],[-73.85465426366349,40.67274034833116],[-73.85525757162578,40.67291410390805],[-73.85584466567231,40.67311752727702],[-73.85619915018594,40.67326236124811],[-73.85627352063162,40.673241155478415],[-73.85680590155192,40.67311892026785],[-73.85734764105271,40.673023455012874],[-73.8578964199435,40.67295516839569],[-73.85844988892438,40.6729143527469],[-73.85900567863494,40.67290118279531],[-73.85942731948467,40.67291220876424],[-73.85953060049557,40.67282851897614],[-73.85990453842797,40.672562712786466],[-73.86030050558186,40.67231609535751],[-73.86071680648115,40.67208972252626],[-73.86115165865142,40.6718845634469],[-73.86160320024945,40.67170149644419],[-73.86206949803156,40.67154130525566],[-73.86254855562636,40.671404675678936],[-73.86303832207695,40.67129219263758],[-73.86353670061591,40.67120433767902],[-73.86404155763556,40.67114148691454],[-73.86455073181544,40.67110390941035],[-73.86506204336797,40.67109176603664],[-73.86557330336274,40.67110510877945],[-73.86608232308988,40.67114388051821],[-73.86658692342247,40.67120791527018],[-73.8670849441381,40.67129693890042],[-73.86757425315975,40.67141057029444],[-73.86805275567673,40.6715483229885],[-73.86805674939994,40.67154970628827],[-73.86818214112132,40.67147159376526],[-73.8685260156129,40.67128456665306],[-73.86888521732942,40.67111506313304],[-73.86925820829175,40.67096380891025],[-73.86964339151825,40.67083145155331],[-73.87003911785945,40.670718557723575],[-73.87044369305549,40.670625610750704],[-73.87085538498604,40.670553008564404],[-73.87127243108179,40.67050106199214],[-73.87169304586595,40.670469993428995],[-73.87211542859337,40.67045993588634],[-73.87253777095503,40.67047093242269],[-73.87295826481457,40.6705029359595],[-73.87337510994425,40.67055580948256],[-73.87378652172708,40.67062932662825],[-73.87419073879234,40.67072317265194],[-73.87458603055198,40.670836945774745],[-73.87497070460553,40.67097015890244],[-73.8753431139822,40.67112224170969],[-73.87570166418875,40.6712925430802],[-73.87604482003387,40.671480333892866],[-73.87637111219885,40.67168481014152],[-73.87667914352737,40.67190509637557],[-73.87696759500703,40.67214024944605],[-73.87723523141705,40.672389262541905],[-73.87748090661825,40.672651069498706],[-73.87751899760202,40.672697854161854],[-73.87764407701775,40.67254518204956],[-73.87778686598531,40.672393912988966],[-73.87794234255821,40.67225007808736],[-73.87810984093612,40.67211429321829],[-73.87828864385689,40.67198713978293],[-73.8784779856681,40.67186916222135],[-73.87867705560554,40.67176086568203],[-73.87888500126454,40.671662713859575],[-73.87910093224943,40.67157512700984],[-73.87932392398527,40.67149848015122],[-73.87955302167579,40.67143310145937],[-73.87978724439037,40.671379270862694],[-73.88002558926294,40.67133721884408],[-73.88026703578439,40.671307125454504],[-73.88051055017053,40.671289119542315],[-73.88075508978679,40.67128327820191],[-73.88099960761058,40.67128962644361],[-73.8812430567126,40.67130813708674],[-73.88148439473771,40.671338730875874],[-73.88172258836605,40.67138127682006],[-73.88195661773587,40.671435592753554],[-73.88218548080859,40.67150144611539],[-73.8824081976578,40.67157855494479],[-73.88262381466382,40.67166658908805],[-73.88283140859555,40.67176517161148],[-73.88303009056284,40.671873880415085],[-73.8832190098217,40.67199225003894],[-73.88339735741661,40.672119773655794],[-73.8835643696442,40.67225590524038],[-73.88371933132339,40.67240006190679],[-73.88386157885799,40.672551626403646],[-73.88399050307883,40.67270994975635],[-73.88410555185308,40.67287435404523],[-73.88420623244959,40.67304413530788],[-73.88429211364999,40.67321856655277],[-73.88436282759693,40.6733969008718],[-73.88441807137089,40.673578374638005],[-73.88445760828934,40.673762210775074],[-73.8844812689222,40.673947622084604],[-73.88448895181963,40.67413381461661],[-73.88448062394863,40.674319991069275],[-73.88445632083686,40.67450535420298],[-73.88441614642271,40.67468911025436],[-73.8843602726125,40.67487047233541],[-73.88428893854653,40.67504866380335],[-73.88420244957709,40.67522292158676],[-73.88410117596277,40.675392499453636],[-73.88398555128472,40.675556671207374],[-73.88385607059145,40.67571473379725],[-73.88371328828028,40.67586601032955],[-73.88355781572425,40.676009852967006],[-73.88339031865495,40.67614564570374],[-73.88321151431214,40.676272807003976],[-73.88302216837258,40.67639079229304],[-73.88282309167111,40.67649909629026],[-73.88261513672812,40.676597255173384],[-73.88239919409817,40.6766848485658],[-73.8821761885554,40.67676150133715],[-73.88194707513239,40.67682688521057],[-73.88171283502886,40.67688072016904],[-73.8814744714085,40.67692277565503],[-73.88123300510112,40.676952871558235],[-73.8809894702295,40.6769708789873],[-73.88074490977873,40.676976720821855],[-73.88050037112784,40.67697037204316],[-73.88025690156249,40.67695185984106],[-73.88001554378803,40.67692126349767],[-73.87977733146215,40.676878714047575],[-73.87954328476656,40.6768243937166],[-73.87931440603629,40.67675853514092],[-73.8790916754656,40.67668142037051],[-73.87887604690906,40.67659337966074],[-73.87866844379529,40.676494790057625],[-73.87846975517161,40.67638607378231],[-73.87843244023415,40.67636269268863],[-73.87834192659996,40.67665639478515],[-73.87821868189937,40.67696417350532],[-73.87806925989038,40.67726515622664],[-73.87789430012135,40.677558053995035],[-73.87769455153425,40.67784161246358],[-73.87747086926214,40.67811461726573],[-73.87722421097112,40.67837589921755],[-73.8769556327625,40.67862433932657],[-73.87666628465254,40.67885887358607],[-73.87635740564922,40.67907849753377],[-73.8760303184471,40.679282270555724],[-73.87568642376286,40.67946931991666],[-73.87532719433581,40.67963884449984],[-73.87495416861925,40.67979011823979],[-73.87456894418946,40.67992249323397],[-73.87417317090095,40.6800354025192],[-73.8737685438168,40.68012836250141],[-73.8733567959452,40.68020097502826],[-73.8729396908126,40.68025292909543],[-73.87251901490598,40.680284002179555],[-73.87209657001624,40.68029406119189],[-73.87167416551607,40.68028306304879],[-73.87160986839073,40.68027816953309],[-73.87154418324957,40.68035832334667],[-73.87124555849626,40.68067459648922],[-73.87092039908335,40.680975322719384],[-73.87057009728086,40.6812592140643],[-73.87019615309826,40.68152505463699],[-73.86980016786197,40.681771705846806],[-73.86938383735746,40.681998111278695],[-73.86894894456572,40.68220330122068],[-73.868497352025,40.682386396819965],[-73.86803099385064,40.682546613849695],[-73.86755186744735,40.68268326607013],[-73.86706202494933,40.68279576817021],[-73.86656356442526,40.682883638276486],[-73.866074951182,40.68294446705364],[-73.86605084439907,40.682973878616075],[-73.8657262110918,40.68331763812606],[-73.86537273574604,40.683644497358976],[-73.86499193186458,40.68395305639705],[-73.86458543006496,40.68424199368242],[-73.86415497109765,40.684510071680705],[-73.86370239839104,40.68475614218479],[-73.86322965015538,40.684979151235915],[-73.86273875107912,40.68517814364119],[-73.86223180365361,40.68535226706788],[-73.86171097916339,40.68550077569692],[-73.86117850838049,40.685623033419944],[-73.86063667200307,40.685718516566226],[-73.86008779087916,40.685786816147505],[-73.85953421605792,40.68582763961132],[-73.85897831871073,40.68584081209518],[-73.85842247996595,40.685826277176226],[-73.8578690807007,40.68578409711318],[-73.85755550093405,40.68574428786328],[-73.85745849025281,40.68580469251059],[-73.85693346674698,40.68609010353152],[-73.85638504127145,40.68634876154801],[-73.85581556268276,40.686579558632054],[-73.85522747009547,40.68678150618352],[-73.85462328242846,40.68695373916851],[-73.85400558760813,40.6870955198281],[-73.85337703147434,40.68720624084142],[-73.85274030643743,40.68728542792976],[-73.85209813993438,40.68733274188997],[-73.85145328273455,40.687347980049],[-73.85080849714475,40.68733107713293],[-73.85016654516477,40.68728210554679],[-73.8499956710658,40.68726040176479],[-73.84988097693122,40.6873227391079],[-73.84927577617104,40.687608117567486],[-73.84864734676074,40.68786275118789],[-73.8479983803646,40.688085549233875],[-73.84733165670677,40.68827555732921],[-73.84665003165526,40.688431961549114],[-73.84595642497801,40.68855409191009],[-73.84525380782385,40.68864142524336],[-73.84454518998216,40.688693587438],[-73.84383360697602,40.68871035504552],[-73.84312210704469,40.688691656237985],[-73.84241373807113,40.688637571116075],[-73.8417115345112,40.68854833136553],[-73.84101850438059,40.688424319263724],[-73.84033761635565,40.68826606604016],[-73.83967178704381,40.68807424959848],[-73.83902386847802,40.6878496916094],[-73.83839663588937,40.68759335398756],[-73.83779277581044,40.68730633476664],[-73.8372148745604,40.68698986339151],[-73.83666540716149,40.68664529544691],[-73.83614672673444,40.686274106845715],[-73.83566105441831,40.685877887501576],[-73.8352104698581,40.68545833451352],[-73.83479690230062,40.685017244891185],[-73.8344221223372,40.684556507852804],[-73.83408773432791,40.6840780967282],[-73.83379516954012,40.68358406050215],[-73.83354568003053,40.683076515034344],[-73.8333403332964,40.6825576339933],[-73.83318000771914,40.68202963954376],[-73.83316656384974,40.68196690680414],[-73.83246364017383,40.681841056695596],[-73.83163391499224,40.68164812319604],[-73.83082254707624,40.681414284828364],[-73.83003301208927,40.6811405433453],[-73.82926869204654,40.68082807142943],[-73.82853286081364,40.680478207663384],[-73.82782867007151,40.68009245078873],[-73.82715913580786,40.679672453278314],[-73.82652712539301,40.67922001424995],[-73.82593534529595,40.678737071751456],[-73.825386329493,40.67822569445091],[-73.82488242861898,40.67768807276738],[-73.82442579990723,40.67712650948057],[-73.82401839796125,40.676543409859704],[-73.82366196639781,40.67594127135403],[-73.82335803039648,40.675322672889315],[-73.82317079445566,40.674849300727104],[-73.82298560195633,40.67467678426832],[-73.82245590876452,40.67411158088594],[-73.82197591062466,40.67352120905313],[-73.82154766213277,40.67290819746158],[-73.82117299607472,40.67227517170361],[-73.8208535155958,40.67162484301905],[-73.8205905873568,40.67095999667627],[-73.82038533570592,40.6702834800374],[-73.82023863789055,40.66959819035875],[-73.82023604656492,40.66957772681431],[-73.81996968951438,40.66941058659757],[-73.81922441445418,40.66887689295836],[-73.81852658893118,40.66830722314062],[-73.81787920097837,40.66770401744028],[-73.8172850223439,40.667069859743435],[-73.81674659662986,40.66640746644701],[-73.81626622841338,40.665719674812394],[-73.81584597339595,40.66500943080232],[-73.81548762962291,40.66427977645317],[-73.81519272981062,40.6635338368373],[-73.81496253481339,40.662774806670974],[-73.8147980282576,40.66200593662581],[-73.81469991236582,40.66123051940224],[-73.81466860498766,40.660451875624815],[-73.81470423784985,40.659673339620014],[-73.81480665603222,40.65889824513706],[-73.81497541867084,40.65812991107354],[-73.8152098008853,40.657371627266194],[-73.8155087969205,40.656626640408405]]],[[[-73.88810596269293,40.67212552700155],[-73.8881609921341,40.67201463378425],[-73.88822542920643,40.67190671828915],[-73.88829899794479,40.67180224261154],[-73.88838138328657,40.671701654115274],[-73.88847223242121,40.67160538351731],[-73.88857115630148,40.67151384304376],[-73.88867773130971,40.67142742466487],[-73.88879150107194,40.67134649841699],[-73.88891197841225,40.67127141081829],[-73.88903864743892,40.67120248338534],[-73.88917096575325,40.67114001125661],[-73.88930836677203,40.671084261928975],[-73.88945026215323,40.67103547411266],[-73.88959604431491,40.67099385670921],[-73.8897450890363,40.67095958791729],[-73.8898967581302,40.670932814469786],[-73.89005040217494,40.67091365100565],[-73.89020536329451,40.67090217957933],[-73.89036097797482,40.67089844930924],[-73.89051657990402,40.670902476167676],[-73.89067150282486,40.67091424291243],[-73.89082508338676,40.67093369916053],[-73.89097666398544,40.67096076160395],[-73.8911255955781,40.67099531436626],[-73.8912712404618,40.67103720949867],[-73.89141297500346,40.6710862676133],[-73.89155019230967,40.6711422786512],[-73.89168230482483,40.67120500278159],[-73.89180874684676,40.671274171428465],[-73.89192897694862,40.671349488420496],[-73.89204248029706,40.67143063125883],[-73.89214877085678,40.67151725249783],[-73.89224739347158,40.671608981232446],[-73.89233792581356,40.67170542468626],[-73.89241998019182,40.67180616989296],[-73.89249320521279,40.67191078546444],[-73.89255728728546,40.672018823437774],[-73.8926119519647,40.67212982119311],[-73.89265696512713,40.67224330343452],[-73.89269213397431,40.67235878422491],[-73.89271730785914,40.67247576906685],[-73.89273237893183,40.67259375701982],[-73.8927372826025,40.672712242845215],[-73.89273199781877,40.67283071916985],[-73.8927165471568,40.67294867865853],[-73.89269099672556,40.67306561618655],[-73.8926554558846,40.67318103100282],[-73.89261007677668,40.67329442887432],[-73.89255505367713,40.6734053242025],[-73.8924906221626,40.67351324210301],[-73.89241705810308,40.67361772043942],[-73.89233467648114,40.67371831180238],[-73.89224383004371,40.67381458542587],[-73.89214490779185,40.67390612903201],[-73.89203833331538,40.67399255059697],[-73.89192456297916,40.67407348002987],[-73.8918040839689,40.67414857075806],[-73.89167741220496,40.67421750121139],[-73.89154509013282,40.674279976199756],[-73.89140768440001,40.6743357281773],[-73.89126578342922,40.674384518388486],[-73.89111999489802,40.67442613789081],[-73.89097094313614,40.67446040844968],[-73.8908192664513,40.674487183301984],[-73.89066561439502,40.674506347784686],[-73.89051064498038,40.67451781982597],[-73.89035502186343,40.674521550296895],[-73.89019941150033,40.67451752322168],[-73.8900444802927,40.67450575584629],[-73.88989089173288,40.674486298564474],[-73.88973930356194,40.674459234701935],[-73.88959036495233,40.674424680159376],[-73.889444713727,40.67438278291609],[-73.88930297362757,40.67433372239602],[-73.88916575164252,40.67427770869933],[-73.88903363540751,40.67421498170225],[-73.88890719068837,40.67414581002984],[-73.88878695895812,40.67407048990521],[-73.8886734550779,40.67398934388082],[-73.88856716509218,40.67390271945682],[-73.8884685441473,40.673810987592724],[-73.8883780145426,40.67371454111852],[-73.88829596392215,40.67361379305219],[-73.88822274361522,40.67350917483079],[-73.88815866713215,40.67340113446258],[-73.88810400882242,40.673290134608365],[-73.88805900270047,40.67317665060001],[-73.88802384144424,40.67306116840486],[-73.88799867557094,40.67294418254432],[-73.88798361279332,40.67282619397639],[-73.8879787175593,40.67270770795016],[-73.88798401077692,40.672589231842295],[-73.88799946972568,40.67247127298425],[-73.88802502815487,40.672354336489974],[-73.88806057656807,40.67223892309282],[-73.88810596269293,40.67212552700155]]],[[[-73.89526105036164,40.674208090144404],[-73.89529248996257,40.6741447206555],[-73.89532930575429,40.67408305239643],[-73.89537134007428,40.67402334943517],[-73.89541841291535,40.673965867423334],[-73.89547032269654,40.67391085250176],[-73.89552684712658,40.67385854024644],[-73.89558774415575,40.67380915465994],[-73.89565275301251,40.673762907212236],[-73.89572159532017,40.673719995935315],[-73.89579397628886,40.6736806045753],[-73.89586958597792,40.673644901805744],[-73.89594810062292,40.67361304050537],[-73.89602918402197,40.67358515710363],[-73.89611248897519,40.67356137099649],[-73.89619765877134,40.673541784035336],[-73.89628432871501,40.67352648009084],[-73.89637212768811,40.67351552469386],[-73.89646067973874,40.67350896475501],[-73.89654960569077,40.67350682836364],[-73.8966385247673,40.67350912466771],[-73.89672705622088,40.673515843834494],[-73.89681482096356,40.67352695709287],[-73.89690144319,40.67354241685624],[-73.8969865519864,40.673562156926586],[-73.8970697829185,40.673586092777576],[-73.89715077959201,40.67361412191664],[-73.89722919517831,40.67364612432374],[-73.89730469389967,40.67368196296525],[-73.89737695246674,40.67372148438059],[-73.89744566146292,40.673764519339336],[-73.89751052666915,40.67381088356572],[-73.89757127032377,40.673860378527706],[-73.89762763231191,40.67391279228693],[-73.8976793712794,40.6739679004062],[-73.89772626566632,40.674025466910386],[-73.89776811465583,40.67408524529689],[-73.89780473903426,40.67414697959105],[-73.89783598195869,40.67421040544211],[-73.8978617096288,40.67427525125523],[-73.89788181185997,40.67434123935446],[-73.89789620255553,40.67440808717149],[-73.89790482007547,40.67447550845591],[-73.89790762750091,40.674543214500666],[-73.89790461279233,40.67461091537854],[-73.89789578884154,40.67467832118348],[-73.89788119341665,40.67474514327219],[-73.8978608890008,40.674811095500054],[-73.89783496252474,40.67487589544655],[-73.89780352499491,40.674939265624616],[-73.89776671101836,40.675000934669036],[-73.89772467822657,40.6750606384984],[-73.89767760660057,40.6751181214462],[-73.8976256977005,40.675173137355635],[-73.89756917380261,40.675225450633796],[-73.89750827694748,40.67527483726064],[-73.89744326790367,40.67532108574836],[-73.89737442505108,40.67536399804715],[-73.89730204318889,40.67540339039347],[-73.89722643227307,40.675439094096824],[-73.89714791608904,40.67547095626255],[-73.89706683086503,40.67549884044639],[-73.89698352383209,40.67552262723898],[-73.89689835173711,40.67554221477722],[-73.89681167931478,40.67555751918054],[-73.89672387772565,40.67556847491024],[-73.89663532296638,40.675575035050045],[-73.89654639425939,40.67557717150714],[-73.89645747242875,40.67557487513245],[-73.89636893826906,40.67556815575987],[-73.89628117091453,40.675557042164115],[-73.89619454621521,40.67554158193748],[-73.89610943512723,40.67552184128597],[-73.896026202124,40.675497904745825],[-73.89594520363534,40.67546987482144],[-73.89586678652083,40.6754378715462],[-73.89579128658443,40.67540203196873],[-73.8957190271362,40.67536250956553],[-73.89565031760787,40.675319473583926],[-73.89558545222762,40.67527310831722],[-73.89552470876005,40.675223612315214],[-73.89546834731684,40.67517119753411],[-73.89541660924283,40.67511608842854],[-73.89536971608267,40.675058520990554],[-73.8953278686322,40.67499874173869],[-73.89529124607876,40.67493700666247],[-73.89526000523402,40.67487358012594],[-73.89523427986276,40.67480873373573],[-73.89521418011022,40.674742745177674],[-73.89519979203071,40.67467589702789],[-73.89519117721942,40.67460847554255],[-73.89518837254893,40.67454076943205],[-73.8951913900116,40.67447306862483],[-73.89520021666853,40.674405663025674],[-73.89521481470524,40.67433884127434],[-73.89523512159397,40.67427288950973],[-73.89526105036164,40.674208090144404]]],[[[-73.90370716862631,40.677916733217394],[-73.90374646027144,40.67783751850573],[-73.90379247277676,40.67776042983329],[-73.90384500909144,40.67768579729775],[-73.90390384423164,40.677613940478395],[-73.90396872624402,40.67754516706775],[-73.90403937728503,40.67747977155423],[-73.90411549481074,40.67741803396122],[-73.90419675287247,40.67736021864814],[-73.90428280351257,40.67730657317861],[-73.90437327825447,40.67725732726053],[-73.90446778968037,40.677212691762584],[-73.90456593309014,40.67717285781152],[-73.90466728823402,40.67713799597365],[-73.90477142111206,40.67710825552503],[-73.90487788583212,40.67708376381181],[-73.90498622651893,40.67706462570558],[-73.9050959792659,40.67705092315398],[-73.90520667412112,40.67704271483016],[-73.90531783709939,40.67704003588135],[-73.90542899221138,40.6770428977786],[-73.90553966350143,40.67705128826754],[-73.90564937708523,40.67706517142085],[-73.9057576631785,40.6770844877921],[-73.9058640581084,40.67710915467031],[-73.90596810629847,40.677139066433874],[-73.90606936221914,40.677174095003004],[-73.9061673922952,40.67721409038781],[-73.90626177676216,40.67725888133064],[-73.90635211146342,40.67730827603916],[-73.90643800958073,40.67736206300754],[-73.90651910329053,40.67742001192202],[-73.90659504533886,40.67748187464681],[-73.90666551052833,40.677547386286705],[-73.90673019711073,40.67761626632102],[-73.90678882807923,40.67768821980475],[-73.90684115235474,40.67776293863142],[-73.90688694586125,40.67784010285217],[-73.90692601248566,40.67791938204585],[-73.90695818491783,40.67800043673364],[-73.90698332536743,40.6780829198327],[-73.90700132615437,40.678166478142316],[-73.9070121101703,40.67825075385634],[-73.90701563120926,40.67833538609524],[-73.90701187416597,40.678420012451454],[-73.90700085510112,40.67850427054119],[-73.90698262117287,40.67858779955634],[-73.90695725043552,40.67867024180945],[-73.9069248515057,40.6787512442655],[-73.90688556309762,40.67883046005369],[-73.90683955342949,40.67890754995296],[-73.9067870195036,40.678982183844695],[-73.90672818626294,40.67905404212637],[-73.90666330562831,40.67912281708042],[-73.9065926554197,40.67918821419204],[-73.90651653816681,40.679249953410505],[-73.90643527981366,40.67930777034859],[-73.90634922832285,40.67936141741485],[-73.90625875218554,40.679410664874084],[-73.90616423884339,40.6794553018312],[-73.90606609302932,40.67949513713455],[-73.9059647350342,40.67953000019461],[-73.90586059890683,40.6795597417145],[-73.90575413059493,40.67958423432965],[-73.90564578603518,40.67960337315309],[-73.90553602920046,40.67961707622487],[-73.90542533011264,40.679625284863015],[-73.90531416282931,40.67962796391481],[-73.9052030034135,40.67962510190751],[-73.90509232789448,40.67961671109739],[-73.90498261022896,40.6796028274172],[-73.90487432027098,40.679583510322445],[-73.90476792175957,40.67955884253643],[-73.90466387033246,40.67952892969633],[-73.9045626115746,40.67949389990036],[-73.90446457910974,40.67945390315936],[-73.90437019274326,40.679409110754236],[-73.90427985666426,40.679359714502304],[-73.90419395771453,40.679305925935815],[-73.90411286373191,40.679247975395874],[-73.904036921975,40.67918611104608],[-73.90396645763624,40.679120597809465],[-73.90390177244926,40.679051716234],[-73.90384314339701,40.67897976129106],[-73.9037908215258,40.67890504111214],[-73.90374503087051,40.67882787566916],[-73.90370596749544,40.678748595404244],[-73.90367379865513,40.67866753981453],[-73.90364866207847,40.67858505599827],[-73.90363066537927,40.67850149716845],[-73.90361988559594,40.67841722114011],[-73.90361636886203,40.67833258879821],[-73.90362013020913,40.67824796255205],[-73.90363115350296,40.6781637047835],[-73.90364939151296,40.67808017629524],[-73.90367476611499,40.67799773476563],[-73.90370716862631,40.677916733217394]]]]},"properties":{"boro_cd":"414","borough":"QN","name":"Rockaway","origin_lat":40.59137800180938,"origin_lon":-73.79813284864925,"max_minutes":45.0,"departure":"2026-09-01T08:00:00","reachable_stops":29}}]}